State,District,Market,Commodity Group,Commodity,Variety,Grade,Min Price,Max Price,Modal Price,Price Unit,Price Date
Rajasthan,Jaipur,Bagru APMC,Cereals,Wheat,Other,Local,"2,300.00","2,400.00","2,350.00",Rs./Quintal,8/6/2026
Rajasthan,Jaipur,Bagru APMC,Cereals,Wheat,Other,Local,"2,300.00","2,400.00","2,350.00",Rs./Quintal,7/6/2026
Rajasthan,Jaipur,Bagru APMC,Cereals,Wheat,Other,Local,"2,300.00","2,400.00","2,350.00",Rs./Quintal,4/6/2026
Rajasthan,Jaipur,Bagru APMC,Cereals,Wheat,Other,Local,"2,300.00","2,500.00","2,400.00",Rs./Quintal,27-05-2026
Rajasthan,Jaipur,Bagru APMC,Cereals,Wheat,Other,Local,"2,300.00","2,400.00","2,350.00",Rs./Quintal,14-05-2026
Rajasthan,Jaipur,Bagru APMC,Cereals,Wheat,Other,Local,"2,300.00","2,400.00","2,350.00",Rs./Quintal,13-05-2026
Rajasthan,Jaipur,Bagru APMC,Cereals,Wheat,Other,Local,"2,300.00","2,500.00","2,400.00",Rs./Quintal,8/5/2026
Rajasthan,Jaipur,Bagru APMC,Cereals,Wheat,Other,Local,"2,300.00","2,500.00","2,400.00",Rs./Quintal,7/5/2026
Rajasthan,Jaipur,Bagru APMC,Cereals,Wheat,Other,Local,"2,300.00","2,500.00","2,400.00",Rs./Quintal,4/5/2026
Rajasthan,Jaipur,Bagru APMC,Cereals,Wheat,Other,Local,"2,300.00","2,400.00","2,350.00",Rs./Quintal,3/5/2026
Rajasthan,Jaipur,Bagru APMC,Cereals,Wheat,Other,Local,"2,300.00","2,400.00","2,350.00",Rs./Quintal,27-04-2026
Rajasthan,Jaipur,Bagru APMC,Cereals,Wheat,Other,Local,"2,200.00","2,400.00","2,300.00",Rs./Quintal,26-04-2026
Rajasthan,Jaipur,Bagru APMC,Cereals,Wheat,Other,Local,"2,200.00","2,400.00","2,300.00",Rs./Quintal,23-04-2026
Rajasthan,Jaipur,Bagru APMC,Cereals,Wheat,Other,Local,"2,200.00","2,400.00","2,300.00",Rs./Quintal,22-04-2026
Rajasthan,Jaipur,Bagru APMC,Cereals,Wheat,Other,Local,"2,200.00","2,400.00","2,300.00",Rs./Quintal,9/4/2026
Rajasthan,Jaipur,Bagru APMC,Cereals,Wheat,Other,Local,"2,200.00","2,400.00","2,300.00",Rs./Quintal,5/4/2026
Rajasthan,Jaipur,Bagru APMC,Cereals,Wheat,Other,Local,"2,200.00","2,400.00","2,300.00",Rs./Quintal,29-03-2026
Rajasthan,Jaipur,Bagru APMC,Cereals,Wheat,Other,Local,"2,300.00","2,500.00","2,400.00",Rs./Quintal,25-03-2026
Rajasthan,Jaipur,Bagru APMC,Cereals,Wheat,Other,Local,"2,340.00","2,400.00","2,370.00",Rs./Quintal,13-03-2026
Rajasthan,Jaipur,Bagru APMC,Cereals,Wheat,Other,Local,"2,340.00","2,400.00","2,370.00",Rs./Quintal,12/3/2026
Rajasthan,Jaipur,Bagru APMC,Cereals,Wheat,Other,Local,"2,200.00","2,400.00","2,300.00",Rs./Quintal,11/3/2026
Rajasthan,Jaipur,Bagru APMC,Cereals,Wheat,Other,Local,"2,300.00","2,500.00","2,400.00",Rs./Quintal,10/3/2026
Rajasthan,Jaipur,Bagru APMC,Cereals,Wheat,Other,Local,"2,300.00","2,500.00","2,400.00",Rs./Quintal,9/3/2026
Rajasthan,Jaipur,Bagru APMC,Cereals,Wheat,Other,Local,"2,500.00","2,700.00","2,600.00",Rs./Quintal,25-02-2026
Rajasthan,Jaipur,Bagru APMC,Cereals,Wheat,Other,Local,"2,500.00","2,700.00","2,600.00",Rs./Quintal,22-02-2026
Rajasthan,Jaipur,Bagru APMC,Cereals,Wheat,Other,Local,"2,500.00","2,500.00","2,500.00",Rs./Quintal,20-02-2026
Rajasthan,Jaipur,Bagru APMC,Cereals,Wheat,Other,Local,"2,500.00","2,500.00","2,500.00",Rs./Quintal,19-02-2026
Rajasthan,Jaipur,Bagru APMC,Cereals,Wheat,Other,FAQ,"2,500.00","2,600.00","2,550.00",Rs./Quintal,4/2/2026
Rajasthan,Jaipur,Bagru APMC,Cereals,Wheat,Other,FAQ,"2,500.00","2,700.00","2,600.00",Rs./Quintal,21-01-2026
Rajasthan,Jaipur,Bagru APMC,Cereals,Wheat,Other,FAQ,"2,400.00","2,500.00","2,450.00",Rs./Quintal,15-01-2026
Rajasthan,Jaipur,Bagru APMC,Cereals,Wheat,Other,Local,"2,500.00","2,600.00","2,550.00",Rs./Quintal,31-12-2025
Rajasthan,Jaipur,Bagru APMC,Cereals,Wheat,Other,Local,"2,400.00","2,600.00","2,500.00",Rs./Quintal,21-12-2025
Rajasthan,Jaipur,Bagru APMC,Cereals,Wheat,Other,Local,"2,400.00","2,600.00","2,500.00",Rs./Quintal,18-12-2025
Rajasthan,Jaipur,Bagru APMC,Cereals,Wheat,Other,Local,"2,400.00","2,600.00","2,500.00",Rs./Quintal,17-12-2025
Rajasthan,Jaipur,Bagru APMC,Cereals,Wheat,Other,FAQ,"2,400.00","2,600.00","2,500.00",Rs./Quintal,15-12-2025
Rajasthan,Jaipur,Bagru APMC,Cereals,Wheat,Other,FAQ,"2,400.00","2,600.00","2,500.00",Rs./Quintal,14-12-2025
Rajasthan,Jaipur,Bagru APMC,Cereals,Wheat,Other,Local,"2,400.00","2,500.00","2,450.00",Rs./Quintal,11/12/2025
Rajasthan,Jaipur,Bagru APMC,Cereals,Wheat,Other,FAQ,"2,400.00","2,600.00","2,500.00",Rs./Quintal,10/12/2025
Rajasthan,Jaipur,Bagru APMC,Cereals,Wheat,Other,FAQ,"2,400.00","2,500.00","2,450.00",Rs./Quintal,8/12/2025
Rajasthan,Jaipur,Bagru APMC,Cereals,Wheat,Other,Local,"2,500.00","2,500.00","2,500.00",Rs./Quintal,1/12/2025
Rajasthan,Jaipur,Bagru APMC,Cereals,Wheat,Other,FAQ,"2,500.00","2,600.00","2,550.00",Rs./Quintal,30-11-2025
Rajasthan,Jaipur,Bagru APMC,Cereals,Wheat,Other,Local,"2,400.00","2,550.00","2,475.00",Rs./Quintal,28-11-2025
Rajasthan,Jaipur,Bagru APMC,Cereals,Wheat,Other,FAQ,"2,400.00","2,600.00","2,500.00",Rs./Quintal,27-11-2025
Rajasthan,Jaipur,Bagru APMC,Cereals,Wheat,Other,FAQ,"2,400.00","2,600.00","2,500.00",Rs./Quintal,24-11-2025
Rajasthan,Jaipur,Bagru APMC,Cereals,Wheat,Other,FAQ,"2,400.00","2,600.00","2,500.00",Rs./Quintal,23-11-2025
Rajasthan,Jaipur,Bagru APMC,Cereals,Wheat,Other,FAQ,"2,500.00","2,600.00","2,550.00",Rs./Quintal,21-11-2025
Rajasthan,Jaipur,Bagru APMC,Cereals,Wheat,Other,Local,"2,400.00","2,500.00","2,450.00",Rs./Quintal,17-11-2025
Rajasthan,Jaipur,Bagru APMC,Cereals,Wheat,Other,FAQ,"2,400.00","2,500.00","2,450.00",Rs./Quintal,16-11-2025
Rajasthan,Jaipur,Bagru APMC,Cereals,Wheat,Other,FAQ,"2,400.00","2,500.00","2,450.00",Rs./Quintal,15-11-2025
Rajasthan,Jaipur,Bagru APMC,Cereals,Wheat,Other,Local,"2,400.00","2,500.00","2,450.00",Rs./Quintal,13-11-2025
Rajasthan,Jaipur,Bagru APMC,Cereals,Wheat,Other,Local,"2,400.00","2,500.00","2,450.00",Rs./Quintal,10/11/2025
Rajasthan,Jaipur,Bassi APMC,Cereals,Wheat,Other,Local,"2,275.00","2,500.00","2,387.00",Rs./Quintal,11/6/2026
Rajasthan,Jaipur,Bassi APMC,Cereals,Wheat,Other,Local,"2,250.00","2,506.00","2,378.00",Rs./Quintal,10/6/2026
Rajasthan,Jaipur,Bassi APMC,Cereals,Wheat,Other,Local,"2,245.00","2,490.00","2,367.00",Rs./Quintal,9/6/2026
Rajasthan,Jaipur,Bassi APMC,Cereals,Wheat,Other,Local,"2,250.00","2,456.00","2,353.00",Rs./Quintal,8/6/2026
Rajasthan,Jaipur,Bassi APMC,Cereals,Wheat,Other,Local,"2,036.00","2,475.00","2,255.00",Rs./Quintal,5/6/2026
Rajasthan,Jaipur,Bassi APMC,Cereals,Wheat,Other,Local,"2,321.00","2,500.00","2,410.00",Rs./Quintal,4/6/2026
Rajasthan,Jaipur,Bassi APMC,Cereals,Wheat,Other,Local,"2,273.00","2,450.00","2,361.00",Rs./Quintal,3/6/2026
Rajasthan,Jaipur,Bassi APMC,Cereals,Wheat,Other,Local,"2,200.00","2,402.00","2,301.00",Rs./Quintal,2/6/2026
Rajasthan,Jaipur,Bassi APMC,Cereals,Wheat,Other,Local,"2,300.00","2,456.00","2,378.00",Rs./Quintal,1/6/2026
Rajasthan,Jaipur,Bassi APMC,Cereals,Wheat,Other,Local,"2,258.00","2,450.00","2,354.00",Rs./Quintal,30-05-2026
Rajasthan,Jaipur,Bassi APMC,Cereals,Wheat,Other,Local,"2,318.00","2,475.00","2,396.00",Rs./Quintal,29-05-2026
Rajasthan,Jaipur,Bassi APMC,Cereals,Wheat,Other,Local,"2,230.00","2,504.00","2,367.00",Rs./Quintal,28-05-2026
Rajasthan,Jaipur,Bassi APMC,Cereals,Wheat,Other,Local,"2,176.00","2,600.00","2,388.00",Rs./Quintal,27-05-2026
Rajasthan,Jaipur,Bassi APMC,Cereals,Wheat,Other,Local,"2,250.00","2,391.00","2,320.00",Rs./Quintal,26-05-2026
Rajasthan,Jaipur,Bassi APMC,Cereals,Wheat,Other,Local,"2,295.00","2,530.00","2,412.00",Rs./Quintal,25-05-2026
Rajasthan,Jaipur,Bassi APMC,Cereals,Wheat,Other,Local,"2,251.00","2,435.00","2,343.00",Rs./Quintal,22-05-2026
Rajasthan,Jaipur,Bassi APMC,Cereals,Wheat,Other,Local,"2,237.00","2,650.00","2,443.00",Rs./Quintal,21-05-2026
Rajasthan,Jaipur,Bassi APMC,Cereals,Wheat,Other,Local,"2,176.00","2,625.00","2,400.00",Rs./Quintal,20-05-2026
Rajasthan,Jaipur,Bassi APMC,Cereals,Wheat,Other,Local,"2,296.00","2,566.00","2,431.00",Rs./Quintal,19-05-2026
Rajasthan,Jaipur,Bassi APMC,Cereals,Wheat,Other,Local,"2,300.00","2,500.00","2,400.00",Rs./Quintal,18-05-2026
Rajasthan,Jaipur,Bassi APMC,Cereals,Wheat,Other,Local,"2,250.00","2,650.00","2,450.00",Rs./Quintal,16-05-2026
Rajasthan,Jaipur,Bassi APMC,Cereals,Wheat,Other,Local,"2,251.00","2,521.00","2,386.00",Rs./Quintal,15-05-2026
Rajasthan,Jaipur,Bassi APMC,Cereals,Wheat,Other,Local,"2,170.00","2,603.00","2,386.00",Rs./Quintal,14-05-2026
Rajasthan,Jaipur,Bassi APMC,Cereals,Wheat,Other,Local,"2,200.00","2,423.00","2,311.00",Rs./Quintal,13-05-2026
Rajasthan,Jaipur,Bassi APMC,Cereals,Wheat,Other,Local,"2,167.00","2,550.00","2,358.00",Rs./Quintal,12/5/2026
Rajasthan,Jaipur,Bassi APMC,Cereals,Wheat,Other,Local,"2,250.00","2,565.00","2,407.00",Rs./Quintal,11/5/2026
Rajasthan,Jaipur,Bassi APMC,Cereals,Wheat,Other,Local,"2,321.00","2,640.00","2,480.00",Rs./Quintal,9/5/2026
Rajasthan,Jaipur,Bassi APMC,Cereals,Wheat,Other,Local,"2,350.00","2,690.00","2,520.00",Rs./Quintal,8/5/2026
Rajasthan,Jaipur,Bassi APMC,Cereals,Wheat,Other,Local,"2,300.00","2,565.00","2,432.00",Rs./Quintal,7/5/2026
Rajasthan,Jaipur,Bassi APMC,Cereals,Wheat,Other,Local,"2,307.00","2,550.00","2,428.00",Rs./Quintal,6/5/2026
Rajasthan,Jaipur,Bassi APMC,Cereals,Wheat,Other,Local,"2,050.00","2,640.00","2,345.00",Rs./Quintal,5/5/2026
Rajasthan,Jaipur,Bassi APMC,Cereals,Wheat,Other,Local,"2,320.00","2,600.00","2,460.00",Rs./Quintal,4/5/2026
Rajasthan,Jaipur,Bassi APMC,Cereals,Wheat,Other,Local,"2,296.00","2,410.00","2,353.00",Rs./Quintal,2/5/2026
Rajasthan,Jaipur,Bassi APMC,Cereals,Wheat,Other,Local,"2,240.00","2,373.00","2,306.00",Rs./Quintal,1/5/2026
Rajasthan,Jaipur,Bassi APMC,Cereals,Wheat,Other,Local,"2,305.00","2,515.00","2,410.00",Rs./Quintal,30-04-2026
Rajasthan,Jaipur,Bassi APMC,Cereals,Wheat,Other,Local,"2,245.00","2,476.00","2,360.00",Rs./Quintal,29-04-2026
Rajasthan,Jaipur,Bassi APMC,Cereals,Wheat,Other,Local,"2,200.00","2,495.00","2,347.00",Rs./Quintal,28-04-2026
Rajasthan,Jaipur,Bassi APMC,Cereals,Wheat,Other,Local,"2,000.00","2,481.00","2,240.00",Rs./Quintal,27-04-2026
Rajasthan,Jaipur,Bassi APMC,Cereals,Wheat,Other,Local,"2,216.00","2,450.00","2,333.00",Rs./Quintal,25-04-2026
Rajasthan,Jaipur,Bassi APMC,Cereals,Wheat,Other,Local,"2,304.00","2,610.00","2,457.00",Rs./Quintal,24-04-2026
Rajasthan,Jaipur,Bassi APMC,Cereals,Wheat,Other,Local,"2,170.00","2,500.00","2,335.00",Rs./Quintal,23-04-2026
Rajasthan,Jaipur,Bassi APMC,Cereals,Wheat,Other,Local,"2,240.00","2,402.00","2,321.00",Rs./Quintal,21-04-2026
Rajasthan,Jaipur,Bassi APMC,Cereals,Wheat,Other,Local,"2,160.00","2,400.00","2,280.00",Rs./Quintal,20-04-2026
Rajasthan,Jaipur,Bassi APMC,Cereals,Wheat,Other,Local,"2,080.00","2,560.00","2,320.00",Rs./Quintal,18-04-2026
Rajasthan,Jaipur,Bassi APMC,Cereals,Wheat,Other,Local,"2,100.00","2,620.00","2,360.00",Rs./Quintal,17-04-2026
Rajasthan,Jaipur,Bassi APMC,Cereals,Wheat,Other,Local,"2,159.00","2,620.00","2,389.00",Rs./Quintal,15-04-2026
Rajasthan,Jaipur,Bassi APMC,Cereals,Wheat,Other,Local,"2,170.00","2,800.00","2,485.00",Rs./Quintal,13-04-2026
Rajasthan,Jaipur,Bassi APMC,Cereals,Wheat,Other,Local,"2,135.00","2,500.00","2,317.00",Rs./Quintal,11/4/2026
Rajasthan,Jaipur,Bassi APMC,Cereals,Wheat,Other,Local,"2,141.00","5,211.00","2,326.00",Rs./Quintal,10/4/2026
Rajasthan,Jaipur,Bassi APMC,Cereals,Wheat,Other,Local,"2,090.00","2,400.00","2,245.00",Rs./Quintal,9/4/2026
Rajasthan,Jaipur,Bassi APMC,Cereals,Wheat,Other,Local,"1,990.00","2,405.00","2,197.00",Rs./Quintal,7/4/2026
Rajasthan,Jaipur,Bassi APMC,Cereals,Wheat,Other,Local,"2,150.00","2,525.00","2,337.00",Rs./Quintal,4/4/2026
Rajasthan,Jaipur,Bassi APMC,Cereals,Wheat,Other,Local,"2,168.00","2,475.00","2,321.00",Rs./Quintal,3/4/2026
Rajasthan,Jaipur,Bassi APMC,Cereals,Wheat,Other,Local,"2,000.00","2,500.00","2,250.00",Rs./Quintal,2/4/2026
Rajasthan,Jaipur,Bassi APMC,Cereals,Wheat,Other,Local,"2,100.00","2,432.00","2,266.00",Rs./Quintal,30-03-2026
Rajasthan,Jaipur,Bassi APMC,Cereals,Wheat,Other,Local,"2,000.00","2,403.00","2,201.00",Rs./Quintal,27-03-2026
Rajasthan,Jaipur,Bassi APMC,Cereals,Wheat,Other,Local,"2,000.00","2,276.00","2,138.00",Rs./Quintal,26-03-2026
Rajasthan,Jaipur,Bassi APMC,Cereals,Wheat,Other,Local,"2,200.00","2,374.00","2,287.00",Rs./Quintal,25-03-2026
Rajasthan,Jaipur,Bassi APMC,Cereals,Wheat,Other,Local,"2,234.00","2,371.00","2,302.00",Rs./Quintal,24-03-2026
Rajasthan,Jaipur,Bassi APMC,Cereals,Wheat,Other,Local,"2,100.00","2,300.00","2,200.00",Rs./Quintal,19-03-2026
Rajasthan,Jaipur,Bassi APMC,Cereals,Wheat,Other,Local,"1,971.00","2,258.00","2,114.00",Rs./Quintal,18-03-2026
Rajasthan,Jaipur,Bassi APMC,Cereals,Wheat,Other,Local,"2,260.00","2,300.00","2,280.00",Rs./Quintal,17-03-2026
Rajasthan,Jaipur,Bassi APMC,Cereals,Wheat,Other,Local,"2,100.00","2,273.00","2,186.00",Rs./Quintal,16-03-2026
Rajasthan,Jaipur,Bassi APMC,Cereals,Wheat,Other,Local,"2,241.00","2,286.00","2,263.00",Rs./Quintal,14-03-2026
Rajasthan,Jaipur,Bassi APMC,Cereals,Wheat,Other,Local,"2,241.00","2,340.00","2,290.00",Rs./Quintal,12/3/2026
Rajasthan,Jaipur,Bassi APMC,Cereals,Wheat,Other,Local,"2,220.00","2,360.00","2,290.00",Rs./Quintal,11/3/2026
Rajasthan,Jaipur,Bassi APMC,Cereals,Wheat,Other,Local,"2,151.00","2,317.00","2,234.00",Rs./Quintal,10/3/2026
Rajasthan,Jaipur,Bassi APMC,Cereals,Wheat,Other,Local,"2,207.00","2,300.00","2,253.00",Rs./Quintal,9/3/2026
Rajasthan,Jaipur,Bassi APMC,Cereals,Wheat,Other,Local,"2,220.00","2,301.00","2,260.00",Rs./Quintal,7/3/2026
Rajasthan,Jaipur,Bassi APMC,Cereals,Wheat,Other,Local,"2,250.00","2,325.00","2,287.00",Rs./Quintal,4/3/2026
Rajasthan,Jaipur,Bassi APMC,Cereals,Wheat,Other,Local,"1,811.00","2,460.00","2,135.00",Rs./Quintal,28-02-2026
Rajasthan,Jaipur,Bassi APMC,Cereals,Wheat,Other,Local,"2,000.00","2,404.00","2,202.00",Rs./Quintal,27-02-2026
Rajasthan,Jaipur,Bassi APMC,Cereals,Wheat,Other,Local,"2,151.00","2,433.00","2,292.00",Rs./Quintal,26-02-2026
Rajasthan,Jaipur,Bassi APMC,Cereals,Wheat,Other,Local,"2,310.00","2,433.00","2,371.00",Rs./Quintal,25-02-2026
Rajasthan,Jaipur,Bassi APMC,Cereals,Wheat,Other,Local,"2,340.00","2,440.00","2,395.00",Rs./Quintal,24-02-2026
Rajasthan,Jaipur,Bassi APMC,Cereals,Wheat,Other,Local,"2,410.00","2,450.00","2,430.00",Rs./Quintal,23-02-2026
Rajasthan,Jaipur,Bassi APMC,Cereals,Wheat,Other,Local,"2,420.00","2,450.00","2,435.00",Rs./Quintal,21-02-2026
Rajasthan,Jaipur,Bassi APMC,Cereals,Wheat,Other,Local,"2,364.00","2,376.00","2,370.00",Rs./Quintal,20-02-2026
Rajasthan,Jaipur,Bassi APMC,Cereals,Wheat,Other,Local,"2,411.00","2,418.00","2,414.00",Rs./Quintal,19-02-2026
Rajasthan,Jaipur,Bassi APMC,Cereals,Wheat,Other,Local,"2,250.00","2,481.00","2,365.00",Rs./Quintal,18-02-2026
Rajasthan,Jaipur,Bassi APMC,Cereals,Wheat,Other,Local,"2,400.00","2,491.00","2,455.00",Rs./Quintal,17-02-2026
Rajasthan,Jaipur,Bassi APMC,Cereals,Wheat,Other,Local,"2,391.00","2,436.00","2,416.00",Rs./Quintal,16-02-2026
Rajasthan,Jaipur,Bassi APMC,Cereals,Wheat,Other,Local,"2,350.00","2,479.00","2,414.00",Rs./Quintal,14-02-2026
Rajasthan,Jaipur,Bassi APMC,Cereals,Wheat,Other,Local,"2,436.00","2,485.00","2,460.00",Rs./Quintal,13-02-2026
Rajasthan,Jaipur,Bassi APMC,Cereals,Wheat,Other,Local,"2,390.00","2,500.00","2,445.00",Rs./Quintal,12/2/2026
Rajasthan,Jaipur,Bassi APMC,Cereals,Wheat,Other,Local,"2,285.00","2,510.00","2,397.00",Rs./Quintal,11/2/2026
Rajasthan,Jaipur,Bassi APMC,Cereals,Wheat,Other,Local,"2,350.00","2,515.00","2,432.00",Rs./Quintal,10/2/2026
Rajasthan,Jaipur,Bassi APMC,Cereals,Wheat,Other,Local,"2,480.00","2,525.00","2,502.00",Rs./Quintal,9/2/2026
Rajasthan,Jaipur,Bassi APMC,Cereals,Wheat,Other,Local,"2,474.00","2,536.00","2,505.00",Rs./Quintal,7/2/2026
Rajasthan,Jaipur,Bassi APMC,Cereals,Wheat,Other,Local,"2,463.00","2,537.00","2,500.00",Rs./Quintal,6/2/2026
Rajasthan,Jaipur,Bassi APMC,Cereals,Wheat,Other,Local,"2,520.00","2,546.00","2,533.00",Rs./Quintal,5/2/2026
Rajasthan,Jaipur,Bassi APMC,Cereals,Wheat,Other,Local,"2,531.00","2,588.00","2,559.00",Rs./Quintal,4/2/2026
Rajasthan,Jaipur,Bassi APMC,Cereals,Wheat,Other,Local,"2,520.00","2,582.00","2,551.00",Rs./Quintal,3/2/2026
Rajasthan,Jaipur,Bassi APMC,Cereals,Wheat,Other,Local,"2,466.00","2,560.00","2,513.00",Rs./Quintal,2/2/2026
Rajasthan,Jaipur,Bassi APMC,Cereals,Wheat,Other,Local,"2,470.00","2,555.00","2,512.00",Rs./Quintal,31-01-2026
Rajasthan,Jaipur,Bassi APMC,Cereals,Wheat,Other,Local,"2,493.00","2,610.00","2,551.00",Rs./Quintal,30-01-2026
Rajasthan,Jaipur,Bassi APMC,Cereals,Wheat,Other,Local,"2,535.00","2,580.00","2,557.00",Rs./Quintal,29-01-2026
Rajasthan,Jaipur,Bassi APMC,Cereals,Wheat,Other,Local,"2,450.00","2,575.00","2,512.00",Rs./Quintal,28-01-2026
Rajasthan,Jaipur,Bassi APMC,Cereals,Wheat,Other,Local,"2,464.00","2,464.00","2,464.00",Rs./Quintal,27-01-2026
Rajasthan,Jaipur,Bassi APMC,Cereals,Wheat,Other,Local,"2,568.00","2,570.00","2,569.00",Rs./Quintal,23-01-2026
Rajasthan,Jaipur,Bassi APMC,Cereals,Wheat,Other,Local,"2,415.00","2,602.00","2,508.00",Rs./Quintal,22-01-2026
Rajasthan,Jaipur,Bassi APMC,Cereals,Wheat,Other,Local,"2,271.00","2,630.00","2,450.00",Rs./Quintal,21-01-2026
Rajasthan,Jaipur,Bassi APMC,Cereals,Wheat,Other,Local,"2,400.00","2,615.00","2,507.00",Rs./Quintal,20-01-2026
Rajasthan,Jaipur,Bassi APMC,Cereals,Wheat,Other,Local,"2,590.00","2,609.00","2,599.00",Rs./Quintal,19-01-2026
Rajasthan,Jaipur,Bassi APMC,Cereals,Wheat,Other,Local,"2,400.00","2,642.00","2,521.00",Rs./Quintal,17-01-2026
Rajasthan,Jaipur,Bassi APMC,Cereals,Wheat,Other,Local,"2,610.00","2,650.00","2,630.00",Rs./Quintal,16-01-2026
Rajasthan,Jaipur,Bassi APMC,Cereals,Wheat,Other,Local,"2,534.00","2,615.00","2,574.00",Rs./Quintal,15-01-2026
Rajasthan,Jaipur,Bassi APMC,Cereals,Wheat,Other,Local,"2,475.00","2,620.00","2,620.00",Rs./Quintal,13-01-2026
Rajasthan,Jaipur,Bassi APMC,Cereals,Wheat,Other,Local,"2,500.00","2,500.00","2,500.00",Rs./Quintal,12/1/2026
Rajasthan,Jaipur,Bassi APMC,Cereals,Wheat,Other,Local,"2,511.00","2,516.00","2,513.00",Rs./Quintal,10/1/2026
Rajasthan,Jaipur,Bassi APMC,Cereals,Wheat,Other,Local,"2,516.00","2,555.00","2,535.00",Rs./Quintal,9/1/2026
Rajasthan,Jaipur,Bassi APMC,Cereals,Wheat,Other,Local,"2,280.00","2,580.00","2,430.00",Rs./Quintal,7/1/2026
Rajasthan,Jaipur,Bassi APMC,Cereals,Wheat,Other,Local,"2,262.00","2,642.00","2,453.00",Rs./Quintal,6/1/2026
Rajasthan,Jaipur,Bassi APMC,Cereals,Wheat,Other,Local,"2,044.00","2,635.00","2,339.00",Rs./Quintal,5/1/2026
Rajasthan,Jaipur,Bassi APMC,Cereals,Wheat,Other,Local,"2,571.00","2,603.00","2,587.00",Rs./Quintal,3/1/2026
Rajasthan,Jaipur,Bassi APMC,Cereals,Wheat,Other,Local,"2,483.00","2,483.00","2,483.00",Rs./Quintal,2/1/2026
Rajasthan,Jaipur,Bassi APMC,Cereals,Wheat,Other,Local,"2,449.00","2,550.00","2,499.00",Rs./Quintal,1/1/2026
Rajasthan,Jaipur,Bassi APMC,Cereals,Wheat,Other,Local,"2,376.00","2,525.00","2,450.00",Rs./Quintal,31-12-2025
Rajasthan,Jaipur,Bassi APMC,Cereals,Wheat,Other,Local,"2,455.00","2,556.00","2,505.00",Rs./Quintal,30-12-2025
Rajasthan,Jaipur,Bassi APMC,Cereals,Wheat,Other,Local,"2,479.00","2,518.00","2,498.00",Rs./Quintal,29-12-2025
Rajasthan,Jaipur,Bassi APMC,Cereals,Wheat,Other,Local,"2,451.00","2,500.00","2,475.00",Rs./Quintal,27-12-2025
Rajasthan,Jaipur,Bassi APMC,Cereals,Wheat,Other,Local,"2,500.00","2,600.00","2,550.00",Rs./Quintal,26-12-2025
Rajasthan,Jaipur,Bassi APMC,Cereals,Wheat,Other,Local,"2,425.00","2,495.00","2,460.00",Rs./Quintal,24-12-2025
Rajasthan,Jaipur,Bassi APMC,Cereals,Wheat,Other,Local,"2,398.00","2,546.00","2,472.00",Rs./Quintal,23-12-2025
Rajasthan,Jaipur,Bassi APMC,Cereals,Wheat,Other,Local,"2,441.00","2,484.00","2,462.00",Rs./Quintal,22-12-2025
Rajasthan,Jaipur,Bassi APMC,Cereals,Wheat,Other,Local,"2,410.00","2,534.00","2,472.00",Rs./Quintal,20-12-2025
Rajasthan,Jaipur,Bassi APMC,Cereals,Wheat,Other,Local,"2,300.00","2,521.00","2,410.00",Rs./Quintal,19-12-2025
Rajasthan,Jaipur,Bassi APMC,Cereals,Wheat,Other,Local,"2,410.00","2,480.00","2,445.00",Rs./Quintal,17-12-2025
Rajasthan,Jaipur,Bassi APMC,Cereals,Wheat,Other,Local,"2,426.00","2,525.00","2,475.00",Rs./Quintal,16-12-2025
Rajasthan,Jaipur,Bassi APMC,Cereals,Wheat,Other,Local,"2,331.00","2,484.00","2,407.00",Rs./Quintal,15-12-2025
Rajasthan,Jaipur,Bassi APMC,Cereals,Wheat,Other,Local,"2,420.00","2,490.00","2,455.00",Rs./Quintal,13-12-2025
Rajasthan,Jaipur,Bassi APMC,Cereals,Wheat,Other,Local,"2,377.00","2,564.00","2,470.00",Rs./Quintal,12/12/2025
Rajasthan,Jaipur,Bassi APMC,Cereals,Wheat,Other,Local,"2,231.00","2,541.00","2,386.00",Rs./Quintal,11/12/2025
Rajasthan,Jaipur,Bassi APMC,Cereals,Wheat,Other,Local,"2,401.00","2,530.00","2,465.00",Rs./Quintal,10/12/2025
Rajasthan,Jaipur,Bassi APMC,Cereals,Wheat,Other,Local,"2,408.00","2,574.00","2,491.00",Rs./Quintal,9/12/2025
Rajasthan,Jaipur,Bassi APMC,Cereals,Wheat,Other,Local,"2,449.00","2,492.00","2,470.00",Rs./Quintal,8/12/2025
Rajasthan,Jaipur,Bassi APMC,Cereals,Wheat,Other,Local,"2,466.00","2,466.00","2,466.00",Rs./Quintal,6/12/2025
Rajasthan,Jaipur,Bassi APMC,Cereals,Wheat,Other,Local,"2,300.00","2,481.00","2,390.00",Rs./Quintal,5/12/2025
Rajasthan,Jaipur,Bassi APMC,Cereals,Wheat,Other,Local,"2,450.00","2,590.00","2,520.00",Rs./Quintal,4/12/2025
Rajasthan,Jaipur,Bassi APMC,Cereals,Wheat,Other,Local,"2,406.00","2,573.00","2,489.00",Rs./Quintal,3/12/2025
Rajasthan,Jaipur,Bassi APMC,Cereals,Wheat,Other,Local,"2,351.00","2,540.00","2,445.00",Rs./Quintal,2/12/2025
Rajasthan,Jaipur,Bassi APMC,Cereals,Wheat,Other,Local,"2,451.00","2,521.00","2,486.00",Rs./Quintal,1/12/2025
Rajasthan,Jaipur,Bassi APMC,Cereals,Wheat,Other,Local,"2,431.00","2,526.00","2,478.00",Rs./Quintal,29-11-2025
Rajasthan,Jaipur,Bassi APMC,Cereals,Wheat,Other,Local,"2,430.00","2,511.00","2,470.00",Rs./Quintal,28-11-2025
Rajasthan,Jaipur,Bassi APMC,Cereals,Wheat,Other,Local,"2,465.00","2,480.00","2,472.00",Rs./Quintal,27-11-2025
Rajasthan,Jaipur,Bassi APMC,Cereals,Wheat,Other,Local,"2,435.00","2,544.00","2,489.00",Rs./Quintal,26-11-2025
Rajasthan,Jaipur,Bassi APMC,Cereals,Wheat,Other,Local,"2,435.00","2,610.00","2,522.00",Rs./Quintal,25-11-2025
Rajasthan,Jaipur,Bassi APMC,Cereals,Wheat,Other,Local,"2,451.00","2,500.00","2,475.00",Rs./Quintal,24-11-2025
Rajasthan,Jaipur,Bassi APMC,Cereals,Wheat,Other,Local,"2,400.00","2,509.00","2,454.00",Rs./Quintal,22-11-2025
Rajasthan,Jaipur,Bassi APMC,Cereals,Wheat,Other,Local,"2,200.00","2,503.00","2,351.00",Rs./Quintal,21-11-2025
Rajasthan,Jaipur,Bassi APMC,Cereals,Wheat,Other,Local,"2,450.00","2,510.00","2,480.00",Rs./Quintal,20-11-2025
Rajasthan,Jaipur,Bassi APMC,Cereals,Wheat,Other,Local,"2,414.00","2,615.00","2,514.00",Rs./Quintal,19-11-2025
Rajasthan,Jaipur,Bassi APMC,Cereals,Wheat,Other,Local,"2,281.00","2,508.00","2,394.00",Rs./Quintal,18-11-2025
Rajasthan,Jaipur,Bassi APMC,Cereals,Wheat,Other,Local,"2,430.00","2,535.00","2,489.00",Rs./Quintal,17-11-2025
Rajasthan,Jaipur,Bassi APMC,Cereals,Wheat,Other,Local,"2,439.00","2,484.00","2,461.00",Rs./Quintal,15-11-2025
Rajasthan,Jaipur,Bassi APMC,Cereals,Wheat,Other,Local,"2,440.00","2,480.00","2,460.00",Rs./Quintal,14-11-2025
Rajasthan,Jaipur,Bassi APMC,Cereals,Wheat,Other,Local,"2,437.00","2,475.00","2,456.00",Rs./Quintal,13-11-2025
Rajasthan,Jaipur,Bassi APMC,Cereals,Wheat,Other,Local,"2,443.00","2,549.00","2,496.00",Rs./Quintal,12/11/2025
Rajasthan,Jaipur,Bassi APMC,Cereals,Wheat,Other,Local,"2,366.00","2,547.00","2,456.00",Rs./Quintal,11/11/2025
Rajasthan,Jaipur,Bassi APMC,Cereals,Wheat,Other,Local,"2,440.00","2,496.00","2,468.00",Rs./Quintal,10/11/2025
Rajasthan,Jaipur,Chaksu APMC,Cereals,Wheat,Other,Local,"2,325.00","2,476.00","2,400.00",Rs./Quintal,10/6/2026
Rajasthan,Jaipur,Chaksu APMC,Cereals,Wheat,Other,Local,"2,300.00","2,470.00","2,440.00",Rs./Quintal,5/6/2026
Rajasthan,Jaipur,Chaksu APMC,Cereals,Wheat,Other,Local,"2,300.00","2,480.00","2,400.00",Rs./Quintal,4/6/2026
Rajasthan,Jaipur,Chaksu APMC,Cereals,Wheat,Other,Local,"2,300.00","2,480.00","2,400.00",Rs./Quintal,3/6/2026
Rajasthan,Jaipur,Chaksu APMC,Cereals,Wheat,Other,Local,"2,300.00","2,510.00","2,420.00",Rs./Quintal,2/6/2026
Rajasthan,Jaipur,Chaksu APMC,Cereals,Wheat,Other,Local,"2,280.00","2,500.00","2,440.00",Rs./Quintal,1/6/2026
Rajasthan,Jaipur,Chaksu APMC,Cereals,Wheat,Other,Local,"2,380.00","2,496.00","2,450.00",Rs./Quintal,25-05-2026
Rajasthan,Jaipur,Chaksu APMC,Cereals,Wheat,Other,Local,"2,300.00","2,480.00","2,380.00",Rs./Quintal,20-05-2026
Rajasthan,Jaipur,Chaksu APMC,Cereals,Wheat,Other,Local,"2,280.00","2,440.00","2,380.00",Rs./Quintal,18-05-2026
Rajasthan,Jaipur,Chaksu APMC,Cereals,Wheat,Other,Local,"2,290.00","2,410.00","2,380.00",Rs./Quintal,15-05-2026
Rajasthan,Jaipur,Chaksu APMC,Cereals,Wheat,Other,Local,"2,300.00","2,400.00","2,350.00",Rs./Quintal,14-05-2026
Rajasthan,Jaipur,Chaksu APMC,Cereals,Wheat,Other,Local,"2,280.00","2,415.00","2,380.00",Rs./Quintal,13-05-2026
Rajasthan,Jaipur,Chaksu APMC,Cereals,Wheat,Other,Local,"2,280.00","2,410.00","2,380.00",Rs./Quintal,12/5/2026
Rajasthan,Jaipur,Chaksu APMC,Cereals,Wheat,Other,Local,"2,340.00","2,441.00","2,380.00",Rs./Quintal,11/5/2026
Rajasthan,Jaipur,Chaksu APMC,Cereals,Wheat,Other,Local,"2,350.00","2,500.00","2,480.00",Rs./Quintal,8/5/2026
Rajasthan,Jaipur,Chaksu APMC,Cereals,Wheat,Other,Local,"2,320.00","2,591.00","2,480.00",Rs./Quintal,6/5/2026
Rajasthan,Jaipur,Chaksu APMC,Cereals,Wheat,Other,Local,"2,280.00","2,579.00","2,480.00",Rs./Quintal,5/5/2026
Rajasthan,Jaipur,Chaksu APMC,Cereals,Wheat,Other,Local,"2,340.00","2,590.00","2,480.00",Rs./Quintal,4/5/2026
Rajasthan,Jaipur,Chaksu APMC,Cereals,Wheat,Other,Local,"2,350.00","2,610.00","2,430.00",Rs./Quintal,30-04-2026
Rajasthan,Jaipur,Chaksu APMC,Cereals,Wheat,Other,Local,"2,380.00","2,598.00","2,430.00",Rs./Quintal,29-04-2026
Rajasthan,Jaipur,Chaksu APMC,Cereals,Wheat,Other,Local,"2,300.00","2,595.00","2,450.00",Rs./Quintal,28-04-2026
Rajasthan,Jaipur,Chaksu APMC,Cereals,Wheat,Other,Local,"2,220.00","2,415.00","2,380.00",Rs./Quintal,24-04-2026
Rajasthan,Jaipur,Chaksu APMC,Cereals,Wheat,Other,Local,"2,300.00","2,476.00","2,400.00",Rs./Quintal,23-04-2026
Rajasthan,Jaipur,Chaksu APMC,Cereals,Wheat,Other,Local,"2,280.00","2,425.00","2,350.00",Rs./Quintal,22-04-2026
Rajasthan,Jaipur,Chaksu APMC,Cereals,Wheat,Other,Local,"2,200.00","2,405.00","2,350.00",Rs./Quintal,21-04-2026
Rajasthan,Jaipur,Chaksu APMC,Cereals,Wheat,Other,Local,"2,200.00","2,495.00","2,350.00",Rs./Quintal,20-04-2026
Rajasthan,Jaipur,Chaksu APMC,Cereals,Wheat,Other,Local,"2,051.00","2,400.00","2,300.00",Rs./Quintal,17-04-2026
Rajasthan,Jaipur,Chaksu APMC,Cereals,Wheat,Other,Local,"2,280.00","2,395.00","2,350.00",Rs./Quintal,16-04-2026
Rajasthan,Jaipur,Chaksu APMC,Cereals,Wheat,Other,Local,"2,180.00","2,405.00","2,340.00",Rs./Quintal,15-04-2026
Rajasthan,Jaipur,Chaksu APMC,Cereals,Wheat,Other,Local,"2,240.00","2,400.00","2,350.00",Rs./Quintal,14-04-2026
Rajasthan,Jaipur,Chaksu APMC,Cereals,Wheat,Other,Local,"2,180.00","2,401.00","2,280.00",Rs./Quintal,10/4/2026
Rajasthan,Jaipur,Chaksu APMC,Cereals,Wheat,Other,Local,"2,180.00","2,401.00","2,280.00",Rs./Quintal,9/4/2026
Rajasthan,Jaipur,Chaksu APMC,Cereals,Wheat,Other,Local,"2,071.00","2,276.00","2,220.00",Rs./Quintal,8/4/2026
Rajasthan,Jaipur,Chaksu APMC,Cereals,Wheat,Other,Local,"2,000.00","2,260.00","2,230.00",Rs./Quintal,6/4/2026
Rajasthan,Jaipur,Chaksu APMC,Cereals,Wheat,Other,Local,"2,200.00","2,280.00","2,250.00",Rs./Quintal,3/4/2026
Rajasthan,Jaipur,Chaksu APMC,Cereals,Wheat,Other,Local,"2,000.00","2,276.00","2,220.00",Rs./Quintal,2/4/2026
Rajasthan,Jaipur,Chaksu APMC,Cereals,Wheat,Other,Local,"2,100.00","2,293.00","2,225.00",Rs./Quintal,1/4/2026
Rajasthan,Jaipur,Chaksu APMC,Cereals,Wheat,Other,Local,"2,080.00","2,350.00","2,250.00",Rs./Quintal,17-03-2026
Rajasthan,Jaipur,Chaksu APMC,Cereals,Wheat,Other,Local,"2,090.00","2,280.00","2,200.00",Rs./Quintal,16-03-2026
Rajasthan,Jaipur,Chaksu APMC,Cereals,Wheat,Other,Local,"2,200.00","2,350.00","2,200.00",Rs./Quintal,13-03-2026
Rajasthan,Jaipur,Chaksu APMC,Cereals,Wheat,Other,Local,"2,000.00","2,250.00","2,145.00",Rs./Quintal,10/3/2026
Rajasthan,Jaipur,Chaksu APMC,Cereals,Wheat,Other,Local,"2,000.00","2,250.00","2,145.00",Rs./Quintal,9/3/2026
Rajasthan,Jaipur,Chaksu APMC,Cereals,Wheat,Other,Grade Range-3,"2,230.00","2,400.00","2,350.00",Rs./Quintal,7/3/2026
Rajasthan,Jaipur,Chaksu APMC,Cereals,Wheat,Other,Local,"2,350.00","2,400.00","2,380.00",Rs./Quintal,5/3/2026
Rajasthan,Jaipur,Chaksu APMC,Cereals,Wheat,Other,Local,"2,300.00","2,470.00","2,350.00",Rs./Quintal,27-02-2026
Rajasthan,Jaipur,Chaksu APMC,Cereals,Wheat,Other,Local,"2,350.00","2,410.00","2,400.00",Rs./Quintal,26-02-2026
Rajasthan,Jaipur,Chaksu APMC,Cereals,Wheat,Other,Local,"2,250.00","2,411.00","2,400.00",Rs./Quintal,25-02-2026
Rajasthan,Jaipur,Chaksu APMC,Cereals,Wheat,Other,Local,"2,375.00","2,460.00","2,416.00",Rs./Quintal,24-02-2026
Rajasthan,Jaipur,Chaksu APMC,Cereals,Wheat,Other,Local,"2,400.00","2,494.00","2,460.00",Rs./Quintal,23-02-2026
Rajasthan,Jaipur,Chaksu APMC,Cereals,Wheat,Other,Local,"2,351.00","2,490.00","2,444.00",Rs./Quintal,16-02-2026
Rajasthan,Jaipur,Chaksu APMC,Cereals,Wheat,Other,Local,"2,411.00","2,480.00","2,440.00",Rs./Quintal,14-02-2026
Rajasthan,Jaipur,Chaksu APMC,Cereals,Wheat,Other,Local,"2,490.00","2,530.00","2,495.00",Rs./Quintal,13-02-2026
Rajasthan,Jaipur,Chaksu APMC,Cereals,Wheat,Other,Local,"2,435.00","2,501.00","2,490.00",Rs./Quintal,12/2/2026
Rajasthan,Jaipur,Chaksu APMC,Cereals,Wheat,Other,Local,"2,411.00","2,551.00","2,500.00",Rs./Quintal,11/2/2026
Rajasthan,Jaipur,Chaksu APMC,Cereals,Wheat,Other,Local,"2,500.00","2,530.00","2,525.00",Rs./Quintal,9/2/2026
Rajasthan,Jaipur,Chaksu APMC,Cereals,Wheat,Other,Local,"2,509.00","2,530.00","2,514.00",Rs./Quintal,7/2/2026
Rajasthan,Jaipur,Chaksu APMC,Cereals,Wheat,Other,Local,"2,490.00","2,525.00","2,511.00",Rs./Quintal,6/2/2026
Rajasthan,Jaipur,Chaksu APMC,Cereals,Wheat,Other,Local,"2,400.00","2,529.00","2,500.00",Rs./Quintal,5/2/2026
Rajasthan,Jaipur,Chaksu APMC,Cereals,Wheat,Other,Local,"2,470.00","2,520.00","2,490.00",Rs./Quintal,4/2/2026
Rajasthan,Jaipur,Chaksu APMC,Cereals,Wheat,Other,Local,"2,490.00","2,525.00","2,500.00",Rs./Quintal,3/2/2026
Rajasthan,Jaipur,Chaksu APMC,Cereals,Wheat,Other,Local,"2,465.00","2,565.00","2,500.00",Rs./Quintal,2/2/2026
Rajasthan,Jaipur,Chaksu APMC,Cereals,Wheat,Other,Local,"2,490.00","2,523.00","2,500.00",Rs./Quintal,31-01-2026
Rajasthan,Jaipur,Chaksu APMC,Cereals,Wheat,Other,Local,"2,411.00","2,538.00","2,500.00",Rs./Quintal,30-01-2026
Rajasthan,Jaipur,Chaksu APMC,Cereals,Wheat,Other,Local,"2,500.00","2,527.00","2,520.00",Rs./Quintal,29-01-2026
Rajasthan,Jaipur,Chaksu APMC,Cereals,Wheat,Other,Local,"2,450.00","2,541.00","2,500.00",Rs./Quintal,24-01-2026
Rajasthan,Jaipur,Chaksu APMC,Cereals,Wheat,Other,Local,"2,550.00","2,550.00","2,550.00",Rs./Quintal,22-01-2026
Rajasthan,Jaipur,Chaksu APMC,Cereals,Wheat,Other,Local,"2,480.00","2,630.00","2,580.00",Rs./Quintal,21-01-2026
Rajasthan,Jaipur,Chaksu APMC,Cereals,Wheat,Other,Local,"2,580.00","2,690.00","2,600.00",Rs./Quintal,20-01-2026
Rajasthan,Jaipur,Chaksu APMC,Cereals,Wheat,Other,Local,"2,350.00","2,600.00","2,560.00",Rs./Quintal,19-01-2026
Rajasthan,Jaipur,Chaksu APMC,Cereals,Wheat,Other,Local,"2,500.00","2,613.00","2,585.00",Rs./Quintal,17-01-2026
Rajasthan,Jaipur,Chaksu APMC,Cereals,Wheat,Other,Local,"2,490.00","2,614.00","2,580.00",Rs./Quintal,16-01-2026
Rajasthan,Jaipur,Chaksu APMC,Cereals,Wheat,Other,Local,"2,500.00","2,545.00","2,516.00",Rs./Quintal,13-01-2026
Rajasthan,Jaipur,Chaksu APMC,Cereals,Wheat,Other,Local,"2,000.00","2,617.00","2,500.00",Rs./Quintal,12/1/2026
Rajasthan,Jaipur,Chaksu APMC,Cereals,Wheat,Other,Local,"2,425.00","2,425.00","2,425.00",Rs./Quintal,8/1/2026
Rajasthan,Jaipur,Chaksu APMC,Cereals,Wheat,Other,Local,"2,475.00","2,570.00","2,500.00",Rs./Quintal,7/1/2026
Rajasthan,Jaipur,Chaksu APMC,Cereals,Wheat,Other,Local,"2,475.00","2,575.00","2,541.00",Rs./Quintal,6/1/2026
Rajasthan,Jaipur,Chaksu APMC,Cereals,Wheat,Other,Local,"2,480.00","2,625.00","2,500.00",Rs./Quintal,3/1/2026
Rajasthan,Jaipur,Chaksu APMC,Cereals,Wheat,Other,Local,"2,550.00","2,563.00","2,560.00",Rs./Quintal,2/1/2026
Rajasthan,Jaipur,Chaksu APMC,Cereals,Wheat,Other,Local,"2,480.00","2,544.00","2,511.00",Rs./Quintal,1/1/2026
Rajasthan,Jaipur,Chaksu APMC,Cereals,Wheat,Other,Local,"2,431.00","2,474.00","2,450.00",Rs./Quintal,30-12-2025
Rajasthan,Jaipur,Chaksu APMC,Cereals,Wheat,Other,Local,"2,300.00","2,484.00","2,460.00",Rs./Quintal,27-12-2025
Rajasthan,Jaipur,Chaksu APMC,Cereals,Wheat,Other,Local,"2,385.00","2,455.00","2,400.00",Rs./Quintal,26-12-2025
Rajasthan,Jaipur,Chaksu APMC,Cereals,Wheat,Other,Local,"2,300.00","2,470.00","2,450.00",Rs./Quintal,25-12-2025
Rajasthan,Jaipur,Chaksu APMC,Cereals,Wheat,Other,Local,"2,380.00","2,480.00","2,450.00",Rs./Quintal,24-12-2025
Rajasthan,Jaipur,Chaksu APMC,Cereals,Wheat,Other,Local,"2,391.00","2,491.00","2,450.00",Rs./Quintal,23-12-2025
Rajasthan,Jaipur,Chaksu APMC,Cereals,Wheat,Other,Local,"2,385.00","2,455.00","2,400.00",Rs./Quintal,20-12-2025
Rajasthan,Jaipur,Chaksu APMC,Cereals,Wheat,Other,Local,"2,411.00","2,511.00","2,474.00",Rs./Quintal,19-12-2025
Rajasthan,Jaipur,Chaksu APMC,Cereals,Wheat,Other,Local,"2,380.00","2,480.00","2,430.00",Rs./Quintal,18-12-2025
Rajasthan,Jaipur,Chaksu APMC,Cereals,Wheat,Other,Local,"2,300.00","2,480.00","2,440.00",Rs./Quintal,17-12-2025
Rajasthan,Jaipur,Chaksu APMC,Cereals,Wheat,Other,Local,"2,300.00","2,470.00","2,440.00",Rs./Quintal,16-12-2025
Rajasthan,Jaipur,Chaksu APMC,Cereals,Wheat,Other,Local,"2,375.00","2,481.00","2,440.00",Rs./Quintal,15-12-2025
Rajasthan,Jaipur,Chaksu APMC,Cereals,Wheat,Other,Local,"2,391.00","2,491.00","2,450.00",Rs./Quintal,13-12-2025
Rajasthan,Jaipur,Chaksu APMC,Cereals,Wheat,Other,Local,"2,350.00","2,470.00","2,420.00",Rs./Quintal,11/12/2025
Rajasthan,Jaipur,Chaksu APMC,Cereals,Wheat,Other,Local,"2,350.00","2,470.00","2,450.00",Rs./Quintal,10/12/2025
Rajasthan,Jaipur,Chaksu APMC,Cereals,Wheat,Other,Local,"2,300.00","2,480.00","2,450.00",Rs./Quintal,8/12/2025
Rajasthan,Jaipur,Chaksu APMC,Cereals,Wheat,Other,Local,"2,450.00","2,490.00","2,480.00",Rs./Quintal,4/12/2025
Rajasthan,Jaipur,Chaksu APMC,Cereals,Wheat,Other,Local,"2,420.00","2,500.00","2,480.00",Rs./Quintal,3/12/2025
Rajasthan,Jaipur,Chaksu APMC,Cereals,Wheat,Other,Local,"2,380.00","2,455.00","2,450.00",Rs./Quintal,1/12/2025
Rajasthan,Jaipur,Chaksu APMC,Cereals,Wheat,Other,Local,"2,300.00","2,480.00","2,450.00",Rs./Quintal,25-11-2025
Rajasthan,Jaipur,Chaksu APMC,Cereals,Wheat,Other,Local,"2,430.00","2,500.00","2,480.00",Rs./Quintal,24-11-2025
Rajasthan,Jaipur,Chaksu APMC,Cereals,Wheat,Other,Local,"2,480.00","2,500.00","2,490.00",Rs./Quintal,19-11-2025
Rajasthan,Jaipur,Chaksu APMC,Cereals,Wheat,Other,Local,"2,480.00","2,500.00","2,490.00",Rs./Quintal,18-11-2025
Rajasthan,Jaipur,Chomu Grain APMC,Cereals,Wheat,Other,Local,"2,400.00","2,400.00","2,400.00",Rs./Quintal,10/6/2026
Rajasthan,Jaipur,Chomu Grain APMC,Cereals,Wheat,Other,Local,"2,400.00","2,400.00","2,400.00",Rs./Quintal,9/6/2026
Rajasthan,Jaipur,Chomu Grain APMC,Cereals,Wheat,Other,Local,"2,300.00","2,300.00","2,300.00",Rs./Quintal,8/6/2026
Rajasthan,Jaipur,Chomu Grain APMC,Cereals,Wheat,Other,Local,"2,300.00","2,300.00","2,300.00",Rs./Quintal,4/6/2026
Rajasthan,Jaipur,Chomu Grain APMC,Cereals,Wheat,Other,Local,"2,235.00","2,235.00","2,235.00",Rs./Quintal,3/6/2026
Rajasthan,Jaipur,Chomu Grain APMC,Cereals,Wheat,Other,Local,"2,270.00","2,270.00","2,270.00",Rs./Quintal,2/6/2026
Rajasthan,Jaipur,Chomu Grain APMC,Cereals,Wheat,Other,Local,"2,350.00","2,350.00","2,350.00",Rs./Quintal,1/6/2026
Rajasthan,Jaipur,Chomu Grain APMC,Cereals,Wheat,Other,Local,"2,360.00","2,360.00","2,360.00",Rs./Quintal,28-05-2026
Rajasthan,Jaipur,Chomu Grain APMC,Cereals,Wheat,Other,Local,"2,350.00","2,350.00","2,350.00",Rs./Quintal,26-05-2026
Rajasthan,Jaipur,Chomu Grain APMC,Cereals,Wheat,Other,Local,"2,420.00","2,420.00","2,420.00",Rs./Quintal,25-05-2026
Rajasthan,Jaipur,Chomu Grain APMC,Cereals,Wheat,Other,Local,"2,300.00","2,300.00","2,300.00",Rs./Quintal,20-05-2026
Rajasthan,Jaipur,Chomu Grain APMC,Cereals,Wheat,Other,Local,"2,210.00","2,210.00","2,210.00",Rs./Quintal,19-05-2026
Rajasthan,Jaipur,Chomu Grain APMC,Cereals,Wheat,Other,Local,"2,430.00","2,430.00","2,430.00",Rs./Quintal,13-05-2026
Rajasthan,Jaipur,Chomu Grain APMC,Cereals,Wheat,Other,Local,"2,400.00","2,400.00","2,400.00",Rs./Quintal,12/5/2026
Rajasthan,Jaipur,Chomu Grain APMC,Cereals,Wheat,Other,Local,"2,340.00","2,340.00","2,340.00",Rs./Quintal,11/5/2026
Rajasthan,Jaipur,Chomu Grain APMC,Cereals,Wheat,Other,Local,"2,300.00","2,300.00","2,300.00",Rs./Quintal,6/5/2026
Rajasthan,Jaipur,Chomu Grain APMC,Cereals,Wheat,Other,Local,"2,325.00","2,325.00","2,325.00",Rs./Quintal,5/5/2026
Rajasthan,Jaipur,Chomu Grain APMC,Cereals,Wheat,Other,Local,"2,300.00","2,300.00","2,300.00",Rs./Quintal,4/5/2026
Rajasthan,Jaipur,Chomu Grain APMC,Cereals,Wheat,Other,Local,"2,450.00","2,450.00","2,450.00",Rs./Quintal,30-04-2026
Rajasthan,Jaipur,Chomu Grain APMC,Cereals,Wheat,Other,Local,"2,290.00","2,290.00","2,290.00",Rs./Quintal,29-04-2026
Rajasthan,Jaipur,Chomu Grain APMC,Cereals,Wheat,Other,Local,"2,280.00","2,280.00","2,280.00",Rs./Quintal,28-04-2026
Rajasthan,Jaipur,Chomu Grain APMC,Cereals,Wheat,Other,Local,"2,340.00","2,340.00","2,340.00",Rs./Quintal,23-04-2026
Rajasthan,Jaipur,Chomu Grain APMC,Cereals,Wheat,Other,Local,"2,400.00","2,400.00","2,400.00",Rs./Quintal,22-04-2026
Rajasthan,Jaipur,Chomu Grain APMC,Cereals,Wheat,Other,Local,"2,305.00","2,305.00","2,305.00",Rs./Quintal,21-04-2026
Rajasthan,Jaipur,Chomu Grain APMC,Cereals,Wheat,Other,Local,"2,460.00","2,460.00","2,460.00",Rs./Quintal,20-04-2026
Rajasthan,Jaipur,Chomu Grain APMC,Cereals,Wheat,Other,Local,"2,380.00","2,380.00","2,380.00",Rs./Quintal,15-04-2026
Rajasthan,Jaipur,Chomu Grain APMC,Cereals,Wheat,Other,Local,"2,350.00","2,350.00","2,350.00",Rs./Quintal,14-04-2026
Rajasthan,Jaipur,Chomu Grain APMC,Cereals,Wheat,Other,Local,"2,460.00","2,460.00","2,460.00",Rs./Quintal,2/4/2026
Rajasthan,Jaipur,Chomu Grain APMC,Cereals,Wheat,Other,Local,"2,530.00","2,530.00","2,530.00",Rs./Quintal,24-02-2026
Rajasthan,Jaipur,Chomu Grain APMC,Cereals,Wheat,Other,Local,"2,400.00","2,400.00","2,400.00",Rs./Quintal,17-02-2026
Rajasthan,Jaipur,Chomu Grain APMC,Cereals,Wheat,Other,Local,"2,626.00","2,626.00","2,626.00",Rs./Quintal,5/2/2026
Rajasthan,Jaipur,Chomu Grain APMC,Cereals,Wheat,Other,Local,"2,535.00","2,535.00","2,535.00",Rs./Quintal,15-12-2025
Rajasthan,Jaipur,Chomu Grain APMC,Cereals,Wheat,Other,Local,"2,511.00","2,511.00","2,511.00",Rs./Quintal,26-11-2025
Rajasthan,Jaipur,Dudu APMC,Cereals,Wheat,147 Average,Local,"2,302.00","2,302.00","2,302.00",Rs./Quintal,1/5/2026
Rajasthan,Jaipur,Dudu APMC,Cereals,Wheat,147 Average,Non-FAQ,"2,280.00","2,290.00","2,287.73",Rs./Quintal,27-04-2026
Rajasthan,Jaipur,Dudu APMC,Cereals,Wheat,147 Average,Non-FAQ,"2,275.00","2,275.00","2,275.00",Rs./Quintal,24-04-2026
Rajasthan,Jaipur,Dudu APMC,Cereals,Wheat,147 Average,Non-FAQ,"2,250.00","2,250.00","2,250.00",Rs./Quintal,23-04-2026
Rajasthan,Jaipur,Dudu APMC,Cereals,Wheat,147 Average,Non-FAQ,"2,400.00","2,400.00","2,400.00",Rs./Quintal,6/3/2026
Rajasthan,Jaipur,Dudu APMC,Cereals,Wheat,147 Average,Non-FAQ,"2,430.00","2,430.00","2,430.00",Rs./Quintal,27-02-2026
Rajasthan,Jaipur,Dudu APMC,Cereals,Wheat,147 Average,Non-FAQ,"2,511.00","2,511.00","2,511.00",Rs./Quintal,23-02-2026
Rajasthan,Jaipur,Dudu APMC,Cereals,Wheat,147 Average,Non-FAQ,"2,490.00","2,490.00","2,490.00",Rs./Quintal,20-02-2026
Rajasthan,Jaipur,Dudu APMC,Cereals,Wheat,147 Average,Non-FAQ,"2,610.00","2,610.00","2,610.00",Rs./Quintal,18-02-2026
Rajasthan,Jaipur,Dudu APMC,Cereals,Wheat,147 Average,Non-FAQ,"2,540.00","2,540.00","2,540.00",Rs./Quintal,12/2/2026
Rajasthan,Jaipur,Dudu APMC,Cereals,Wheat,147 Average,Non-FAQ,"2,600.00","2,600.00","2,600.00",Rs./Quintal,11/2/2026
Rajasthan,Jaipur,Dudu APMC,Cereals,Wheat,147 Average,Local,"2,630.00","2,630.00","2,630.00",Rs./Quintal,3/2/2026
Rajasthan,Jaipur,Dudu APMC,Cereals,Wheat,147 Average,Local,"2,585.00","2,585.00","2,585.00",Rs./Quintal,2/2/2026
Rajasthan,Jaipur,Dudu APMC,Cereals,Wheat,147 Average,Local,"2,640.00","2,640.00","2,640.00",Rs./Quintal,30-01-2026
Rajasthan,Jaipur,Dudu APMC,Cereals,Wheat,147 Average,Local,"2,620.00","2,620.00","2,620.00",Rs./Quintal,27-01-2026
Rajasthan,Jaipur,Dudu APMC,Cereals,Wheat,147 Average,Local,"2,600.00","2,600.00","2,600.00",Rs./Quintal,22-01-2026
Rajasthan,Jaipur,Dudu APMC,Cereals,Wheat,147 Average,Local,"2,630.00","2,630.00","2,630.00",Rs./Quintal,21-01-2026
Rajasthan,Jaipur,Dudu APMC,Cereals,Wheat,147 Average,Local,"2,650.00","2,650.00","2,650.00",Rs./Quintal,20-01-2026
Rajasthan,Jaipur,Dudu APMC,Cereals,Wheat,147 Average,Local,"2,610.00","2,610.00","2,610.00",Rs./Quintal,19-01-2026
Rajasthan,Jaipur,Dudu APMC,Cereals,Wheat,147 Average,Local,"2,630.00","2,630.00","2,630.00",Rs./Quintal,17-01-2026
Rajasthan,Jaipur,Dudu APMC,Cereals,Wheat,147 Average,Local,"2,500.00","2,500.00","2,500.00",Rs./Quintal,16-01-2026
Rajasthan,Jaipur,Dudu APMC,Cereals,Wheat,147 Average,Local,"2,630.00","2,630.00","2,630.00",Rs./Quintal,13-01-2026
Rajasthan,Jaipur,Dudu APMC,Cereals,Wheat,147 Average,Local,"2,600.00","2,600.00","2,600.00",Rs./Quintal,12/1/2026
Rajasthan,Jaipur,Dudu APMC,Cereals,Wheat,147 Average,Local,"2,621.00","2,621.00","2,621.00",Rs./Quintal,10/1/2026
Rajasthan,Jaipur,Dudu APMC,Cereals,Wheat,147 Average,Local,"2,500.00","2,500.00","2,500.00",Rs./Quintal,8/1/2026
Rajasthan,Jaipur,Dudu APMC,Cereals,Wheat,147 Average,Local,"2,520.00","2,520.00","2,520.00",Rs./Quintal,7/1/2026
Rajasthan,Jaipur,Dudu APMC,Cereals,Wheat,147 Average,Local,"2,515.00","2,515.00","2,515.00",Rs./Quintal,6/1/2026
Rajasthan,Jaipur,Dudu APMC,Cereals,Wheat,147 Average,Local,"2,530.00","2,530.00","2,530.00",Rs./Quintal,5/1/2026
Rajasthan,Jaipur,Dudu APMC,Cereals,Wheat,147 Average,Local,"2,460.00","2,460.00","2,460.00",Rs./Quintal,2/1/2026
Rajasthan,Jaipur,Dudu APMC,Cereals,Wheat,147 Average,Local,"2,560.00","2,560.00","2,560.00",Rs./Quintal,1/1/2026
Rajasthan,Jaipur,Dudu APMC,Cereals,Wheat,147 Average,Local,"2,510.00","2,510.00","2,510.00",Rs./Quintal,29-12-2025
Rajasthan,Jaipur,Dudu APMC,Cereals,Wheat,147 Average,Local,"2,510.00","2,510.00","2,510.00",Rs./Quintal,23-12-2025
Rajasthan,Jaipur,Dudu APMC,Cereals,Wheat,147 Average,Local,"2,504.00","2,504.00","2,504.00",Rs./Quintal,22-12-2025
Rajasthan,Jaipur,Dudu APMC,Cereals,Wheat,147 Average,Local,"2,504.00","2,504.00","2,504.00",Rs./Quintal,28-11-2025
Rajasthan,Jaipur,Dudu APMC,Cereals,Wheat,147 Average,Local,"2,510.00","2,510.00","2,510.00",Rs./Quintal,25-11-2025
Rajasthan,Jaipur,Dudu APMC,Cereals,Wheat,147 Average,Local,"2,530.00","2,530.00","2,530.00",Rs./Quintal,24-11-2025
Rajasthan,Jaipur,Dudu APMC,Cereals,Wheat,147 Average,Local,"2,540.00","2,540.00","2,540.00",Rs./Quintal,21-11-2025
Rajasthan,Jaipur,Dudu APMC,Cereals,Wheat,147 Average,Local,"2,540.00","2,540.00","2,540.00",Rs./Quintal,20-11-2025
Rajasthan,Jaipur,Dudu APMC,Cereals,Wheat,147 Average,Local,"2,531.00","2,531.00","2,531.00",Rs./Quintal,18-11-2025
Rajasthan,Jaipur,Dudu APMC,Cereals,Wheat,147 Average,Local,"2,540.00","2,540.00","2,540.00",Rs./Quintal,17-11-2025
Rajasthan,Jaipur,Dudu APMC,Cereals,Wheat,147 Average,Local,"2,500.00","2,500.00","2,500.00",Rs./Quintal,16-11-2025
Rajasthan,Jaipur,Dudu APMC,Cereals,Wheat,147 Average,Local,"2,535.00","2,535.00","2,535.00",Rs./Quintal,8/11/2025
Rajasthan,Jaipur,Dudu APMC,Cereals,Wheat,147 Average,Local,"2,500.00","2,500.00","2,500.00",Rs./Quintal,7/11/2025
Rajasthan,Jaipur,Jaipur (Grain) APMC,Cereals,Wheat,Kalyan,Grade Range-2,"2,300.00","2,300.00","2,300.00",Rs./Quintal,4/6/2026
Rajasthan,Jaipur,Jaipur (Grain) APMC,Cereals,Wheat,Kalyan,Grade Range-2,"2,350.00","2,350.00","2,350.00",Rs./Quintal,21-05-2026
Rajasthan,Jaipur,Jaipur (Grain) APMC,Cereals,Wheat,Kalyan,Grade Range-2,"2,350.00","2,350.00","2,350.00",Rs./Quintal,11/5/2026
Rajasthan,Jaipur,Jaipur (Grain) APMC,Cereals,Wheat,Kalyan,Grade Range-2,"2,350.00","2,350.00","2,350.00",Rs./Quintal,5/5/2026
Rajasthan,Jaipur,Jaipur (Grain) APMC,Cereals,Wheat,Other,Grade Range-2,"2,550.00","2,550.00","2,550.00",Rs./Quintal,3/2/2026
Rajasthan,Jaipur,Jaipur (Grain) APMC,Cereals,Wheat,Other,Grade Range-2,"2,500.00","2,500.00","2,500.00",Rs./Quintal,2/2/2026
Rajasthan,Jaipur,Kishangarh Renwal APMC,Cereals,Wheat,Other,Local,"2,375.00","2,425.00","2,400.00",Rs./Quintal,10/6/2026
Rajasthan,Jaipur,Kishangarh Renwal APMC,Cereals,Wheat,Other,Local,"2,400.00","2,450.00","2,425.00",Rs./Quintal,9/6/2026
Rajasthan,Jaipur,Kishangarh Renwal APMC,Cereals,Wheat,Other,Local,"2,350.00","2,400.00","2,375.00",Rs./Quintal,8/6/2026
Rajasthan,Jaipur,Kishangarh Renwal APMC,Cereals,Wheat,Other,Local,"2,350.00","2,400.00","2,375.00",Rs./Quintal,7/6/2026
Rajasthan,Jaipur,Kishangarh Renwal APMC,Cereals,Wheat,Other,Local,"2,350.00","2,400.00","2,375.00",Rs./Quintal,3/6/2026
Rajasthan,Jaipur,Kishangarh Renwal APMC,Cereals,Wheat,Other,Local,"2,400.00","2,500.00","2,450.00",Rs./Quintal,1/6/2026
Rajasthan,Jaipur,Kishangarh Renwal APMC,Cereals,Wheat,Other,Local,"2,350.00","2,400.00","2,375.00",Rs./Quintal,31-05-2026
Rajasthan,Jaipur,Kishangarh Renwal APMC,Cereals,Wheat,Other,Local,"2,500.00","2,600.00","2,550.00",Rs./Quintal,28-05-2026
Rajasthan,Jaipur,Kishangarh Renwal APMC,Cereals,Wheat,Other,Local,"2,350.00","2,400.00","2,375.00",Rs./Quintal,26-05-2026
Rajasthan,Jaipur,Kishangarh Renwal APMC,Cereals,Wheat,Other,Local,"2,350.00","2,400.00","2,375.00",Rs./Quintal,25-05-2026
Rajasthan,Jaipur,Kishangarh Renwal APMC,Cereals,Wheat,Other,Local,"2,350.00","2,400.00","2,375.00",Rs./Quintal,24-05-2026
Rajasthan,Jaipur,Kishangarh Renwal APMC,Cereals,Wheat,Other,Local,"2,350.00","2,400.00","2,375.00",Rs./Quintal,21-05-2026
Rajasthan,Jaipur,Kishangarh Renwal APMC,Cereals,Wheat,Other,Local,"2,350.00","2,400.00","2,375.00",Rs./Quintal,20-05-2026
Rajasthan,Jaipur,Kishangarh Renwal APMC,Cereals,Wheat,Other,Local,"2,400.00","2,450.00","2,425.00",Rs./Quintal,19-05-2026
Rajasthan,Jaipur,Kishangarh Renwal APMC,Cereals,Wheat,Other,Local,"2,400.00","2,450.00","2,425.00",Rs./Quintal,18-05-2026
Rajasthan,Jaipur,Kishangarh Renwal APMC,Cereals,Wheat,Other,Local,"2,450.00","2,500.00","2,475.00",Rs./Quintal,14-05-2026
Rajasthan,Jaipur,Kishangarh Renwal APMC,Cereals,Wheat,Other,Local,"2,400.00","2,450.00","2,425.00",Rs./Quintal,12/5/2026
Rajasthan,Jaipur,Kishangarh Renwal APMC,Cereals,Wheat,Other,Local,"2,400.00","2,500.00","2,450.00",Rs./Quintal,11/5/2026
Rajasthan,Jaipur,Kishangarh Renwal APMC,Cereals,Wheat,Other,Local,"2,350.00","2,450.00","2,400.00",Rs./Quintal,7/5/2026
Rajasthan,Jaipur,Kishangarh Renwal APMC,Cereals,Wheat,Other,Local,"2,400.00","2,500.00","2,450.00",Rs./Quintal,6/5/2026
Rajasthan,Jaipur,Kishangarh Renwal APMC,Cereals,Wheat,Other,Local,"2,300.00","2,500.00","2,400.00",Rs./Quintal,5/5/2026
Rajasthan,Jaipur,Kishangarh Renwal APMC,Cereals,Wheat,Other,Local,"2,300.00","2,400.00","2,350.00",Rs./Quintal,4/5/2026
Rajasthan,Jaipur,Kishangarh Renwal APMC,Cereals,Wheat,Other,Local,"2,600.00","2,650.00","2,625.00",Rs./Quintal,30-04-2026
Rajasthan,Jaipur,Kishangarh Renwal APMC,Cereals,Wheat,Other,Local,"2,300.00","2,350.00","2,325.00",Rs./Quintal,29-04-2026
Rajasthan,Jaipur,Kishangarh Renwal APMC,Cereals,Wheat,Other,Local,"2,200.00","2,300.00","2,250.00",Rs./Quintal,28-04-2026
Rajasthan,Jaipur,Kishangarh Renwal APMC,Cereals,Wheat,Other,Local,"2,300.00","2,400.00","2,350.00",Rs./Quintal,27-04-2026
Rajasthan,Jaipur,Kishangarh Renwal APMC,Cereals,Wheat,Other,Local,"2,300.00","2,350.00","2,325.00",Rs./Quintal,21-04-2026
Rajasthan,Jaipur,Kishangarh Renwal APMC,Cereals,Wheat,Other,Local,"2,300.00","2,350.00","2,325.00",Rs./Quintal,20-04-2026
Rajasthan,Jaipur,Kishangarh Renwal APMC,Cereals,Wheat,Other,Local,"2,300.00","2,350.00","2,325.00",Rs./Quintal,19-04-2026
Rajasthan,Jaipur,Kishangarh Renwal APMC,Cereals,Wheat,Other,Local,"2,400.00","2,450.00","2,425.00",Rs./Quintal,16-04-2026
Rajasthan,Jaipur,Kishangarh Renwal APMC,Cereals,Wheat,Other,Local,"2,300.00","2,400.00","2,350.00",Rs./Quintal,15-04-2026
Rajasthan,Jaipur,Kishangarh Renwal APMC,Cereals,Wheat,Other,Local,"2,300.00","2,350.00","2,325.00",Rs./Quintal,14-04-2026
Rajasthan,Jaipur,Kishangarh Renwal APMC,Cereals,Wheat,Other,Local,"2,250.00","2,300.00","2,275.00",Rs./Quintal,12/4/2026
Rajasthan,Jaipur,Kishangarh Renwal APMC,Cereals,Wheat,Other,Local,"2,300.00","2,350.00","2,325.00",Rs./Quintal,9/4/2026
Rajasthan,Jaipur,Kishangarh Renwal APMC,Cereals,Wheat,Other,Local,"2,250.00","2,300.00","2,275.00",Rs./Quintal,8/4/2026
Rajasthan,Jaipur,Kishangarh Renwal APMC,Cereals,Wheat,Other,Local,"2,200.00","2,250.00","2,225.00",Rs./Quintal,7/4/2026
Rajasthan,Jaipur,Kishangarh Renwal APMC,Cereals,Wheat,Other,Local,"2,150.00","2,200.00","2,175.00",Rs./Quintal,6/4/2026
Rajasthan,Jaipur,Kishangarh Renwal APMC,Cereals,Wheat,Other,Local,"2,250.00","2,300.00","2,275.00",Rs./Quintal,5/4/2026
Rajasthan,Jaipur,Kishangarh Renwal APMC,Cereals,Wheat,Other,Local,"2,200.00","2,300.00","2,250.00",Rs./Quintal,1/4/2026
Rajasthan,Jaipur,Kishangarh Renwal APMC,Cereals,Wheat,Other,Local,"2,300.00","2,350.00","2,325.00",Rs./Quintal,31-03-2026
Rajasthan,Jaipur,Kishangarh Renwal APMC,Cereals,Wheat,Other,Local,"2,300.00","2,350.00","2,325.00",Rs./Quintal,29-03-2026
Rajasthan,Jaipur,Kishangarh Renwal APMC,Cereals,Wheat,Other,Local,"2,200.00","2,320.00","2,260.00",Rs./Quintal,26-03-2026
Rajasthan,Jaipur,Kishangarh Renwal APMC,Cereals,Wheat,Other,Local,"2,250.00","2,300.00","2,275.00",Rs./Quintal,24-03-2026
Rajasthan,Jaipur,Kishangarh Renwal APMC,Cereals,Wheat,Other,Local,"2,300.00","2,400.00","2,350.00",Rs./Quintal,23-03-2026
Rajasthan,Jaipur,Kishangarh Renwal APMC,Cereals,Wheat,Other,Local,"2,300.00","2,400.00","2,350.00",Rs./Quintal,22-03-2026
Rajasthan,Jaipur,Kishangarh Renwal APMC,Cereals,Wheat,Other,Local,"2,200.00","2,300.00","2,250.00",Rs./Quintal,18-03-2026
Rajasthan,Jaipur,Kishangarh Renwal APMC,Cereals,Wheat,Other,Local,"2,300.00","2,350.00","2,325.00",Rs./Quintal,16-03-2026
Rajasthan,Jaipur,Kishangarh Renwal APMC,Cereals,Wheat,Other,Local,"2,300.00","2,400.00","2,350.00",Rs./Quintal,15-03-2026
Rajasthan,Jaipur,Kishangarh Renwal APMC,Cereals,Wheat,Other,Local,"2,400.00","2,450.00","2,425.00",Rs./Quintal,11/3/2026
Rajasthan,Jaipur,Kishangarh Renwal APMC,Cereals,Wheat,Other,Local,"2,400.00","2,500.00","2,450.00",Rs./Quintal,8/3/2026
Rajasthan,Jaipur,Kishangarh Renwal APMC,Cereals,Wheat,Other,Local,"2,450.00","2,500.00","2,475.00",Rs./Quintal,3/3/2026
Rajasthan,Jaipur,Kishangarh Renwal APMC,Cereals,Wheat,Other,Local,"2,600.00","2,700.00","2,650.00",Rs./Quintal,19-02-2026
Rajasthan,Jaipur,Kishangarh Renwal APMC,Cereals,Wheat,Other,Local,"2,600.00","2,650.00","2,625.00",Rs./Quintal,8/2/2026
Rajasthan,Jaipur,Kishangarh Renwal APMC,Cereals,Wheat,Other,Local,"2,500.00","2,550.00","2,525.00",Rs./Quintal,1/2/2026
Rajasthan,Jaipur,Kishangarh Renwal APMC,Cereals,Wheat,Other,Local,"2,500.00","2,550.00","2,525.00",Rs./Quintal,28-01-2026
Rajasthan,Jaipur,Kishangarh Renwal APMC,Cereals,Wheat,Other,Local,"2,600.00","2,700.00","2,650.00",Rs./Quintal,26-01-2026
Rajasthan,Jaipur,Kishangarh Renwal APMC,Cereals,Wheat,Other,Local,"2,400.00","2,600.00","2,500.00",Rs./Quintal,21-01-2026
Rajasthan,Jaipur,Kishangarh Renwal APMC,Cereals,Wheat,Other,Local,"2,600.00","2,700.00","2,650.00",Rs./Quintal,18-01-2026
Rajasthan,Jaipur,Kishangarh Renwal APMC,Cereals,Wheat,Other,Local,"2,650.00","2,700.00","2,675.00",Rs./Quintal,12/1/2026
Rajasthan,Jaipur,Kishangarh Renwal APMC,Cereals,Wheat,Other,Local,"2,700.00","2,750.00","2,725.00",Rs./Quintal,8/1/2026
Rajasthan,Jaipur,Kishangarh Renwal APMC,Cereals,Wheat,Other,Local,"2,700.00","2,750.00","2,725.00",Rs./Quintal,7/1/2026
Rajasthan,Jaipur,Kishangarh Renwal APMC,Cereals,Wheat,Other,Local,"2,500.00","2,600.00","2,550.00",Rs./Quintal,5/1/2026
Rajasthan,Jaipur,Kishangarh Renwal APMC,Cereals,Wheat,Other,Local,"2,600.00","2,700.00","2,650.00",Rs./Quintal,31-12-2025
Rajasthan,Jaipur,Kishangarh Renwal APMC,Cereals,Wheat,Other,Local,"2,800.00","2,850.00","2,825.00",Rs./Quintal,29-12-2025
Rajasthan,Jaipur,Kishangarh Renwal APMC,Cereals,Wheat,Other,Local,"2,500.00","2,550.00","2,525.00",Rs./Quintal,25-12-2025
Rajasthan,Jaipur,Kishangarh Renwal APMC,Cereals,Wheat,Other,Local,"2,500.00","2,550.00","2,525.00",Rs./Quintal,23-12-2025
Rajasthan,Jaipur,Kishangarh Renwal APMC,Cereals,Wheat,Other,Local,"2,700.00","2,750.00","2,725.00",Rs./Quintal,22-12-2025
Rajasthan,Jaipur,Kishangarh Renwal APMC,Cereals,Wheat,Other,Local,"2,600.00","2,650.00","2,625.00",Rs./Quintal,11/12/2025
Rajasthan,Jaipur,Kishangarh Renwal APMC,Cereals,Wheat,Other,Local,"2,800.00","2,850.00","2,825.00",Rs./Quintal,7/12/2025
Rajasthan,Jaipur,Kishangarh Renwal APMC,Cereals,Wheat,Other,Local,"2,600.00","2,700.00","2,640.00",Rs./Quintal,3/12/2025
Rajasthan,Jaipur,Kishangarh Renwal APMC,Cereals,Wheat,Other,Local,"2,500.00","2,600.00","2,550.00",Rs./Quintal,30-11-2025
Rajasthan,Jaipur,Kishangarh Renwal APMC,Cereals,Wheat,Other,Local,"2,700.00","2,750.00","2,725.00",Rs./Quintal,27-11-2025
Rajasthan,Jaipur,Kishangarh Renwal APMC,Cereals,Wheat,Other,Local,"2,400.00","2,500.00","2,450.00",Rs./Quintal,24-11-2025
Rajasthan,Jaipur,Kishangarh Renwal APMC,Cereals,Wheat,Other,Local,"2,600.00","2,650.00","2,625.00",Rs./Quintal,23-11-2025
Rajasthan,Jaipur,Kishangarh Renwal APMC,Cereals,Wheat,Other,Local,"2,600.00","2,650.00","2,625.00",Rs./Quintal,20-11-2025
Rajasthan,Jaipur,Kishangarh Renwal APMC,Cereals,Wheat,Other,Local,"2,500.00","2,600.00","2,550.00",Rs./Quintal,17-11-2025
Rajasthan,Jaipur,Kishangarh Renwal APMC,Cereals,Wheat,Other,Local,"2,600.00","2,650.00","2,625.00",Rs./Quintal,13-11-2025
Rajasthan,Jaipur,Kishangarh Renwal APMC,Cereals,Wheat,Other,Local,"2,500.00","2,550.00","2,525.00",Rs./Quintal,12/11/2025
Rajasthan,Jaipur,Kishangarh Renwal APMC,Cereals,Wheat,Other,Local,"2,600.00","2,675.00","2,650.00",Rs./Quintal,11/11/2025
Rajasthan,Jaipur,Rajdhanai Mandi KukarKheda APMC,Cereals,Wheat,147 Average,Grade Range-2,"2,900.00","2,900.00","2,900.00",Rs./Quintal,8/6/2026
Rajasthan,Jaipur,Rajdhanai Mandi KukarKheda APMC,Cereals,Wheat,147 Average,Grade Range-2,"2,900.00","2,900.00","2,900.00",Rs./Quintal,4/6/2026
Rajasthan,Jaipur,Rajdhanai Mandi KukarKheda APMC,Cereals,Wheat,147 Average,Grade Range-2,"2,900.00","2,900.00","2,900.00",Rs./Quintal,3/6/2026
Rajasthan,Jaipur,Rajdhanai Mandi KukarKheda APMC,Cereals,Wheat,147 Average,Grade Range-2,"2,950.00","2,950.00","2,950.00",Rs./Quintal,2/6/2026
Rajasthan,Jaipur,Rajdhanai Mandi KukarKheda APMC,Cereals,Wheat,147 Average,Grade Range-2,"2,950.00","2,950.00","2,950.00",Rs./Quintal,1/6/2026
Rajasthan,Jaipur,Rajdhanai Mandi KukarKheda APMC,Cereals,Wheat,147 Average,Grade Range-2,"2,900.00","2,900.00","2,900.00",Rs./Quintal,26-05-2026
Rajasthan,Jaipur,Rajdhanai Mandi KukarKheda APMC,Cereals,Wheat,147 Average,Grade Range-2,"2,900.00","2,900.00","2,900.00",Rs./Quintal,25-05-2026
Rajasthan,Jaipur,Rajdhanai Mandi KukarKheda APMC,Cereals,Wheat,147 Average,Grade Range-2,"2,900.00","2,900.00","2,900.00",Rs./Quintal,22-05-2026
Rajasthan,Jaipur,Rajdhanai Mandi KukarKheda APMC,Cereals,Wheat,147 Average,Grade Range-2,"2,900.00","2,900.00","2,900.00",Rs./Quintal,21-05-2026
Rajasthan,Jaipur,Rajdhanai Mandi KukarKheda APMC,Cereals,Wheat,147 Average,Grade Range-2,"2,900.00","2,900.00","2,900.00",Rs./Quintal,19-05-2026
Rajasthan,Jaipur,Rajdhanai Mandi KukarKheda APMC,Cereals,Wheat,147 Average,Grade Range-2,"2,900.00","2,900.00","2,900.00",Rs./Quintal,18-05-2026
Rajasthan,Jaipur,Rajdhanai Mandi KukarKheda APMC,Cereals,Wheat,147 Average,Grade Range-2,"2,900.00","2,900.00","2,900.00",Rs./Quintal,7/5/2026
Rajasthan,Jaipur,Rajdhanai Mandi KukarKheda APMC,Cereals,Wheat,147 Average,Grade Range-2,"2,900.00","2,900.00","2,900.00",Rs./Quintal,6/5/2026
Rajasthan,Jaipur,Rajdhanai Mandi KukarKheda APMC,Cereals,Wheat,147 Average,Grade Range-2,"2,900.00","2,900.00","2,900.00",Rs./Quintal,30-04-2026
Rajasthan,Jaipur,Rajdhanai Mandi KukarKheda APMC,Cereals,Wheat,147 Average,Grade Range-2,"2,900.00","2,900.00","2,900.00",Rs./Quintal,29-04-2026
Rajasthan,Jaipur,Rajdhanai Mandi KukarKheda APMC,Cereals,Wheat,147 Average,Grade Range-2,"2,900.00","2,900.00","2,900.00",Rs./Quintal,28-04-2026
Rajasthan,Jaipur,Rajdhanai Mandi KukarKheda APMC,Cereals,Wheat,147 Average,Grade Range-2,"2,520.00","2,520.00","2,520.00",Rs./Quintal,24-04-2026
Rajasthan,Jaipur,Rajdhanai Mandi KukarKheda APMC,Cereals,Wheat,147 Average,Grade Range-2,"2,530.00","2,530.00","2,530.00",Rs./Quintal,23-04-2026
Rajasthan,Jaipur,Rajdhanai Mandi KukarKheda APMC,Cereals,Wheat,147 Average,Grade Range-2,"2,520.00","2,520.00","2,520.00",Rs./Quintal,22-04-2026
Rajasthan,Jaipur,Rajdhanai Mandi KukarKheda APMC,Cereals,Wheat,147 Average,Grade Range-2,"2,525.00","2,525.00","2,525.00",Rs./Quintal,21-04-2026
Rajasthan,Jaipur,Rajdhanai Mandi KukarKheda APMC,Cereals,Wheat,147 Average,Grade Range-2,"2,900.00","2,900.00","2,900.00",Rs./Quintal,17-03-2026
Rajasthan,Jaipur,Rajdhanai Mandi KukarKheda APMC,Cereals,Wheat,147 Average,Grade Range-2,"3,100.00","3,100.00","3,100.00",Rs./Quintal,5/3/2026
Rajasthan,Jaipur,Rajdhanai Mandi KukarKheda APMC,Cereals,Wheat,147 Average,Grade Range-2,"3,100.00","3,100.00","3,100.00",Rs./Quintal,17-02-2026
Rajasthan,Jaipur,Rajdhanai Mandi KukarKheda APMC,Cereals,Wheat,147 Average,Grade Range-2,"3,100.00","3,100.00","3,100.00",Rs./Quintal,11/2/2026
Rajasthan,Jaipur,Rajdhanai Mandi KukarKheda APMC,Cereals,Wheat,147 Average,Grade Range-2,"3,100.00","3,100.00","3,100.00",Rs./Quintal,27-01-2026
Rajasthan,Jaipur,Rajdhanai Mandi KukarKheda APMC,Cereals,Wheat,147 Average,Grade Range-2,"3,100.00","3,100.00","3,100.00",Rs./Quintal,23-12-2025
Rajasthan,Jaipur,Rajdhanai Mandi KukarKheda APMC,Cereals,Wheat,147 Average,Grade Range-2,"3,100.00","3,100.00","3,100.00",Rs./Quintal,16-12-2025
Rajasthan,Jaipur,Rajdhanai Mandi KukarKheda APMC,Cereals,Wheat,147 Average,Grade Range-2,"3,100.00","3,100.00","3,100.00",Rs./Quintal,10/12/2025
Rajasthan,Jaipur,Rajdhanai Mandi KukarKheda APMC,Cereals,Wheat,147 Average,Grade Range-2,"3,100.00","3,100.00","3,100.00",Rs./Quintal,2/12/2025
Rajasthan,Jaipur,Rajdhanai Mandi KukarKheda APMC,Cereals,Wheat,147 Average,Grade Range-2,"3,150.00","3,150.00","3,150.00",Rs./Quintal,28-11-2025
Rajasthan,Jaipur,Rajdhanai Mandi KukarKheda APMC,Cereals,Wheat,147 Average,Grade Range-2,"3,150.00","3,150.00","3,150.00",Rs./Quintal,20-11-2025
Rajasthan,Jaipur,Rajdhanai Mandi KukarKheda APMC,Cereals,Wheat,147 Average,Grade Range-2,"3,100.00","3,100.00","3,100.00",Rs./Quintal,14-11-2025
Rajasthan,Jaipur,Rajdhanai Mandi KukarKheda APMC,Cereals,Wheat,147 Average,Local,"3,200.00","3,200.00","3,200.00",Rs./Quintal,8/11/2025
Rajasthan,Jaipur,Bagru APMC,Cereals,Wheat,Other,FAQ,"2,500.00","2,600.00","2,550.00",Rs./Quintal,16-10-2025
Rajasthan,Jaipur,Bagru APMC,Cereals,Wheat,Other,FAQ,"2,400.00","2,600.00","2,500.00",Rs./Quintal,15-10-2025
Rajasthan,Jaipur,Bagru APMC,Cereals,Wheat,Other,FAQ,"2,400.00","2,600.00","2,500.00",Rs./Quintal,8/10/2025
Rajasthan,Jaipur,Bagru APMC,Cereals,Wheat,Other,FAQ,"2,400.00","2,500.00","2,450.00",Rs./Quintal,29-09-2025
Rajasthan,Jaipur,Bagru APMC,Cereals,Wheat,Other,FAQ,"2,500.00","2,600.00","2,500.00",Rs./Quintal,28-09-2025
Rajasthan,Jaipur,Bagru APMC,Cereals,Wheat,Other,FAQ,"2,450.00","2,500.00","2,475.00",Rs./Quintal,24-09-2025
Rajasthan,Jaipur,Bagru APMC,Cereals,Wheat,Other,FAQ,"2,400.00","2,600.00","2,500.00",Rs./Quintal,17-09-2025
Rajasthan,Jaipur,Bagru APMC,Cereals,Wheat,Other,FAQ,"2,400.00","2,420.00","2,410.00",Rs./Quintal,11/9/2025
Rajasthan,Jaipur,Bagru APMC,Cereals,Wheat,Other,FAQ,"2,400.00","2,400.00","2,400.00",Rs./Quintal,10/9/2025
Rajasthan,Jaipur,Bagru APMC,Cereals,Wheat,Other,FAQ,"2,300.00","2,500.00","2,400.00",Rs./Quintal,28-08-2025
Rajasthan,Jaipur,Bagru APMC,Cereals,Wheat,Other,FAQ,"2,300.00","2,500.00","2,400.00",Rs./Quintal,25-08-2025
Rajasthan,Jaipur,Bagru APMC,Cereals,Wheat,Other,FAQ,"2,400.00","2,460.00","2,430.00",Rs./Quintal,22-08-2025
Rajasthan,Jaipur,Bagru APMC,Cereals,Wheat,Other,FAQ,"2,300.00","2,500.00","2,400.00",Rs./Quintal,18-08-2025
Rajasthan,Jaipur,Bagru APMC,Cereals,Wheat,Other,FAQ,"2,400.00","2,500.00","2,450.00",Rs./Quintal,13-08-2025
Rajasthan,Jaipur,Bagru APMC,Cereals,Wheat,Other,FAQ,"2,400.00","2,600.00","2,500.00",Rs./Quintal,11/8/2025
Rajasthan,Jaipur,Bagru APMC,Cereals,Wheat,Other,FAQ,"2,500.00","2,500.00","2,500.00",Rs./Quintal,10/8/2025
Rajasthan,Jaipur,Bagru APMC,Cereals,Wheat,Other,FAQ,"2,400.00","2,500.00","2,450.00",Rs./Quintal,6/8/2025
Rajasthan,Jaipur,Bagru APMC,Cereals,Wheat,Other,FAQ,"2,500.00","2,600.00","2,550.00",Rs./Quintal,4/8/2025
Rajasthan,Jaipur,Bagru APMC,Cereals,Wheat,Other,FAQ,"2,500.00","2,600.00","2,550.00",Rs./Quintal,28-07-2025
Rajasthan,Jaipur,Bagru APMC,Cereals,Wheat,Other,FAQ,"2,400.00","2,600.00","2,500.00",Rs./Quintal,21-07-2025
Rajasthan,Jaipur,Bagru APMC,Cereals,Wheat,Other,FAQ,"2,400.00","2,600.00","2,500.00",Rs./Quintal,19-07-2025
Rajasthan,Jaipur,Bagru APMC,Cereals,Wheat,Other,FAQ,"2,500.00","2,500.00","2,500.00",Rs./Quintal,16-07-2025
Rajasthan,Jaipur,Bagru APMC,Cereals,Wheat,Other,FAQ,"2,400.00","2,600.00","2,500.00",Rs./Quintal,14-07-2025
Rajasthan,Jaipur,Bagru APMC,Cereals,Wheat,Other,FAQ,"2,700.00","2,900.00","2,800.00",Rs./Quintal,8/12/2024
Rajasthan,Jaipur,Bagru APMC,Cereals,Wheat,Other,FAQ,"2,700.00","2,800.00","2,750.00",Rs./Quintal,5/12/2024
Rajasthan,Jaipur,Bagru APMC,Cereals,Wheat,Other,FAQ,"2,700.00","2,800.00","2,750.00",Rs./Quintal,4/12/2024
Rajasthan,Jaipur,Bagru APMC,Cereals,Wheat,Other,FAQ,"2,600.00","2,600.00","2,600.00",Rs./Quintal,27-11-2024
Rajasthan,Jaipur,Bagru APMC,Cereals,Wheat,Other,FAQ,"2,500.00","2,700.00","2,600.00",Rs./Quintal,24-11-2024
Rajasthan,Jaipur,Bagru APMC,Cereals,Wheat,Other,FAQ,"2,700.00","2,800.00","2,750.00",Rs./Quintal,20-11-2024
Rajasthan,Jaipur,Bassi APMC,Cereals,Wheat,Other,Non-FAQ,"2,451.00","2,480.00","2,465.00",Rs./Quintal,6/11/2025
Rajasthan,Jaipur,Bassi APMC,Cereals,Wheat,Other,Non-FAQ,"2,430.00","2,551.00","2,490.00",Rs./Quintal,5/11/2025
Rajasthan,Jaipur,Bassi APMC,Cereals,Wheat,Other,Non-FAQ,"2,375.00","2,575.00","2,475.00",Rs./Quintal,4/11/2025
Rajasthan,Jaipur,Bassi APMC,Cereals,Wheat,Other,Non-FAQ,"2,430.00","2,550.00","2,490.00",Rs./Quintal,3/11/2025
Rajasthan,Jaipur,Bassi APMC,Cereals,Wheat,Other,Non-FAQ,"2,326.00","2,521.00","2,423.00",Rs./Quintal,1/11/2025
Rajasthan,Jaipur,Bassi APMC,Cereals,Wheat,Other,Non-FAQ,"2,440.00","2,440.00","2,440.00",Rs./Quintal,31-10-2025
Rajasthan,Jaipur,Bassi APMC,Cereals,Wheat,Other,Non-FAQ,"2,400.00","2,500.00","2,450.00",Rs./Quintal,30-10-2025
Rajasthan,Jaipur,Bassi APMC,Cereals,Wheat,Other,Non-FAQ,"2,421.00","2,481.00","2,451.00",Rs./Quintal,28-10-2025
Rajasthan,Jaipur,Bassi APMC,Cereals,Wheat,Other,Non-FAQ,"2,420.00","2,507.00","2,463.00",Rs./Quintal,27-10-2025
Rajasthan,Jaipur,Bassi APMC,Cereals,Wheat,Other,Non-FAQ,"2,439.00","2,500.00","2,469.00",Rs./Quintal,25-10-2025
Rajasthan,Jaipur,Bassi APMC,Cereals,Wheat,Other,Non-FAQ,"2,350.00","2,500.00","2,425.00",Rs./Quintal,18-10-2025
Rajasthan,Jaipur,Bassi APMC,Cereals,Wheat,Other,Non-FAQ,"2,440.00","2,485.00","2,462.00",Rs./Quintal,17-10-2025
Rajasthan,Jaipur,Bassi APMC,Cereals,Wheat,Other,Non-FAQ,"2,430.00","2,493.00","2,461.00",Rs./Quintal,16-10-2025
Rajasthan,Jaipur,Bassi APMC,Cereals,Wheat,Other,Non-FAQ,"2,410.00","2,480.00","2,445.00",Rs./Quintal,15-10-2025
Rajasthan,Jaipur,Bassi APMC,Cereals,Wheat,Other,Non-FAQ,"2,350.00","2,520.00","2,435.00",Rs./Quintal,14-10-2025
Rajasthan,Jaipur,Bassi APMC,Cereals,Wheat,Other,Non-FAQ,"2,399.00","2,540.00","2,469.00",Rs./Quintal,13-10-2025
Rajasthan,Jaipur,Bassi APMC,Cereals,Wheat,Other,Non-FAQ,"2,402.00","2,511.00","2,456.00",Rs./Quintal,11/10/2025
Rajasthan,Jaipur,Bassi APMC,Cereals,Wheat,Other,Non-FAQ,"2,450.00","2,530.00","2,490.00",Rs./Quintal,10/10/2025
Rajasthan,Jaipur,Bassi APMC,Cereals,Wheat,Other,Non-FAQ,"2,300.00","2,540.00","2,420.00",Rs./Quintal,9/10/2025
Rajasthan,Jaipur,Bassi APMC,Cereals,Wheat,Other,Non-FAQ,"2,440.00","2,542.00","2,491.00",Rs./Quintal,8/10/2025
Rajasthan,Jaipur,Bassi APMC,Cereals,Wheat,Other,Non-FAQ,"2,430.00","2,540.00","2,485.00",Rs./Quintal,7/10/2025
Rajasthan,Jaipur,Bassi APMC,Cereals,Wheat,Other,Non-FAQ,"2,448.00","2,546.00","2,497.00",Rs./Quintal,6/10/2025
Rajasthan,Jaipur,Bassi APMC,Cereals,Wheat,Other,Non-FAQ,"2,451.00","2,513.00","2,482.00",Rs./Quintal,4/10/2025
Rajasthan,Jaipur,Bassi APMC,Cereals,Wheat,Other,Non-FAQ,"2,470.00","2,560.00","2,515.00",Rs./Quintal,1/10/2025
Rajasthan,Jaipur,Bassi APMC,Cereals,Wheat,Other,Non-FAQ,"2,455.00","2,556.00","2,505.00",Rs./Quintal,30-09-2025
Rajasthan,Jaipur,Bassi APMC,Cereals,Wheat,Other,Non-FAQ,"2,475.00","2,532.00","2,503.00",Rs./Quintal,29-09-2025
Rajasthan,Jaipur,Bassi APMC,Cereals,Wheat,Other,Non-FAQ,"2,490.00","2,582.00","2,536.00",Rs./Quintal,27-09-2025
Rajasthan,Jaipur,Bassi APMC,Cereals,Wheat,Other,Non-FAQ,"2,519.00","2,579.00","2,549.00",Rs./Quintal,26-09-2025
Rajasthan,Jaipur,Bassi APMC,Cereals,Wheat,Other,Non-FAQ,"2,521.00","2,560.00","2,540.00",Rs./Quintal,25-09-2025
Rajasthan,Jaipur,Bassi APMC,Cereals,Wheat,Other,Non-FAQ,"2,390.00","2,580.00","2,485.00",Rs./Quintal,24-09-2025
Rajasthan,Jaipur,Bassi APMC,Cereals,Wheat,Other,Non-FAQ,"2,486.00","2,536.00","2,512.00",Rs./Quintal,23-09-2025
Rajasthan,Jaipur,Bassi APMC,Cereals,Wheat,Other,Non-FAQ,"2,440.00","2,584.00","2,512.00",Rs./Quintal,22-09-2025
Rajasthan,Jaipur,Bassi APMC,Cereals,Wheat,Other,Non-FAQ,"2,480.00","2,570.00","2,525.00",Rs./Quintal,20-09-2025
Rajasthan,Jaipur,Bassi APMC,Cereals,Wheat,Other,Non-FAQ,"2,481.00","2,551.00","2,516.00",Rs./Quintal,19-09-2025
Rajasthan,Jaipur,Bassi APMC,Cereals,Wheat,Other,Non-FAQ,"2,506.00","2,545.00","2,525.00",Rs./Quintal,18-09-2025
Rajasthan,Jaipur,Bassi APMC,Cereals,Wheat,Other,Non-FAQ,"2,421.00","2,552.00","2,486.00",Rs./Quintal,17-09-2025
Rajasthan,Jaipur,Bassi APMC,Cereals,Wheat,Other,Non-FAQ,"2,493.00","2,640.00","2,566.00",Rs./Quintal,16-09-2025
Rajasthan,Jaipur,Bassi APMC,Cereals,Wheat,Other,Non-FAQ,"2,529.00","2,610.00","2,569.00",Rs./Quintal,15-09-2025
Rajasthan,Jaipur,Bassi APMC,Cereals,Wheat,Other,Non-FAQ,"2,343.00","2,610.00","2,476.00",Rs./Quintal,13-09-2025
Rajasthan,Jaipur,Bassi APMC,Cereals,Wheat,Other,Non-FAQ,"2,328.00","2,613.00","2,470.00",Rs./Quintal,12/9/2025
Rajasthan,Jaipur,Bassi APMC,Cereals,Wheat,Other,Non-FAQ,"2,311.00","2,646.00","2,478.00",Rs./Quintal,11/9/2025
Rajasthan,Jaipur,Bassi APMC,Cereals,Wheat,Other,FAQ,"2,481.00","2,651.00","2,566.00",Rs./Quintal,9/9/2025
Rajasthan,Jaipur,Bassi APMC,Cereals,Wheat,Other,Non-FAQ,"2,526.00","2,655.00","2,590.00",Rs./Quintal,8/9/2025
Rajasthan,Jaipur,Bassi APMC,Cereals,Wheat,Other,Non-FAQ,"2,500.00","2,650.00","2,575.00",Rs./Quintal,6/9/2025
Rajasthan,Jaipur,Bassi APMC,Cereals,Wheat,Other,Non-FAQ,"2,525.00","2,570.00","2,547.00",Rs./Quintal,5/9/2025
Rajasthan,Jaipur,Bassi APMC,Cereals,Wheat,Other,Non-FAQ,"2,530.00","2,575.00","2,552.00",Rs./Quintal,1/9/2025
Rajasthan,Jaipur,Bassi APMC,Cereals,Wheat,Other,Non-FAQ,"2,525.00","2,581.00","2,553.00",Rs./Quintal,30-08-2025
Rajasthan,Jaipur,Bassi APMC,Cereals,Wheat,Other,Non-FAQ,"2,490.00","2,600.00","2,545.00",Rs./Quintal,29-08-2025
Rajasthan,Jaipur,Bassi APMC,Cereals,Wheat,Other,Non-FAQ,"2,522.00","2,560.00","2,541.00",Rs./Quintal,28-08-2025
Rajasthan,Jaipur,Bassi APMC,Cereals,Wheat,Other,Non-FAQ,"2,536.00","2,544.00","2,540.00",Rs./Quintal,27-08-2025
Rajasthan,Jaipur,Bassi APMC,Cereals,Wheat,Other,Non-FAQ,"2,501.00","2,585.00","2,543.00",Rs./Quintal,26-08-2025
Rajasthan,Jaipur,Bassi APMC,Cereals,Wheat,Other,Non-FAQ,"2,480.00","2,550.00","2,515.00",Rs./Quintal,22-08-2025
Rajasthan,Jaipur,Bassi APMC,Cereals,Wheat,Other,Non-FAQ,"2,445.00","2,611.00","2,528.00",Rs./Quintal,21-08-2025
Rajasthan,Jaipur,Bassi APMC,Cereals,Wheat,Other,Non-FAQ,"2,550.00","2,631.00","2,590.00",Rs./Quintal,20-08-2025
Rajasthan,Jaipur,Bassi APMC,Cereals,Wheat,Other,Non-FAQ,"2,482.00","2,611.00","2,546.00",Rs./Quintal,19-08-2025
Rajasthan,Jaipur,Bassi APMC,Cereals,Wheat,Other,Non-FAQ,"2,475.00","2,606.00","2,540.00",Rs./Quintal,18-08-2025
Rajasthan,Jaipur,Bassi APMC,Cereals,Wheat,Other,Non-FAQ,"2,552.00","2,600.00","2,576.00",Rs./Quintal,16-08-2025
Rajasthan,Jaipur,Bassi APMC,Cereals,Wheat,Other,Non-FAQ,"2,445.00","2,603.00","2,524.00",Rs./Quintal,14-08-2025
Rajasthan,Jaipur,Bassi APMC,Cereals,Wheat,Other,Non-FAQ,"2,540.00","2,641.00","2,590.00",Rs./Quintal,13-08-2025
Rajasthan,Jaipur,Bassi APMC,Cereals,Wheat,Other,Non-FAQ,"2,520.00","2,589.00","2,554.00",Rs./Quintal,12/8/2025
Rajasthan,Jaipur,Bassi APMC,Cereals,Wheat,Other,Non-FAQ,"2,405.00","2,590.00","2,497.00",Rs./Quintal,11/8/2025
Rajasthan,Jaipur,Bassi APMC,Cereals,Wheat,Other,Non-FAQ,"2,531.00","2,600.00","2,565.00",Rs./Quintal,8/8/2025
Rajasthan,Jaipur,Bassi APMC,Cereals,Wheat,Other,Non-FAQ,"2,450.00","2,620.00","2,535.00",Rs./Quintal,7/8/2025
Rajasthan,Jaipur,Bassi APMC,Cereals,Wheat,Other,Non-FAQ,"2,527.00","2,627.00","2,577.00",Rs./Quintal,6/8/2025
Rajasthan,Jaipur,Bassi APMC,Cereals,Wheat,Other,Non-FAQ,"2,514.00","2,625.00","2,569.00",Rs./Quintal,5/8/2025
Rajasthan,Jaipur,Bassi APMC,Cereals,Wheat,Other,Non-FAQ,"2,570.00","2,579.00","2,574.00",Rs./Quintal,4/8/2025
Rajasthan,Jaipur,Bassi APMC,Cereals,Wheat,Other,Non-FAQ,"2,580.00","2,626.00","2,603.00",Rs./Quintal,2/8/2025
Rajasthan,Jaipur,Bassi APMC,Cereals,Wheat,Other,Non-FAQ,"2,587.00","2,591.00","2,589.00",Rs./Quintal,31-07-2025
Rajasthan,Jaipur,Bassi APMC,Cereals,Wheat,Other,Non-FAQ,"2,521.00","2,603.00","2,563.00",Rs./Quintal,30-07-2025
Rajasthan,Jaipur,Bassi APMC,Cereals,Wheat,Other,Non-FAQ,"2,445.00","2,545.00","2,495.00",Rs./Quintal,29-07-2025
Rajasthan,Jaipur,Bassi APMC,Cereals,Wheat,Other,Non-FAQ,"2,431.00","2,551.00","2,491.00",Rs./Quintal,26-07-2025
Rajasthan,Jaipur,Bassi APMC,Cereals,Wheat,Other,Non-FAQ,"2,451.00","2,571.00","2,511.00",Rs./Quintal,25-07-2025
Rajasthan,Jaipur,Bassi APMC,Cereals,Wheat,Other,Non-FAQ,"2,305.00","2,550.00","2,427.00",Rs./Quintal,24-07-2025
Rajasthan,Jaipur,Bassi APMC,Cereals,Wheat,Other,Non-FAQ,"2,401.00","2,548.00","2,474.00",Rs./Quintal,23-07-2025
Rajasthan,Jaipur,Bassi APMC,Cereals,Wheat,Other,Non-FAQ,"2,489.00","2,522.00","2,505.00",Rs./Quintal,22-07-2025
Rajasthan,Jaipur,Bassi APMC,Cereals,Wheat,Other,Non-FAQ,"2,469.00","2,530.00","2,499.00",Rs./Quintal,21-07-2025
Rajasthan,Jaipur,Bassi APMC,Cereals,Wheat,Other,Non-FAQ,"2,469.00","2,518.00","2,493.00",Rs./Quintal,19-07-2025
Rajasthan,Jaipur,Bassi APMC,Cereals,Wheat,Other,Non-FAQ,"2,470.00","2,551.00","2,510.00",Rs./Quintal,18-07-2025
Rajasthan,Jaipur,Bassi APMC,Cereals,Wheat,Other,Non-FAQ,"2,443.00","2,550.00","2,496.00",Rs./Quintal,17-07-2025
Rajasthan,Jaipur,Bassi APMC,Cereals,Wheat,Other,Non-FAQ,"2,496.00","2,496.00","2,496.00",Rs./Quintal,16-07-2025
Rajasthan,Jaipur,Bassi APMC,Cereals,Wheat,Other,Non-FAQ,"2,425.00","2,491.00","2,458.00",Rs./Quintal,15-07-2025
Rajasthan,Jaipur,Bassi APMC,Cereals,Wheat,Other,Non-FAQ,"2,365.00","2,414.00","2,389.00",Rs./Quintal,14-07-2025
Rajasthan,Jaipur,Bassi APMC,Cereals,Wheat,Other,Non-FAQ,"2,459.00","2,470.00","2,464.00",Rs./Quintal,12/7/2025
Rajasthan,Jaipur,Bassi APMC,Cereals,Wheat,Other,Non-FAQ,"2,372.00","2,427.00","2,399.00",Rs./Quintal,11/7/2025
Rajasthan,Jaipur,Bassi APMC,Cereals,Wheat,Other,Non-FAQ,"2,410.00","2,455.00","2,432.00",Rs./Quintal,10/7/2025
Rajasthan,Jaipur,Bassi APMC,Cereals,Wheat,Other,Non-FAQ,"2,339.00","2,474.00","2,406.00",Rs./Quintal,9/7/2025
Rajasthan,Jaipur,Bassi APMC,Cereals,Wheat,Other,Non-FAQ,"2,411.00","2,451.00","2,431.00",Rs./Quintal,8/7/2025
Rajasthan,Jaipur,Bassi APMC,Cereals,Wheat,Other,Non-FAQ,"2,396.00","2,460.00","2,428.00",Rs./Quintal,7/7/2025
Rajasthan,Jaipur,Bassi APMC,Cereals,Wheat,Other,Non-FAQ,"2,372.00","2,456.00","2,414.00",Rs./Quintal,5/7/2025
Rajasthan,Jaipur,Bassi APMC,Cereals,Wheat,Other,Non-FAQ,"2,380.00","2,450.00","2,415.00",Rs./Quintal,4/7/2025
Rajasthan,Jaipur,Bassi APMC,Cereals,Wheat,Other,Non-FAQ,"2,350.00","2,464.00","2,407.00",Rs./Quintal,1/7/2025
Rajasthan,Jaipur,Bassi APMC,Cereals,Wheat,Other,Non-FAQ,"2,360.00","2,463.00","2,411.00",Rs./Quintal,30-06-2025
Rajasthan,Jaipur,Bassi APMC,Cereals,Wheat,Other,Non-FAQ,"2,371.00","2,475.00","2,423.00",Rs./Quintal,28-06-2025
Rajasthan,Jaipur,Bassi APMC,Cereals,Wheat,Other,Non-FAQ,"2,334.00","2,450.00","2,392.00",Rs./Quintal,27-06-2025
Rajasthan,Jaipur,Bassi APMC,Cereals,Wheat,Other,Non-FAQ,"2,350.00","2,443.00","2,396.00",Rs./Quintal,26-06-2025
Rajasthan,Jaipur,Bassi APMC,Cereals,Wheat,Other,Non-FAQ,"2,355.00","2,425.00","2,390.00",Rs./Quintal,25-06-2025
Rajasthan,Jaipur,Bassi APMC,Cereals,Wheat,Other,Non-FAQ,"2,300.00","2,420.00","2,360.00",Rs./Quintal,24-06-2025
Rajasthan,Jaipur,Bassi APMC,Cereals,Wheat,Other,Non-FAQ,"2,344.00","2,403.00","2,373.00",Rs./Quintal,23-06-2025
Rajasthan,Jaipur,Bassi APMC,Cereals,Wheat,Other,Non-FAQ,"2,380.00","2,470.00","2,425.00",Rs./Quintal,21-06-2025
Rajasthan,Jaipur,Bassi APMC,Cereals,Wheat,Other,Non-FAQ,"2,366.00","2,400.00","2,383.00",Rs./Quintal,20-06-2025
Rajasthan,Jaipur,Bassi APMC,Cereals,Wheat,Other,Non-FAQ,"2,320.00","2,420.00","2,370.00",Rs./Quintal,19-06-2025
Rajasthan,Jaipur,Bassi APMC,Cereals,Wheat,Other,Non-FAQ,"2,266.00","2,450.00","2,358.00",Rs./Quintal,18-06-2025
Rajasthan,Jaipur,Bassi APMC,Cereals,Wheat,Other,Non-FAQ,"2,350.00","2,430.00","2,390.00",Rs./Quintal,17-06-2025
Rajasthan,Jaipur,Bassi APMC,Cereals,Wheat,Other,Non-FAQ,"2,378.00","2,419.00","2,398.00",Rs./Quintal,16-06-2025
Rajasthan,Jaipur,Bassi APMC,Cereals,Wheat,Other,Non-FAQ,"2,366.00","2,450.00","2,408.00",Rs./Quintal,14-06-2025
Rajasthan,Jaipur,Bassi APMC,Cereals,Wheat,Other,FAQ,"2,354.00","2,425.00","2,389.00",Rs./Quintal,13-06-2025
Rajasthan,Jaipur,Bassi APMC,Cereals,Wheat,Other,Non-FAQ,"2,408.00","2,460.00","2,434.00",Rs./Quintal,12/6/2025
Rajasthan,Jaipur,Bassi APMC,Cereals,Wheat,Other,Non-FAQ,"2,331.00","2,434.00","2,382.00",Rs./Quintal,11/6/2025
Rajasthan,Jaipur,Bassi APMC,Cereals,Wheat,Other,Non-FAQ,"2,411.00","2,453.00","2,432.00",Rs./Quintal,10/6/2025
Rajasthan,Jaipur,Bassi APMC,Cereals,Wheat,Other,Non-FAQ,"2,370.00","2,435.00","2,402.00",Rs./Quintal,9/6/2025
Rajasthan,Jaipur,Bassi APMC,Cereals,Wheat,Other,Non-FAQ,"2,382.00","2,451.00","2,416.00",Rs./Quintal,7/6/2025
Rajasthan,Jaipur,Bassi APMC,Cereals,Wheat,Other,Non-FAQ,"2,410.00","2,450.00","2,430.00",Rs./Quintal,6/6/2025
Rajasthan,Jaipur,Bassi APMC,Cereals,Wheat,Other,Non-FAQ,"2,410.00","2,440.00","2,425.00",Rs./Quintal,5/6/2025
Rajasthan,Jaipur,Bassi APMC,Cereals,Wheat,Other,Non-FAQ,"2,415.00","2,501.00","2,458.00",Rs./Quintal,4/6/2025
Rajasthan,Jaipur,Bassi APMC,Cereals,Wheat,Other,Non-FAQ,"2,150.00","2,450.00","2,300.00",Rs./Quintal,3/6/2025
Rajasthan,Jaipur,Bassi APMC,Cereals,Wheat,Other,Non-FAQ,"2,419.00","2,466.00","2,442.00",Rs./Quintal,2/6/2025
Rajasthan,Jaipur,Bassi APMC,Cereals,Wheat,Other,Non-FAQ,"2,411.00","2,445.00","2,428.00",Rs./Quintal,31-05-2025
Rajasthan,Jaipur,Bassi APMC,Cereals,Wheat,Other,Non-FAQ,"2,421.00","2,460.00","2,440.00",Rs./Quintal,30-05-2025
Rajasthan,Jaipur,Bassi APMC,Cereals,Wheat,Other,Non-FAQ,"2,422.00","2,450.00","2,436.00",Rs./Quintal,29-05-2025
Rajasthan,Jaipur,Bassi APMC,Cereals,Wheat,Other,Non-FAQ,"2,310.00","2,475.00","2,392.00",Rs./Quintal,28-05-2025
Rajasthan,Jaipur,Bassi APMC,Cereals,Wheat,Other,Non-FAQ,"2,376.00","2,450.00","2,413.00",Rs./Quintal,27-05-2025
Rajasthan,Jaipur,Bassi APMC,Cereals,Wheat,Other,Non-FAQ,"2,410.00","2,476.00","2,443.00",Rs./Quintal,26-05-2025
Rajasthan,Jaipur,Bassi APMC,Cereals,Wheat,Other,Non-FAQ,"2,390.00","2,461.00","2,425.00",Rs./Quintal,24-05-2025
Rajasthan,Jaipur,Bassi APMC,Cereals,Wheat,Other,Non-FAQ,"2,351.00","2,480.00","2,415.00",Rs./Quintal,23-05-2025
Rajasthan,Jaipur,Bassi APMC,Cereals,Wheat,Other,Non-FAQ,"2,433.00","2,490.00","2,461.00",Rs./Quintal,22-05-2025
Rajasthan,Jaipur,Bassi APMC,Cereals,Wheat,Other,Non-FAQ,"2,340.00","2,522.00","2,431.00",Rs./Quintal,21-05-2025
Rajasthan,Jaipur,Bassi APMC,Cereals,Wheat,Other,Non-FAQ,"2,260.00","2,515.00","2,387.00",Rs./Quintal,20-05-2025
Rajasthan,Jaipur,Bassi APMC,Cereals,Wheat,Other,Non-FAQ,"2,400.00","2,615.00","2,507.00",Rs./Quintal,19-05-2025
Rajasthan,Jaipur,Bassi APMC,Cereals,Wheat,Other,Non-FAQ,"2,315.00","2,531.00","2,423.00",Rs./Quintal,17-05-2025
Rajasthan,Jaipur,Bassi APMC,Cereals,Wheat,Other,Non-FAQ,"2,250.00","2,562.00","2,406.00",Rs./Quintal,16-05-2025
Rajasthan,Jaipur,Bassi APMC,Cereals,Wheat,Other,Non-FAQ,"2,200.00","2,500.00","2,350.00",Rs./Quintal,15-05-2025
Rajasthan,Jaipur,Bassi APMC,Cereals,Wheat,Other,Non-FAQ,"2,427.00","2,545.00","2,486.00",Rs./Quintal,14-05-2025
Rajasthan,Jaipur,Bassi APMC,Cereals,Wheat,Other,Non-FAQ,"2,445.00","2,565.00","2,505.00",Rs./Quintal,13-05-2025
Rajasthan,Jaipur,Bassi APMC,Cereals,Wheat,Other,Non-FAQ,"2,350.00","2,578.00","2,464.00",Rs./Quintal,12/5/2025
Rajasthan,Jaipur,Bassi APMC,Cereals,Wheat,Other,Non-FAQ,"2,360.00","2,520.00","2,440.00",Rs./Quintal,10/5/2025
Rajasthan,Jaipur,Bassi APMC,Cereals,Wheat,Other,Non-FAQ,"2,379.00","2,470.00","2,424.00",Rs./Quintal,9/5/2025
Rajasthan,Jaipur,Bassi APMC,Cereals,Wheat,Other,Non-FAQ,"2,370.00","2,508.00","2,439.00",Rs./Quintal,8/5/2025
Rajasthan,Jaipur,Bassi APMC,Cereals,Wheat,Other,Non-FAQ,"2,369.00","2,463.00","2,416.00",Rs./Quintal,7/5/2025
Rajasthan,Jaipur,Bassi APMC,Cereals,Wheat,Other,Non-FAQ,"2,371.00","2,527.00","2,449.00",Rs./Quintal,6/5/2025
Rajasthan,Jaipur,Bassi APMC,Cereals,Wheat,Other,Non-FAQ,"2,330.00","2,486.00","2,408.00",Rs./Quintal,5/5/2025
Rajasthan,Jaipur,Bassi APMC,Cereals,Wheat,Other,Non-FAQ,"2,341.00","2,500.00","2,420.00",Rs./Quintal,3/5/2025
Rajasthan,Jaipur,Bassi APMC,Cereals,Wheat,Other,Non-FAQ,"2,416.00","2,462.00","2,439.00",Rs./Quintal,2/5/2025
Rajasthan,Jaipur,Bassi APMC,Cereals,Wheat,Other,Non-FAQ,"2,418.00","2,476.00","2,447.00",Rs./Quintal,1/5/2025
Rajasthan,Jaipur,Bassi APMC,Cereals,Wheat,Other,Non-FAQ,"2,324.00","2,503.00","2,413.00",Rs./Quintal,30-04-2025
Rajasthan,Jaipur,Bassi APMC,Cereals,Wheat,Other,Non-FAQ,"2,360.00","2,475.00","2,417.00",Rs./Quintal,29-04-2025
Rajasthan,Jaipur,Bassi APMC,Cereals,Wheat,Other,Non-FAQ,"2,244.00","2,531.00","2,387.00",Rs./Quintal,28-04-2025
Rajasthan,Jaipur,Bassi APMC,Cereals,Wheat,Other,Non-FAQ,"2,223.00","2,470.00","2,346.00",Rs./Quintal,26-04-2025
Rajasthan,Jaipur,Bassi APMC,Cereals,Wheat,Other,Non-FAQ,"2,341.00","2,400.00","2,370.00",Rs./Quintal,25-04-2025
Rajasthan,Jaipur,Bassi APMC,Cereals,Wheat,Other,Non-FAQ,"2,200.00","2,480.00","2,340.00",Rs./Quintal,24-04-2025
Rajasthan,Jaipur,Bassi APMC,Cereals,Wheat,Other,Non-FAQ,"2,200.00","2,500.00","2,350.00",Rs./Quintal,22-04-2025
Rajasthan,Jaipur,Bassi APMC,Cereals,Wheat,Other,Non-FAQ,"2,325.00","2,575.00","2,450.00",Rs./Quintal,21-04-2025
Rajasthan,Jaipur,Bassi APMC,Cereals,Wheat,Other,Non-FAQ,"2,371.00","2,500.00","2,435.00",Rs./Quintal,19-04-2025
Rajasthan,Jaipur,Bassi APMC,Cereals,Wheat,Other,Non-FAQ,"2,185.00","2,481.00","2,333.00",Rs./Quintal,18-04-2025
Rajasthan,Jaipur,Bassi APMC,Cereals,Wheat,Other,Non-FAQ,"2,300.00","2,510.00","2,405.00",Rs./Quintal,17-04-2025
Rajasthan,Jaipur,Bassi APMC,Cereals,Wheat,Other,Non-FAQ,"2,300.00","2,500.00","2,400.00",Rs./Quintal,16-04-2025
Rajasthan,Jaipur,Bassi APMC,Cereals,Wheat,Other,Non-FAQ,"2,225.00","2,447.00","2,336.00",Rs./Quintal,15-04-2025
Rajasthan,Jaipur,Bassi APMC,Cereals,Wheat,Other,Non-FAQ,"2,312.00","2,480.00","2,396.00",Rs./Quintal,14-04-2025
Rajasthan,Jaipur,Bassi APMC,Cereals,Wheat,Other,Non-FAQ,"2,150.00","2,500.00","2,325.00",Rs./Quintal,12/4/2025
Rajasthan,Jaipur,Bassi APMC,Cereals,Wheat,Other,Non-FAQ,"2,250.00","2,460.00","2,355.00",Rs./Quintal,11/4/2025
Rajasthan,Jaipur,Bassi APMC,Cereals,Wheat,Other,Non-FAQ,"2,300.00","2,660.00","2,480.00",Rs./Quintal,10/4/2025
Rajasthan,Jaipur,Bassi APMC,Cereals,Wheat,Other,Non-FAQ,"2,150.00","2,455.00","2,302.00",Rs./Quintal,9/4/2025
Rajasthan,Jaipur,Bassi APMC,Cereals,Wheat,Other,Non-FAQ,"2,330.00","2,490.00","2,410.00",Rs./Quintal,8/4/2025
Rajasthan,Jaipur,Bassi APMC,Cereals,Wheat,Other,Non-FAQ,"2,230.00","2,450.00","2,340.00",Rs./Quintal,7/4/2025
Rajasthan,Jaipur,Bassi APMC,Cereals,Wheat,Other,Non-FAQ,"2,200.00","2,745.00","2,337.00",Rs./Quintal,5/4/2025
Rajasthan,Jaipur,Bassi APMC,Cereals,Wheat,Other,Non-FAQ,"2,309.00","2,430.00","2,369.00",Rs./Quintal,4/4/2025
Rajasthan,Jaipur,Bassi APMC,Cereals,Wheat,Other,Non-FAQ,"2,225.00","2,410.00","2,317.00",Rs./Quintal,3/4/2025
Rajasthan,Jaipur,Bassi APMC,Cereals,Wheat,Other,Non-FAQ,"2,290.00","2,468.00","2,379.00",Rs./Quintal,29-03-2025
Rajasthan,Jaipur,Bassi APMC,Cereals,Wheat,Other,Non-FAQ,"2,300.00","2,476.00","2,388.00",Rs./Quintal,28-03-2025
Rajasthan,Jaipur,Bassi APMC,Cereals,Wheat,Other,Non-FAQ,"2,490.00","2,580.00","2,535.00",Rs./Quintal,27-03-2025
Rajasthan,Jaipur,Bassi APMC,Cereals,Wheat,Other,Non-FAQ,"2,471.00","2,580.00","2,525.00",Rs./Quintal,26-03-2025
Rajasthan,Jaipur,Bassi APMC,Cereals,Wheat,Other,Non-FAQ,"2,401.00","2,456.00","2,428.00",Rs./Quintal,25-03-2025
Rajasthan,Jaipur,Bassi APMC,Cereals,Wheat,Other,Non-FAQ,"2,436.00","2,595.00","2,515.00",Rs./Quintal,24-03-2025
Rajasthan,Jaipur,Bassi APMC,Cereals,Wheat,Other,Non-FAQ,"2,375.00","2,645.00","2,510.00",Rs./Quintal,22-03-2025
Rajasthan,Jaipur,Bassi APMC,Cereals,Wheat,Other,Non-FAQ,"2,595.00","2,675.00","2,635.00",Rs./Quintal,21-03-2025
Rajasthan,Jaipur,Bassi APMC,Cereals,Wheat,Other,Non-FAQ,"2,620.00","2,746.00","2,683.00",Rs./Quintal,18-03-2025
Rajasthan,Jaipur,Bassi APMC,Cereals,Wheat,Other,Non-FAQ,"2,580.00","2,865.00","2,722.00",Rs./Quintal,17-03-2025
Rajasthan,Jaipur,Bassi APMC,Cereals,Wheat,Other,Non-FAQ,"2,422.00","2,826.00","2,624.00",Rs./Quintal,15-03-2025
Rajasthan,Jaipur,Bassi APMC,Cereals,Wheat,Other,Non-FAQ,"2,335.00","2,850.00","2,595.00",Rs./Quintal,12/3/2025
Rajasthan,Jaipur,Bassi APMC,Cereals,Wheat,Other,Non-FAQ,"2,576.00","2,900.00","2,738.00",Rs./Quintal,11/3/2025
Rajasthan,Jaipur,Bassi APMC,Cereals,Wheat,Other,Non-FAQ,"2,650.00","2,941.00","2,795.00",Rs./Quintal,10/3/2025
Rajasthan,Jaipur,Bassi APMC,Cereals,Wheat,Other,Non-FAQ,"2,550.00","2,925.00","2,737.00",Rs./Quintal,8/3/2025
Rajasthan,Jaipur,Bassi APMC,Cereals,Wheat,Other,Non-FAQ,"2,751.00","3,025.00","2,888.00",Rs./Quintal,7/3/2025
Rajasthan,Jaipur,Bassi APMC,Cereals,Wheat,Other,Non-FAQ,"2,680.00","2,950.00","2,815.00",Rs./Quintal,6/3/2025
Rajasthan,Jaipur,Bassi APMC,Cereals,Wheat,Other,Non-FAQ,"2,500.00","2,980.00","2,740.00",Rs./Quintal,5/3/2025
Rajasthan,Jaipur,Bassi APMC,Cereals,Wheat,Other,Non-FAQ,"2,696.00","3,052.00","2,874.00",Rs./Quintal,4/3/2025
Rajasthan,Jaipur,Bassi APMC,Cereals,Wheat,Other,Non-FAQ,"3,011.00","3,172.00","3,091.00",Rs./Quintal,24-02-2025
Rajasthan,Jaipur,Bassi APMC,Cereals,Wheat,Other,Non-FAQ,"3,021.00","3,195.00","3,108.00",Rs./Quintal,21-02-2025
Rajasthan,Jaipur,Bassi APMC,Cereals,Wheat,Other,Non-FAQ,"3,016.00","3,175.00","3,118.00",Rs./Quintal,20-02-2025
Rajasthan,Jaipur,Bassi APMC,Cereals,Wheat,Other,Non-FAQ,"2,960.00","3,093.00","3,026.00",Rs./Quintal,18-02-2025
Rajasthan,Jaipur,Bassi APMC,Cereals,Wheat,Other,Non-FAQ,"2,850.00","3,090.00","2,970.00",Rs./Quintal,17-02-2025
Rajasthan,Jaipur,Bassi APMC,Cereals,Wheat,Other,Non-FAQ,"2,900.00","2,920.00","2,910.00",Rs./Quintal,15-02-2025
Rajasthan,Jaipur,Bassi APMC,Cereals,Wheat,Other,FAQ,"2,790.00","2,962.00","2,876.00",Rs./Quintal,14-02-2025
Rajasthan,Jaipur,Bassi APMC,Cereals,Wheat,Other,Non-FAQ,"2,811.00","3,070.00","2,940.00",Rs./Quintal,13-02-2025
Rajasthan,Jaipur,Bassi APMC,Cereals,Wheat,Other,Non-FAQ,"2,875.00","2,875.00","2,875.00",Rs./Quintal,12/2/2025
Rajasthan,Jaipur,Bassi APMC,Cereals,Wheat,Other,Non-FAQ,"2,862.00","2,957.00","2,909.00",Rs./Quintal,11/2/2025
Rajasthan,Jaipur,Bassi APMC,Cereals,Wheat,Other,Non-FAQ,"2,753.00","2,785.00","2,769.00",Rs./Quintal,10/2/2025
Rajasthan,Jaipur,Bassi APMC,Cereals,Wheat,Other,Non-FAQ,"2,801.00","2,975.00","2,888.00",Rs./Quintal,8/2/2025
Rajasthan,Jaipur,Bassi APMC,Cereals,Wheat,Other,Non-FAQ,"2,775.00","2,946.00","2,860.00",Rs./Quintal,7/2/2025
Rajasthan,Jaipur,Bassi APMC,Cereals,Wheat,Other,Non-FAQ,"2,800.00","2,890.00","2,845.00",Rs./Quintal,6/2/2025
Rajasthan,Jaipur,Bassi APMC,Cereals,Wheat,Other,Non-FAQ,"2,735.00","2,910.00","2,822.00",Rs./Quintal,5/2/2025
Rajasthan,Jaipur,Bassi APMC,Cereals,Wheat,Other,Non-FAQ,"2,741.00","2,871.00","2,806.00",Rs./Quintal,4/2/2025
Rajasthan,Jaipur,Bassi APMC,Cereals,Wheat,Other,Non-FAQ,"2,800.00","2,960.00","2,880.00",Rs./Quintal,3/2/2025
Rajasthan,Jaipur,Bassi APMC,Cereals,Wheat,Other,Non-FAQ,"2,845.00","3,010.00","2,927.00",Rs./Quintal,1/2/2025
Rajasthan,Jaipur,Bassi APMC,Cereals,Wheat,Other,Non-FAQ,"2,925.00","3,088.00","3,006.00",Rs./Quintal,31-01-2025
Rajasthan,Jaipur,Bassi APMC,Cereals,Wheat,Other,Non-FAQ,"2,991.00","3,077.00","3,034.00",Rs./Quintal,30-01-2025
Rajasthan,Jaipur,Bassi APMC,Cereals,Wheat,Other,Non-FAQ,"2,800.00","3,110.00","2,955.00",Rs./Quintal,29-01-2025
Rajasthan,Jaipur,Bassi APMC,Cereals,Wheat,Other,Non-FAQ,"3,000.00","3,088.00","3,044.00",Rs./Quintal,28-01-2025
Rajasthan,Jaipur,Bassi APMC,Cereals,Wheat,Other,Non-FAQ,"2,952.00","3,073.00","3,012.00",Rs./Quintal,27-01-2025
Rajasthan,Jaipur,Bassi APMC,Cereals,Wheat,Other,Non-FAQ,"2,975.00","3,121.00","3,048.00",Rs./Quintal,25-01-2025
Rajasthan,Jaipur,Bassi APMC,Cereals,Wheat,Other,Non-FAQ,"2,950.00","3,071.00","3,010.00",Rs./Quintal,24-01-2025
Rajasthan,Jaipur,Bassi APMC,Cereals,Wheat,Other,Non-FAQ,"3,001.00","3,143.00","3,072.00",Rs./Quintal,23-01-2025
Rajasthan,Jaipur,Bassi APMC,Cereals,Wheat,Other,Non-FAQ,"2,971.00","3,153.00","3,062.00",Rs./Quintal,22-01-2025
Rajasthan,Jaipur,Bassi APMC,Cereals,Wheat,Other,Non-FAQ,"3,025.00","3,122.00","3,073.00",Rs./Quintal,21-01-2025
Rajasthan,Jaipur,Bassi APMC,Cereals,Wheat,Other,Non-FAQ,"2,951.00","3,135.00","3,043.00",Rs./Quintal,20-01-2025
Rajasthan,Jaipur,Bassi APMC,Cereals,Wheat,Other,FAQ,"3,050.00","3,125.00","3,087.00",Rs./Quintal,16-01-2025
Rajasthan,Jaipur,Bassi APMC,Cereals,Wheat,Other,FAQ,"3,040.00","3,144.00","3,092.00",Rs./Quintal,15-01-2025
Rajasthan,Jaipur,Bassi APMC,Cereals,Wheat,Other,FAQ,"3,020.00","3,060.00","3,040.00",Rs./Quintal,13-01-2025
Rajasthan,Jaipur,Bassi APMC,Cereals,Wheat,Other,FAQ,"3,030.00","3,111.00","3,070.00",Rs./Quintal,11/1/2025
Rajasthan,Jaipur,Bassi APMC,Cereals,Wheat,Other,FAQ,"2,875.00","3,111.00","2,993.00",Rs./Quintal,9/1/2025
Rajasthan,Jaipur,Bassi APMC,Cereals,Wheat,Other,FAQ,"3,075.00","3,086.00","3,080.00",Rs./Quintal,8/1/2025
Rajasthan,Jaipur,Bassi APMC,Cereals,Wheat,Other,FAQ,"2,990.00","3,107.00","3,048.00",Rs./Quintal,7/1/2025
Rajasthan,Jaipur,Bassi APMC,Cereals,Wheat,Other,FAQ,"2,950.00","3,120.00","3,035.00",Rs./Quintal,6/1/2025
Rajasthan,Jaipur,Bassi APMC,Cereals,Wheat,Other,FAQ,"2,751.00","3,094.00","2,922.00",Rs./Quintal,4/1/2025
Rajasthan,Jaipur,Bassi APMC,Cereals,Wheat,Other,FAQ,"2,960.00","3,079.00","3,019.00",Rs./Quintal,3/1/2025
Rajasthan,Jaipur,Bassi APMC,Cereals,Wheat,Other,FAQ,"2,910.00","2,960.00","2,935.00",Rs./Quintal,2/1/2025
Rajasthan,Jaipur,Bassi APMC,Cereals,Wheat,Other,FAQ,"2,900.00","2,931.00","2,915.00",Rs./Quintal,31-12-2024
Rajasthan,Jaipur,Bassi APMC,Cereals,Wheat,Other,FAQ,"2,500.00","2,850.00","2,675.00",Rs./Quintal,28-12-2024
Rajasthan,Jaipur,Bassi APMC,Cereals,Wheat,Other,FAQ,"2,861.00","3,000.00","2,930.00",Rs./Quintal,27-12-2024
Rajasthan,Jaipur,Bassi APMC,Cereals,Wheat,Other,FAQ,"2,840.00","2,922.00","2,881.00",Rs./Quintal,26-12-2024
Rajasthan,Jaipur,Bassi APMC,Cereals,Wheat,Other,FAQ,"2,350.00","2,865.00","2,607.00",Rs./Quintal,25-12-2024
Rajasthan,Jaipur,Bassi APMC,Cereals,Wheat,Other,FAQ,"2,840.00","2,875.00","2,857.00",Rs./Quintal,17-12-2024
Rajasthan,Jaipur,Bassi APMC,Cereals,Wheat,Other,FAQ,"2,861.00","2,940.00","2,900.00",Rs./Quintal,16-12-2024
Rajasthan,Jaipur,Bassi APMC,Cereals,Wheat,Other,FAQ,"2,792.00","2,829.00","2,810.00",Rs./Quintal,14-12-2024
Rajasthan,Jaipur,Bassi APMC,Cereals,Wheat,Other,FAQ,"2,745.00","2,825.00","2,785.00",Rs./Quintal,13-12-2024
Rajasthan,Jaipur,Bassi APMC,Cereals,Wheat,Other,FAQ,"2,803.00","2,844.00","2,823.00",Rs./Quintal,12/12/2024
Rajasthan,Jaipur,Bassi APMC,Cereals,Wheat,Other,FAQ,"2,724.00","2,815.00","2,769.00",Rs./Quintal,11/12/2024
Rajasthan,Jaipur,Bassi APMC,Cereals,Wheat,Other,FAQ,"2,770.00","2,815.00","2,792.00",Rs./Quintal,10/12/2024
Rajasthan,Jaipur,Bassi APMC,Cereals,Wheat,Other,FAQ,"2,789.00","2,851.00","2,820.00",Rs./Quintal,9/12/2024
Rajasthan,Jaipur,Bassi APMC,Cereals,Wheat,Other,FAQ,"2,826.00","2,890.00","2,858.00",Rs./Quintal,7/12/2024
Rajasthan,Jaipur,Bassi APMC,Cereals,Wheat,Other,FAQ,"2,790.00","2,816.00","2,803.00",Rs./Quintal,6/12/2024
Rajasthan,Jaipur,Bassi APMC,Cereals,Wheat,Other,FAQ,"2,750.00","2,849.00","2,796.00",Rs./Quintal,5/12/2024
Rajasthan,Jaipur,Bassi APMC,Cereals,Wheat,Other,FAQ,"2,380.00","2,870.00","2,625.00",Rs./Quintal,4/12/2024
Rajasthan,Jaipur,Bassi APMC,Cereals,Wheat,Other,FAQ,"2,774.00","2,825.00","2,799.00",Rs./Quintal,3/12/2024
Rajasthan,Jaipur,Bassi APMC,Cereals,Wheat,Other,FAQ,"2,765.00","2,868.00","2,816.00",Rs./Quintal,2/12/2024
Rajasthan,Jaipur,Bassi APMC,Cereals,Wheat,Other,FAQ,"2,809.00","2,915.00","2,862.00",Rs./Quintal,30-11-2024
Rajasthan,Jaipur,Bassi APMC,Cereals,Wheat,Other,FAQ,"2,756.00","2,830.00","2,793.00",Rs./Quintal,29-11-2024
Rajasthan,Jaipur,Bassi APMC,Cereals,Wheat,Other,FAQ,"2,764.00","2,828.00","2,796.00",Rs./Quintal,28-11-2024
Rajasthan,Jaipur,Bassi APMC,Cereals,Wheat,Other,FAQ,"2,680.00","2,900.00","2,790.00",Rs./Quintal,27-11-2024
Rajasthan,Jaipur,Bassi APMC,Cereals,Wheat,Other,FAQ,"2,745.00","2,829.00","2,787.00",Rs./Quintal,26-11-2024
Rajasthan,Jaipur,Bassi APMC,Cereals,Wheat,Other,FAQ,"2,790.00","2,863.00","2,826.00",Rs./Quintal,25-11-2024
Rajasthan,Jaipur,Bassi APMC,Cereals,Wheat,Other,FAQ,"2,871.00","2,960.00","2,915.00",Rs./Quintal,23-11-2024
Rajasthan,Jaipur,Bassi APMC,Cereals,Wheat,Other,FAQ,"2,750.00","2,848.00","2,799.00",Rs./Quintal,22-11-2024
Rajasthan,Jaipur,Bassi APMC,Cereals,Wheat,Other,FAQ,"2,773.00","2,843.00","2,808.00",Rs./Quintal,21-11-2024
Rajasthan,Jaipur,Bassi APMC,Cereals,Wheat,Other,FAQ,"2,750.00","2,854.00","2,802.00",Rs./Quintal,20-11-2024
Rajasthan,Jaipur,Bassi APMC,Cereals,Wheat,Other,FAQ,"2,600.00","2,909.00","2,754.00",Rs./Quintal,19-11-2024
Rajasthan,Jaipur,Bassi APMC,Cereals,Wheat,Other,FAQ,"2,765.00","2,940.00","2,852.00",Rs./Quintal,18-11-2024
Rajasthan,Jaipur,Bassi APMC,Cereals,Wheat,Other,FAQ,"2,787.00","2,850.00","2,818.00",Rs./Quintal,16-11-2024
Rajasthan,Jaipur,Bassi APMC,Cereals,Wheat,Other,FAQ,"2,371.00","2,915.00","2,643.00",Rs./Quintal,15-11-2024
Rajasthan,Jaipur,Bassi APMC,Cereals,Wheat,Other,FAQ,"2,710.00","2,850.00","2,780.00",Rs./Quintal,13-11-2024
Rajasthan,Jaipur,Bassi APMC,Cereals,Wheat,Other,FAQ,"2,750.00","2,888.00","2,819.00",Rs./Quintal,12/11/2024
Rajasthan,Jaipur,Bassi APMC,Cereals,Wheat,Other,FAQ,"2,761.00","2,845.00","2,803.00",Rs./Quintal,11/11/2024
Rajasthan,Jaipur,Bassi APMC,Cereals,Wheat,Other,FAQ,"2,721.00","2,925.00","2,823.00",Rs./Quintal,9/11/2024
Rajasthan,Jaipur,Bassi APMC,Cereals,Wheat,Other,FAQ,"2,779.00","2,900.00","2,839.00",Rs./Quintal,8/11/2024
Rajasthan,Jaipur,Bassi APMC,Cereals,Wheat,Other,FAQ,"2,780.00","2,863.00","2,821.00",Rs./Quintal,7/11/2024
Rajasthan,Jaipur,Chaksu APMC,Cereals,Wheat,Other,Non-FAQ,"2,480.00","2,500.00","2,495.00",Rs./Quintal,16-10-2025
Rajasthan,Jaipur,Chaksu APMC,Cereals,Wheat,Other,Non-FAQ,"2,480.00","2,540.00","2,500.00",Rs./Quintal,15-10-2025
Rajasthan,Jaipur,Chaksu APMC,Cereals,Wheat,Other,Non-FAQ,"2,480.00","2,525.00","2,500.00",Rs./Quintal,14-10-2025
Rajasthan,Jaipur,Chaksu APMC,Cereals,Wheat,Other,Non-FAQ,"2,480.00","2,550.00","2,500.00",Rs./Quintal,11/10/2025
Rajasthan,Jaipur,Chaksu APMC,Cereals,Wheat,Other,Non-FAQ,"2,480.00","2,550.00","2,500.00",Rs./Quintal,10/10/2025
Rajasthan,Jaipur,Chaksu APMC,Cereals,Wheat,Other,Non-FAQ,"2,500.00","2,530.00","2,525.00",Rs./Quintal,8/10/2025
Rajasthan,Jaipur,Chaksu APMC,Cereals,Wheat,Other,Non-FAQ,"2,470.00","2,540.00","2,500.00",Rs./Quintal,4/10/2025
Rajasthan,Jaipur,Chaksu APMC,Cereals,Wheat,Other,Non-FAQ,"2,400.00","2,550.00","2,500.00",Rs./Quintal,3/10/2025
Rajasthan,Jaipur,Chaksu APMC,Cereals,Wheat,Other,Non-FAQ,"2,400.00","2,550.00","2,500.00",Rs./Quintal,27-09-2025
Rajasthan,Jaipur,Chaksu APMC,Cereals,Wheat,Other,Non-FAQ,"2,450.00","2,550.00","2,500.00",Rs./Quintal,26-09-2025
Rajasthan,Jaipur,Chaksu APMC,Cereals,Wheat,Other,Non-FAQ,"2,451.00","2,525.00","2,500.00",Rs./Quintal,25-09-2025
Rajasthan,Jaipur,Chaksu APMC,Cereals,Wheat,Other,Non-FAQ,"2,300.00","2,550.00","2,530.00",Rs./Quintal,23-09-2025
Rajasthan,Jaipur,Chaksu APMC,Cereals,Wheat,Other,Non-FAQ,"2,500.00","2,531.00","2,514.00",Rs./Quintal,20-09-2025
Rajasthan,Jaipur,Chaksu APMC,Cereals,Wheat,Other,Non-FAQ,"2,223.00","2,590.00","2,560.00",Rs./Quintal,19-09-2025
Rajasthan,Jaipur,Chaksu APMC,Cereals,Wheat,Other,Non-FAQ,"2,300.00","2,561.00","2,550.00",Rs./Quintal,17-09-2025
Rajasthan,Jaipur,Chaksu APMC,Cereals,Wheat,Other,Non-FAQ,"2,501.00","2,618.00","2,590.00",Rs./Quintal,16-09-2025
Rajasthan,Jaipur,Chaksu APMC,Cereals,Wheat,Other,Non-FAQ,"2,540.00","2,600.00","2,580.00",Rs./Quintal,15-09-2025
Rajasthan,Jaipur,Chaksu APMC,Cereals,Wheat,Other,Non-FAQ,"2,450.00","2,611.00","2,500.00",Rs./Quintal,11/9/2025
Rajasthan,Jaipur,Chaksu APMC,Cereals,Wheat,Other,Non-FAQ,"2,451.00","2,611.00","2,550.00",Rs./Quintal,10/9/2025
Rajasthan,Jaipur,Chaksu APMC,Cereals,Wheat,Other,Non-FAQ,"2,590.00","2,638.00","2,600.00",Rs./Quintal,9/9/2025
Rajasthan,Jaipur,Chaksu APMC,Cereals,Wheat,Other,Non-FAQ,"2,500.00","2,601.00","2,600.00",Rs./Quintal,8/9/2025
Rajasthan,Jaipur,Chaksu APMC,Cereals,Wheat,Other,Non-FAQ,"2,500.00","2,500.00","2,500.00",Rs./Quintal,6/9/2025
Rajasthan,Jaipur,Chaksu APMC,Cereals,Wheat,Other,Non-FAQ,"2,500.00","2,525.00","2,500.00",Rs./Quintal,5/9/2025
Rajasthan,Jaipur,Chaksu APMC,Cereals,Wheat,Other,Non-FAQ,"2,482.00","2,511.00","2,500.00",Rs./Quintal,30-08-2025
Rajasthan,Jaipur,Chaksu APMC,Cereals,Wheat,Other,Non-FAQ,"2,475.00","2,565.00","2,500.00",Rs./Quintal,29-08-2025
Rajasthan,Jaipur,Chaksu APMC,Cereals,Wheat,Other,Non-FAQ,"2,480.00","2,525.00","2,500.00",Rs./Quintal,28-08-2025
Rajasthan,Jaipur,Chaksu APMC,Cereals,Wheat,Other,Non-FAQ,"2,511.00","2,550.00","2,550.00",Rs./Quintal,25-08-2025
Rajasthan,Jaipur,Chaksu APMC,Cereals,Wheat,Other,Non-FAQ,"2,475.00","2,575.00","2,550.00",Rs./Quintal,21-08-2025
Rajasthan,Jaipur,Chaksu APMC,Cereals,Wheat,Other,Non-FAQ,"2,400.00","2,597.00","2,550.00",Rs./Quintal,20-08-2025
Rajasthan,Jaipur,Chaksu APMC,Cereals,Wheat,Other,Non-FAQ,"2,535.00","2,590.00","2,555.00",Rs./Quintal,19-08-2025
Rajasthan,Jaipur,Chaksu APMC,Cereals,Wheat,Other,Non-FAQ,"2,530.00","2,630.00","2,550.00",Rs./Quintal,18-08-2025
Rajasthan,Jaipur,Chaksu APMC,Cereals,Wheat,Other,Non-FAQ,"2,520.00","2,600.00","2,580.00",Rs./Quintal,11/8/2025
Rajasthan,Jaipur,Chaksu APMC,Cereals,Wheat,Other,Non-FAQ,"2,530.00","2,595.00","2,550.00",Rs./Quintal,6/8/2025
Rajasthan,Jaipur,Chaksu APMC,Cereals,Wheat,Other,Non-FAQ,"2,530.00","2,590.00","2,570.00",Rs./Quintal,5/8/2025
Rajasthan,Jaipur,Chaksu APMC,Cereals,Wheat,Other,Non-FAQ,"2,530.00","2,618.00","2,600.00",Rs./Quintal,4/8/2025
Rajasthan,Jaipur,Chaksu APMC,Cereals,Wheat,Other,Non-FAQ,"2,590.00","2,695.00","2,600.00",Rs./Quintal,2/8/2025
Rajasthan,Jaipur,Chaksu APMC,Cereals,Wheat,Other,Non-FAQ,"2,600.00","2,631.00","2,611.00",Rs./Quintal,1/8/2025
Rajasthan,Jaipur,Chaksu APMC,Cereals,Wheat,Other,Non-FAQ,"2,600.00","2,600.00","2,600.00",Rs./Quintal,31-07-2025
Rajasthan,Jaipur,Chaksu APMC,Cereals,Wheat,Other,Non-FAQ,"2,600.00","2,600.00","2,600.00",Rs./Quintal,30-07-2025
Rajasthan,Jaipur,Chaksu APMC,Cereals,Wheat,Other,Non-FAQ,"2,560.00","2,611.00","2,600.00",Rs./Quintal,29-07-2025
Rajasthan,Jaipur,Chaksu APMC,Cereals,Wheat,Other,Non-FAQ,"2,500.00","2,600.00","2,550.00",Rs./Quintal,28-07-2025
Rajasthan,Jaipur,Chaksu APMC,Cereals,Wheat,Other,Non-FAQ,"2,500.00","2,560.00","2,550.00",Rs./Quintal,26-07-2025
Rajasthan,Jaipur,Chaksu APMC,Cereals,Wheat,Other,Non-FAQ,"2,375.00","2,580.00","2,500.00",Rs./Quintal,25-07-2025
Rajasthan,Jaipur,Chaksu APMC,Cereals,Wheat,Other,FAQ,"2,511.00","2,575.00","2,550.00",Rs./Quintal,23-07-2025
Rajasthan,Jaipur,Chaksu APMC,Cereals,Wheat,Other,Non-FAQ,"2,300.00","2,575.00","2,550.00",Rs./Quintal,22-07-2025
Rajasthan,Jaipur,Chaksu APMC,Cereals,Wheat,Other,Non-FAQ,"2,525.00","2,611.00","2,545.00",Rs./Quintal,21-07-2025
Rajasthan,Jaipur,Chaksu APMC,Cereals,Wheat,Other,Non-FAQ,"2,540.00","2,585.00","2,571.00",Rs./Quintal,19-07-2025
Rajasthan,Jaipur,Chaksu APMC,Cereals,Wheat,Other,Non-FAQ,"2,540.00","2,596.00","2,580.00",Rs./Quintal,18-07-2025
Rajasthan,Jaipur,Chaksu APMC,Cereals,Wheat,Other,Non-FAQ,"2,520.00","2,546.00","2,542.00",Rs./Quintal,17-07-2025
Rajasthan,Jaipur,Chaksu APMC,Cereals,Wheat,Other,Non-FAQ,"2,470.00","2,530.00","2,480.00",Rs./Quintal,16-07-2025
Rajasthan,Jaipur,Chaksu APMC,Cereals,Wheat,Other,Non-FAQ,"2,485.00","2,495.00","2,490.00",Rs./Quintal,14-07-2025
Rajasthan,Jaipur,Chaksu APMC,Cereals,Wheat,Other,Non-FAQ,"2,450.00","2,592.00","2,460.00",Rs./Quintal,12/7/2025
Rajasthan,Jaipur,Chaksu APMC,Cereals,Wheat,Other,Non-FAQ,"2,000.00","2,487.00","2,470.00",Rs./Quintal,11/7/2025
Rajasthan,Jaipur,Chaksu APMC,Cereals,Wheat,Other,Non-FAQ,"2,429.00","2,461.00","2,450.00",Rs./Quintal,10/7/2025
Rajasthan,Jaipur,Chaksu APMC,Cereals,Wheat,Other,Non-FAQ,"2,385.00","2,478.00","2,400.00",Rs./Quintal,9/7/2025
Rajasthan,Jaipur,Chaksu APMC,Cereals,Wheat,Other,Non-FAQ,"2,375.00","2,475.00","2,450.00",Rs./Quintal,8/7/2025
Rajasthan,Jaipur,Chaksu APMC,Cereals,Wheat,Other,Non-FAQ,"2,421.00","2,466.00","2,445.00",Rs./Quintal,5/7/2025
Rajasthan,Jaipur,Chaksu APMC,Cereals,Wheat,Other,Non-FAQ,"2,390.00","2,440.00","2,435.00",Rs./Quintal,4/7/2025
Rajasthan,Jaipur,Chaksu APMC,Cereals,Wheat,Other,Non-FAQ,"2,411.00","2,420.00","2,415.00",Rs./Quintal,3/7/2025
Rajasthan,Jaipur,Chaksu APMC,Cereals,Wheat,Other,Non-FAQ,"2,350.00","2,450.00","2,400.00",Rs./Quintal,23-06-2025
Rajasthan,Jaipur,Chaksu APMC,Cereals,Wheat,Other,Non-FAQ,"4,600.00","4,600.00","4,600.00",Rs./Quintal,21-06-2025
Rajasthan,Jaipur,Chaksu APMC,Cereals,Wheat,Other,Non-FAQ,"2,400.00","2,516.00","2,450.00",Rs./Quintal,4/6/2025
Rajasthan,Jaipur,Chaksu APMC,Cereals,Wheat,Other,Non-FAQ,"2,300.00","2,500.00","2,450.00",Rs./Quintal,3/6/2025
Rajasthan,Jaipur,Chaksu APMC,Cereals,Wheat,Other,Non-FAQ,"2,050.00","2,510.00","2,450.00",Rs./Quintal,2/6/2025
Rajasthan,Jaipur,Chaksu APMC,Cereals,Wheat,Other,Non-FAQ,"4,000.00","4,000.00","4,000.00",Rs./Quintal,31-05-2025
Rajasthan,Jaipur,Chaksu APMC,Cereals,Wheat,Other,Non-FAQ,"2,200.00","2,500.00","2,450.00",Rs./Quintal,30-05-2025
Rajasthan,Jaipur,Chaksu APMC,Cereals,Wheat,Other,Non-FAQ,"2,200.00","2,475.00","2,350.00",Rs./Quintal,29-05-2025
Rajasthan,Jaipur,Chaksu APMC,Cereals,Wheat,Other,Non-FAQ,"2,200.00","2,500.00","2,400.00",Rs./Quintal,28-05-2025
Rajasthan,Jaipur,Chaksu APMC,Cereals,Wheat,Other,Non-FAQ,"2,100.00","2,675.00","2,500.00",Rs./Quintal,27-05-2025
Rajasthan,Jaipur,Chaksu APMC,Cereals,Wheat,Other,Non-FAQ,"2,200.00","2,500.00","2,400.00",Rs./Quintal,26-05-2025
Rajasthan,Jaipur,Chaksu APMC,Cereals,Wheat,Other,Non-FAQ,"2,200.00","3,100.00","2,500.00",Rs./Quintal,24-05-2025
Rajasthan,Jaipur,Chaksu APMC,Cereals,Wheat,Other,Non-FAQ,"2,200.00","2,500.00","2,400.00",Rs./Quintal,23-05-2025
Rajasthan,Jaipur,Chaksu APMC,Cereals,Wheat,Other,Non-FAQ,"2,100.00","2,500.00","2,450.00",Rs./Quintal,22-05-2025
Rajasthan,Jaipur,Chaksu APMC,Cereals,Wheat,Other,Non-FAQ,"2,200.00","2,525.00","2,400.00",Rs./Quintal,21-05-2025
Rajasthan,Jaipur,Chaksu APMC,Cereals,Wheat,Other,Non-FAQ,"2,100.00","2,500.00","2,451.00",Rs./Quintal,20-05-2025
Rajasthan,Jaipur,Chaksu APMC,Cereals,Wheat,Other,Non-FAQ,"2,000.00","2,525.00","2,450.00",Rs./Quintal,19-05-2025
Rajasthan,Jaipur,Chaksu APMC,Cereals,Wheat,Other,Non-FAQ,"2,200.00","2,550.00","2,400.00",Rs./Quintal,16-05-2025
Rajasthan,Jaipur,Chaksu APMC,Cereals,Wheat,Other,Non-FAQ,"2,100.00","2,575.00","2,450.00",Rs./Quintal,15-05-2025
Rajasthan,Jaipur,Chaksu APMC,Cereals,Wheat,Other,Non-FAQ,"2,300.00","2,550.00","2,500.00",Rs./Quintal,13-05-2025
Rajasthan,Jaipur,Chaksu APMC,Cereals,Wheat,Other,Non-FAQ,"2,200.00","2,450.00","2,400.00",Rs./Quintal,12/5/2025
Rajasthan,Jaipur,Chaksu APMC,Cereals,Wheat,Other,Non-FAQ,"2,200.00","2,545.00","2,500.00",Rs./Quintal,10/5/2025
Rajasthan,Jaipur,Chaksu APMC,Cereals,Wheat,Other,Non-FAQ,"2,200.00","2,545.00","2,500.00",Rs./Quintal,9/5/2025
Rajasthan,Jaipur,Chaksu APMC,Cereals,Wheat,Other,Non-FAQ,"2,200.00","2,525.00","2,500.00",Rs./Quintal,6/5/2025
Rajasthan,Jaipur,Chaksu APMC,Cereals,Wheat,Other,Non-FAQ,"2,200.00","2,600.00","2,500.00",Rs./Quintal,5/5/2025
Rajasthan,Jaipur,Chaksu APMC,Cereals,Wheat,Other,Non-FAQ,"2,100.00","2,470.00","2,300.00",Rs./Quintal,3/5/2025
Rajasthan,Jaipur,Chaksu APMC,Cereals,Wheat,Other,Non-FAQ,"2,200.00","2,500.00","2,400.00",Rs./Quintal,2/5/2025
Rajasthan,Jaipur,Chaksu APMC,Cereals,Wheat,Other,Non-FAQ,"2,430.00","2,475.00","2,460.00",Rs./Quintal,30-04-2025
Rajasthan,Jaipur,Chaksu APMC,Cereals,Wheat,Other,Non-FAQ,"2,100.00","2,475.00","2,450.00",Rs./Quintal,29-04-2025
Rajasthan,Jaipur,Chaksu APMC,Cereals,Wheat,Other,Non-FAQ,"2,200.00","2,495.00","2,400.00",Rs./Quintal,28-04-2025
Rajasthan,Jaipur,Chaksu APMC,Cereals,Wheat,Other,Non-FAQ,"2,200.00","2,500.00","2,450.00",Rs./Quintal,26-04-2025
Rajasthan,Jaipur,Chaksu APMC,Cereals,Wheat,Other,Non-FAQ,"2,200.00","2,450.00","2,400.00",Rs./Quintal,25-04-2025
Rajasthan,Jaipur,Chaksu APMC,Cereals,Wheat,Other,Non-FAQ,"2,200.00","2,457.00","2,400.00",Rs./Quintal,24-04-2025
Rajasthan,Jaipur,Chaksu APMC,Cereals,Wheat,Other,Non-FAQ,"2,050.00","2,466.00","2,400.00",Rs./Quintal,23-04-2025
Rajasthan,Jaipur,Chaksu APMC,Cereals,Wheat,Other,Non-FAQ,"2,200.00","2,500.00","2,450.00",Rs./Quintal,22-04-2025
Rajasthan,Jaipur,Chaksu APMC,Cereals,Wheat,Other,Non-FAQ,"2,200.00","2,488.00","2,300.00",Rs./Quintal,19-04-2025
Rajasthan,Jaipur,Chaksu APMC,Cereals,Wheat,Other,Non-FAQ,"2,200.00","2,475.00","2,400.00",Rs./Quintal,17-04-2025
Rajasthan,Jaipur,Chaksu APMC,Cereals,Wheat,Other,Non-FAQ,"2,050.00","2,475.00","2,400.00",Rs./Quintal,16-04-2025
Rajasthan,Jaipur,Chaksu APMC,Cereals,Wheat,Other,Non-FAQ,"2,200.00","2,460.00","2,400.00",Rs./Quintal,15-04-2025
Rajasthan,Jaipur,Chaksu APMC,Cereals,Wheat,Other,Non-FAQ,"2,100.00","2,400.00","2,350.00",Rs./Quintal,14-04-2025
Rajasthan,Jaipur,Chaksu APMC,Cereals,Wheat,Other,Non-FAQ,"2,200.00","2,412.00","2,350.00",Rs./Quintal,12/4/2025
Rajasthan,Jaipur,Chaksu APMC,Cereals,Wheat,Other,Non-FAQ,"2,155.00","2,412.00","2,400.00",Rs./Quintal,11/4/2025
Rajasthan,Jaipur,Chaksu APMC,Cereals,Wheat,Other,Non-FAQ,"2,200.00","2,450.00","2,350.00",Rs./Quintal,9/4/2025
Rajasthan,Jaipur,Chaksu APMC,Cereals,Wheat,Other,Non-FAQ,"2,251.00","2,400.00","2,350.00",Rs./Quintal,8/4/2025
Rajasthan,Jaipur,Chaksu APMC,Cereals,Wheat,Other,Non-FAQ,"2,300.00","2,545.00","2,400.00",Rs./Quintal,7/4/2025
Rajasthan,Jaipur,Chaksu APMC,Cereals,Wheat,Other,Non-FAQ,"2,300.00","2,454.00","2,361.00",Rs./Quintal,5/4/2025
Rajasthan,Jaipur,Chaksu APMC,Cereals,Wheat,Other,Non-FAQ,"2,300.00","2,450.00","2,400.00",Rs./Quintal,4/4/2025
Rajasthan,Jaipur,Chaksu APMC,Cereals,Wheat,Other,Non-FAQ,"2,300.00","2,400.00","2,360.00",Rs./Quintal,3/4/2025
Rajasthan,Jaipur,Chaksu APMC,Cereals,Wheat,Other,Non-FAQ,"2,250.00","2,450.00","2,350.00",Rs./Quintal,2/4/2025
Rajasthan,Jaipur,Chaksu APMC,Cereals,Wheat,Other,Non-FAQ,"2,000.00","2,490.00","2,450.00",Rs./Quintal,27-03-2025
Rajasthan,Jaipur,Chaksu APMC,Cereals,Wheat,Other,Non-FAQ,"2,200.00","2,500.00","2,450.00",Rs./Quintal,26-03-2025
Rajasthan,Jaipur,Chaksu APMC,Cereals,Wheat,Other,Non-FAQ,"2,300.00","2,502.00","2,450.00",Rs./Quintal,25-03-2025
Rajasthan,Jaipur,Chaksu APMC,Cereals,Wheat,Other,Non-FAQ,"2,300.00","2,505.00","2,474.00",Rs./Quintal,24-03-2025
Rajasthan,Jaipur,Chaksu APMC,Cereals,Wheat,Other,Non-FAQ,"2,431.00","2,511.00","2,480.00",Rs./Quintal,19-03-2025
Rajasthan,Jaipur,Chaksu APMC,Cereals,Wheat,Other,Non-FAQ,"2,417.00","2,558.00","2,450.00",Rs./Quintal,18-03-2025
Rajasthan,Jaipur,Chaksu APMC,Cereals,Wheat,Other,Non-FAQ,"2,400.00","2,606.00","2,502.00",Rs./Quintal,17-03-2025
Rajasthan,Jaipur,Chaksu APMC,Cereals,Wheat,Other,Non-FAQ,"2,398.00","2,650.00","2,600.00",Rs./Quintal,15-03-2025
Rajasthan,Jaipur,Chaksu APMC,Cereals,Wheat,Other,Non-FAQ,"2,200.00","2,860.00","2,750.00",Rs./Quintal,11/3/2025
Rajasthan,Jaipur,Chaksu APMC,Cereals,Wheat,Other,Non-FAQ,"2,620.00","2,832.00","2,751.00",Rs./Quintal,10/3/2025
Rajasthan,Jaipur,Chaksu APMC,Cereals,Wheat,Other,Non-FAQ,"2,601.00","2,825.00","2,751.00",Rs./Quintal,8/3/2025
Rajasthan,Jaipur,Chaksu APMC,Cereals,Wheat,Other,Non-FAQ,"2,690.00","2,850.00","2,800.00",Rs./Quintal,7/3/2025
Rajasthan,Jaipur,Chaksu APMC,Cereals,Wheat,Other,Non-FAQ,"2,675.00","2,890.00","2,800.00",Rs./Quintal,6/3/2025
Rajasthan,Jaipur,Chaksu APMC,Cereals,Wheat,Other,Non-FAQ,"2,770.00","2,900.00","2,800.00",Rs./Quintal,5/3/2025
Rajasthan,Jaipur,Chaksu APMC,Cereals,Wheat,Other,Non-FAQ,"3,141.00","3,145.00","3,141.00",Rs./Quintal,22-02-2025
Rajasthan,Jaipur,Chaksu APMC,Cereals,Wheat,Other,Non-FAQ,"2,955.00","3,101.00","3,052.00",Rs./Quintal,21-02-2025
Rajasthan,Jaipur,Chaksu APMC,Cereals,Wheat,Other,Non-FAQ,"3,051.00","3,072.00","3,060.00",Rs./Quintal,20-02-2025
Rajasthan,Jaipur,Chaksu APMC,Cereals,Wheat,Other,Non-FAQ,"2,811.00","3,141.00","3,060.00",Rs./Quintal,19-02-2025
Rajasthan,Jaipur,Chaksu APMC,Cereals,Wheat,Other,Non-FAQ,"2,811.00","3,141.00","3,060.00",Rs./Quintal,17-02-2025
Rajasthan,Jaipur,Chaksu APMC,Cereals,Wheat,Other,Non-FAQ,"3,250.00","3,250.00","3,250.00",Rs./Quintal,15-02-2025
Rajasthan,Jaipur,Chaksu APMC,Cereals,Wheat,Other,Non-FAQ,"3,120.00","3,120.00","3,120.00",Rs./Quintal,14-02-2025
Rajasthan,Jaipur,Chaksu APMC,Cereals,Wheat,Other,Non-FAQ,"2,790.00","3,075.00","3,000.00",Rs./Quintal,13-02-2025
Rajasthan,Jaipur,Chaksu APMC,Cereals,Wheat,Other,Non-FAQ,"2,850.00","3,067.00","2,875.00",Rs./Quintal,12/2/2025
Rajasthan,Jaipur,Chaksu APMC,Cereals,Wheat,Other,Non-FAQ,"2,800.00","2,922.00","2,900.00",Rs./Quintal,6/2/2025
Rajasthan,Jaipur,Chaksu APMC,Cereals,Wheat,Other,Non-FAQ,"2,821.00","2,915.00","2,850.00",Rs./Quintal,5/2/2025
Rajasthan,Jaipur,Chaksu APMC,Cereals,Wheat,Other,Non-FAQ,"2,811.00","2,960.00","2,858.00",Rs./Quintal,3/2/2025
Rajasthan,Jaipur,Chaksu APMC,Cereals,Wheat,Other,Non-FAQ,"2,800.00","2,951.00","2,900.00",Rs./Quintal,1/2/2025
Rajasthan,Jaipur,Chaksu APMC,Cereals,Wheat,Other,Non-FAQ,"2,811.00","2,996.00","2,925.00",Rs./Quintal,31-01-2025
Rajasthan,Jaipur,Chaksu APMC,Cereals,Wheat,Other,Non-FAQ,"2,800.00","3,045.00","3,000.00",Rs./Quintal,30-01-2025
Rajasthan,Jaipur,Chaksu APMC,Cereals,Wheat,Other,FAQ,"2,901.00","3,152.00","3,141.00",Rs./Quintal,29-01-2025
Rajasthan,Jaipur,Chaksu APMC,Cereals,Wheat,Other,FAQ,"2,921.00","3,052.00","3,000.00",Rs./Quintal,27-01-2025
Rajasthan,Jaipur,Chaksu APMC,Cereals,Wheat,Other,FAQ,"3,000.00","3,080.00","3,045.00",Rs./Quintal,25-01-2025
Rajasthan,Jaipur,Chaksu APMC,Cereals,Wheat,Other,FAQ,"2,930.00","3,130.00","3,050.00",Rs./Quintal,24-01-2025
Rajasthan,Jaipur,Chaksu APMC,Cereals,Wheat,Other,FAQ,"3,000.00","3,176.00","3,136.00",Rs./Quintal,22-01-2025
Rajasthan,Jaipur,Chaksu APMC,Cereals,Wheat,Other,FAQ,"3,000.00","3,151.00","3,146.00",Rs./Quintal,21-01-2025
Rajasthan,Jaipur,Chaksu APMC,Cereals,Wheat,Other,FAQ,"2,890.00","3,141.00","3,000.00",Rs./Quintal,20-01-2025
Rajasthan,Jaipur,Chaksu APMC,Cereals,Wheat,Other,Non-FAQ,"3,000.00","3,150.00","3,120.00",Rs./Quintal,18-01-2025
Rajasthan,Jaipur,Chaksu APMC,Cereals,Wheat,Other,Non-FAQ,"2,900.00","3,146.00","2,951.00",Rs./Quintal,17-01-2025
Rajasthan,Jaipur,Chaksu APMC,Cereals,Wheat,Other,FAQ,"3,050.00","3,100.00","3,100.00",Rs./Quintal,12/1/2025
Rajasthan,Jaipur,Chaksu APMC,Cereals,Wheat,Other,FAQ,"3,010.00","3,100.00","3,050.00",Rs./Quintal,11/1/2025
Rajasthan,Jaipur,Chaksu APMC,Cereals,Wheat,Other,FAQ,"2,881.00","3,070.00","3,050.00",Rs./Quintal,10/1/2025
Rajasthan,Jaipur,Chaksu APMC,Cereals,Wheat,Other,FAQ,"3,000.00","3,078.00","3,060.00",Rs./Quintal,9/1/2025
Rajasthan,Jaipur,Chaksu APMC,Cereals,Wheat,Other,FAQ,"2,950.00","3,050.00","3,000.00",Rs./Quintal,8/1/2025
Rajasthan,Jaipur,Chaksu APMC,Cereals,Wheat,Other,FAQ,"3,012.00","3,061.00","3,035.00",Rs./Quintal,7/1/2025
Rajasthan,Jaipur,Chaksu APMC,Cereals,Wheat,Other,FAQ,"3,028.00","3,111.00","3,101.00",Rs./Quintal,6/1/2025
Rajasthan,Jaipur,Chaksu APMC,Cereals,Wheat,Other,FAQ,"2,990.00","3,050.00","3,013.00",Rs./Quintal,4/1/2025
Rajasthan,Jaipur,Chaksu APMC,Cereals,Wheat,Other,FAQ,"3,030.00","3,095.00","3,050.00",Rs./Quintal,3/1/2025
Rajasthan,Jaipur,Chaksu APMC,Cereals,Wheat,Other,FAQ,"2,990.00","3,051.00","3,000.00",Rs./Quintal,2/1/2025
Rajasthan,Jaipur,Chaksu APMC,Cereals,Wheat,Other,FAQ,"2,976.00","3,121.00","3,000.00",Rs./Quintal,1/1/2025
Rajasthan,Jaipur,Chaksu APMC,Cereals,Wheat,Other,FAQ,"3,000.00","3,085.00","3,065.00",Rs./Quintal,31-12-2024
Rajasthan,Jaipur,Chaksu APMC,Cereals,Wheat,Other,FAQ,"2,900.00","3,075.00","2,950.00",Rs./Quintal,30-12-2024
Rajasthan,Jaipur,Chaksu APMC,Cereals,Wheat,Other,FAQ,"2,862.00","2,940.00","2,900.00",Rs./Quintal,27-12-2024
Rajasthan,Jaipur,Chaksu APMC,Cereals,Wheat,Other,FAQ,"2,800.00","2,950.00","2,900.00",Rs./Quintal,26-12-2024
Rajasthan,Jaipur,Chaksu APMC,Cereals,Wheat,Other,FAQ,"2,896.00","2,969.00","2,900.00",Rs./Quintal,25-12-2024
Rajasthan,Jaipur,Chaksu APMC,Cereals,Wheat,Other,FAQ,"2,800.00","2,926.00","2,867.00",Rs./Quintal,23-12-2024
Rajasthan,Jaipur,Chaksu APMC,Cereals,Wheat,Other,FAQ,"2,770.00","2,883.00","2,800.00",Rs./Quintal,21-12-2024
Rajasthan,Jaipur,Chaksu APMC,Cereals,Wheat,Other,FAQ,"2,600.00","2,900.00","2,870.00",Rs./Quintal,20-12-2024
Rajasthan,Jaipur,Chaksu APMC,Cereals,Wheat,Other,FAQ,"2,750.00","2,830.00","2,800.00",Rs./Quintal,19-12-2024
Rajasthan,Jaipur,Chaksu APMC,Cereals,Wheat,Other,FAQ,"2,780.00","2,860.00","2,818.00",Rs./Quintal,18-12-2024
Rajasthan,Jaipur,Chaksu APMC,Cereals,Wheat,Other,FAQ,"2,750.00","2,880.00","2,800.00",Rs./Quintal,17-12-2024
Rajasthan,Jaipur,Chaksu APMC,Cereals,Wheat,Other,FAQ,"2,608.00","2,900.00","2,800.00",Rs./Quintal,16-12-2024
Rajasthan,Jaipur,Chaksu APMC,Cereals,Wheat,Other,FAQ,"2,760.00","2,882.00","2,800.00",Rs./Quintal,14-12-2024
Rajasthan,Jaipur,Chaksu APMC,Cereals,Wheat,Other,FAQ,"2,810.00","2,900.00","2,828.00",Rs./Quintal,13-12-2024
Rajasthan,Jaipur,Chaksu APMC,Cereals,Wheat,Other,FAQ,"2,740.00","2,821.00","2,800.00",Rs./Quintal,12/12/2024
Rajasthan,Jaipur,Chaksu APMC,Cereals,Wheat,Other,FAQ,"2,725.00","2,848.00","2,820.00",Rs./Quintal,11/12/2024
Rajasthan,Jaipur,Chaksu APMC,Cereals,Wheat,Other,FAQ,"2,700.00","2,862.00","2,800.00",Rs./Quintal,10/12/2024
Rajasthan,Jaipur,Chaksu APMC,Cereals,Wheat,Other,FAQ,"2,600.00","2,800.00","2,770.00",Rs./Quintal,9/12/2024
Rajasthan,Jaipur,Chaksu APMC,Cereals,Wheat,Other,FAQ,"2,716.00","2,860.00","2,800.00",Rs./Quintal,7/12/2024
Rajasthan,Jaipur,Chaksu APMC,Cereals,Wheat,Other,FAQ,"2,700.00","2,872.00","2,750.00",Rs./Quintal,6/12/2024
Rajasthan,Jaipur,Chaksu APMC,Cereals,Wheat,Other,FAQ,"2,700.00","2,811.00","2,750.00",Rs./Quintal,3/12/2024
Rajasthan,Jaipur,Chaksu APMC,Cereals,Wheat,Other,FAQ,"2,685.00","2,848.00","2,800.00",Rs./Quintal,30-11-2024
Rajasthan,Jaipur,Chaksu APMC,Cereals,Wheat,Other,FAQ,"2,700.00","2,825.00","2,800.00",Rs./Quintal,29-11-2024
Rajasthan,Jaipur,Chaksu APMC,Cereals,Wheat,Other,FAQ,"2,700.00","2,889.00","2,800.00",Rs./Quintal,28-11-2024
Rajasthan,Jaipur,Chaksu APMC,Cereals,Wheat,Other,FAQ,"2,725.00","2,890.00","2,800.00",Rs./Quintal,27-11-2024
Rajasthan,Jaipur,Chaksu APMC,Cereals,Wheat,Other,FAQ,"2,700.00","2,818.00","2,750.00",Rs./Quintal,26-11-2024
Rajasthan,Jaipur,Chaksu APMC,Cereals,Wheat,Other,FAQ,"2,690.00","2,981.00","2,800.00",Rs./Quintal,25-11-2024
Rajasthan,Jaipur,Chaksu APMC,Cereals,Wheat,Other,FAQ,"2,750.00","2,930.00","2,850.00",Rs./Quintal,21-11-2024
Rajasthan,Jaipur,Chaksu APMC,Cereals,Wheat,Other,FAQ,"2,525.00","2,851.00","2,800.00",Rs./Quintal,20-11-2024
Rajasthan,Jaipur,Chaksu APMC,Cereals,Wheat,Other,FAQ,"2,600.00","2,931.00","2,800.00",Rs./Quintal,19-11-2024
Rajasthan,Jaipur,Chaksu APMC,Cereals,Wheat,Other,FAQ,"2,225.00","2,878.00","2,800.00",Rs./Quintal,18-11-2024
Rajasthan,Jaipur,Chaksu APMC,Cereals,Wheat,Other,FAQ,"2,751.00","2,878.00","2,800.00",Rs./Quintal,16-11-2024
Rajasthan,Jaipur,Chaksu APMC,Cereals,Wheat,Other,FAQ,"2,760.00","2,840.00","2,800.00",Rs./Quintal,15-11-2024
Rajasthan,Jaipur,Chaksu APMC,Cereals,Wheat,Other,FAQ,"2,770.00","2,860.00","2,800.00",Rs./Quintal,14-11-2024
Rajasthan,Jaipur,Chaksu APMC,Cereals,Wheat,Other,FAQ,"2,740.00","2,890.00","2,800.00",Rs./Quintal,11/11/2024
Rajasthan,Jaipur,Chaksu APMC,Cereals,Wheat,Other,FAQ,"2,765.00","2,900.00","2,800.00",Rs./Quintal,7/11/2024
Rajasthan,Jaipur,Chomu Grain APMC,Cereals,Wheat,Other,Non-FAQ,"2,846.00","2,846.00","2,846.00",Rs./Quintal,25-10-2025
Rajasthan,Jaipur,Chomu Grain APMC,Cereals,Wheat,Other,Non-FAQ,"2,400.00","2,400.00","2,400.00",Rs./Quintal,24-10-2025
Rajasthan,Jaipur,Chomu Grain APMC,Cereals,Wheat,Other,Non-FAQ,"2,400.00","2,400.00","2,400.00",Rs./Quintal,16-10-2025
Rajasthan,Jaipur,Chomu Grain APMC,Cereals,Wheat,Other,Non-FAQ,"2,560.00","2,560.00","2,560.00",Rs./Quintal,14-10-2025
Rajasthan,Jaipur,Chomu Grain APMC,Cereals,Wheat,Other,Non-FAQ,"2,550.00","2,550.00","2,550.00",Rs./Quintal,13-10-2025
Rajasthan,Jaipur,Chomu Grain APMC,Cereals,Wheat,Other,Non-FAQ,"2,585.00","2,585.00","2,585.00",Rs./Quintal,29-09-2025
Rajasthan,Jaipur,Chomu Grain APMC,Cereals,Wheat,Other,Non-FAQ,"2,565.00","2,565.00","2,565.00",Rs./Quintal,25-09-2025
Rajasthan,Jaipur,Chomu Grain APMC,Cereals,Wheat,Other,Non-FAQ,"2,621.00","2,621.00","2,621.00",Rs./Quintal,22-09-2025
Rajasthan,Jaipur,Chomu Grain APMC,Cereals,Wheat,Other,Non-FAQ,"2,595.00","2,595.00","2,595.00",Rs./Quintal,16-09-2025
Rajasthan,Jaipur,Chomu Grain APMC,Cereals,Wheat,Other,Non-FAQ,"2,000.00","2,000.00","2,000.00",Rs./Quintal,15-09-2025
Rajasthan,Jaipur,Chomu Grain APMC,Cereals,Wheat,Other,Non-FAQ,"2,600.00","2,600.00","2,600.00",Rs./Quintal,13-09-2025
Rajasthan,Jaipur,Chomu Grain APMC,Cereals,Wheat,Other,Non-FAQ,"2,606.00","2,645.00","2,630.00",Rs./Quintal,28-08-2025
Rajasthan,Jaipur,Chomu Grain APMC,Cereals,Wheat,Other,Non-FAQ,"2,600.00","2,600.00","2,600.00",Rs./Quintal,25-08-2025
Rajasthan,Jaipur,Chomu Grain APMC,Cereals,Wheat,Other,Non-FAQ,"2,600.00","2,600.00","2,600.00",Rs./Quintal,19-08-2025
Rajasthan,Jaipur,Chomu Grain APMC,Cereals,Wheat,Other,Non-FAQ,"2,613.00","2,613.00","2,613.00",Rs./Quintal,18-08-2025
Rajasthan,Jaipur,Chomu Grain APMC,Cereals,Wheat,Other,Non-FAQ,"2,450.00","2,450.00","2,450.00",Rs./Quintal,13-08-2025
Rajasthan,Jaipur,Chomu Grain APMC,Cereals,Wheat,Other,Non-FAQ,"2,640.00","2,640.00","2,640.00",Rs./Quintal,8/8/2025
Rajasthan,Jaipur,Chomu Grain APMC,Cereals,Wheat,Other,Non-FAQ,"2,620.00","2,620.00","2,620.00",Rs./Quintal,5/8/2025
Rajasthan,Jaipur,Chomu Grain APMC,Cereals,Wheat,Other,Non-FAQ,"2,605.00","2,605.00","2,605.00",Rs./Quintal,28-07-2025
Rajasthan,Jaipur,Chomu Grain APMC,Cereals,Wheat,Other,Non-FAQ,"2,757.00","2,757.00","2,757.00",Rs./Quintal,25-07-2025
Rajasthan,Jaipur,Chomu Grain APMC,Cereals,Wheat,Other,Non-FAQ,"2,400.00","2,400.00","2,400.00",Rs./Quintal,16-07-2025
Rajasthan,Jaipur,Chomu Grain APMC,Cereals,Wheat,Other,Non-FAQ,"2,530.00","2,600.00","2,580.00",Rs./Quintal,12/7/2025
Rajasthan,Jaipur,Chomu Grain APMC,Cereals,Wheat,Other,Non-FAQ,"2,445.00","2,445.00","2,445.00",Rs./Quintal,9/7/2025
Rajasthan,Jaipur,Chomu Grain APMC,Cereals,Wheat,Other,Non-FAQ,"2,470.00","2,470.00","2,470.00",Rs./Quintal,8/7/2025
Rajasthan,Jaipur,Chomu Grain APMC,Cereals,Wheat,Other,Non-FAQ,"2,300.00","2,300.00","2,300.00",Rs./Quintal,26-06-2025
Rajasthan,Jaipur,Chomu Grain APMC,Cereals,Wheat,Other,Non-FAQ,"2,460.00","2,460.00","2,460.00",Rs./Quintal,23-06-2025
Rajasthan,Jaipur,Chomu Grain APMC,Cereals,Wheat,Other,Non-FAQ,"2,500.00","2,500.00","2,500.00",Rs./Quintal,21-06-2025
Rajasthan,Jaipur,Chomu Grain APMC,Cereals,Wheat,Other,Non-FAQ,"2,508.00","2,508.00","2,508.00",Rs./Quintal,19-06-2025
Rajasthan,Jaipur,Chomu Grain APMC,Cereals,Wheat,Other,Non-FAQ,"2,400.00","2,400.00","2,400.00",Rs./Quintal,11/6/2025
Rajasthan,Jaipur,Chomu Grain APMC,Cereals,Wheat,Other,Non-FAQ,"2,510.00","2,510.00","2,510.00",Rs./Quintal,5/6/2025
Rajasthan,Jaipur,Chomu Grain APMC,Cereals,Wheat,Other,Non-FAQ,"2,450.00","2,450.00","2,450.00",Rs./Quintal,30-05-2025
Rajasthan,Jaipur,Chomu Grain APMC,Cereals,Wheat,Other,Non-FAQ,"2,480.00","2,480.00","2,480.00",Rs./Quintal,27-05-2025
Rajasthan,Jaipur,Chomu Grain APMC,Cereals,Wheat,Other,Non-FAQ,"2,390.00","2,390.00","2,390.00",Rs./Quintal,26-05-2025
Rajasthan,Jaipur,Chomu Grain APMC,Cereals,Wheat,Other,Non-FAQ,"2,460.00","2,460.00","2,460.00",Rs./Quintal,23-05-2025
Rajasthan,Jaipur,Chomu Grain APMC,Cereals,Wheat,Other,Non-FAQ,"2,470.00","2,470.00","2,470.00",Rs./Quintal,22-05-2025
Rajasthan,Jaipur,Chomu Grain APMC,Cereals,Wheat,Other,Non-FAQ,"2,300.00","2,300.00","2,300.00",Rs./Quintal,25-04-2025
Rajasthan,Jaipur,Chomu Grain APMC,Cereals,Wheat,Other,Non-FAQ,"2,430.00","2,430.00","2,430.00",Rs./Quintal,24-04-2025
Rajasthan,Jaipur,Chomu Grain APMC,Cereals,Wheat,Other,Non-FAQ,"2,500.00","2,500.00","2,500.00",Rs./Quintal,18-04-2025
Rajasthan,Jaipur,Chomu Grain APMC,Cereals,Wheat,Other,Non-FAQ,"2,470.00","2,470.00","2,470.00",Rs./Quintal,14-04-2025
Rajasthan,Jaipur,Chomu Grain APMC,Cereals,Wheat,Other,Non-FAQ,"2,500.00","2,500.00","2,500.00",Rs./Quintal,12/4/2025
Rajasthan,Jaipur,Chomu Grain APMC,Cereals,Wheat,Other,Non-FAQ,"2,560.00","2,560.00","2,560.00",Rs./Quintal,11/4/2025
Rajasthan,Jaipur,Chomu Grain APMC,Cereals,Wheat,Other,Non-FAQ,"2,550.00","2,550.00","2,550.00",Rs./Quintal,10/4/2025
Rajasthan,Jaipur,Chomu Grain APMC,Cereals,Wheat,Other,Non-FAQ,"2,550.00","2,550.00","2,550.00",Rs./Quintal,8/4/2025
Rajasthan,Jaipur,Chomu Grain APMC,Cereals,Wheat,Other,Non-FAQ,"2,420.00","2,420.00","2,420.00",Rs./Quintal,5/4/2025
Rajasthan,Jaipur,Chomu Grain APMC,Cereals,Wheat,Other,Non-FAQ,"2,401.00","2,401.00","2,401.00",Rs./Quintal,19-03-2025
Rajasthan,Jaipur,Chomu Grain APMC,Cereals,Wheat,Other,Non-FAQ,"2,560.00","2,560.00","2,560.00",Rs./Quintal,17-03-2025
Rajasthan,Jaipur,Chomu Grain APMC,Cereals,Wheat,Other,Non-FAQ,"3,000.00","3,000.00","3,000.00",Rs./Quintal,4/3/2025
Rajasthan,Jaipur,Chomu Grain APMC,Cereals,Wheat,Other,Non-FAQ,"3,125.00","3,125.00","3,125.00",Rs./Quintal,8/2/2025
Rajasthan,Jaipur,Chomu Grain APMC,Cereals,Wheat,Other,FAQ,"3,017.00","3,017.00","3,017.00",Rs./Quintal,28-01-2025
Rajasthan,Jaipur,Chomu Grain APMC,Cereals,Wheat,Other,FAQ,"3,133.00","3,133.00","3,133.00",Rs./Quintal,25-01-2025
Rajasthan,Jaipur,Chomu Grain APMC,Cereals,Wheat,Other,FAQ,"3,110.00","3,110.00","3,110.00",Rs./Quintal,24-01-2025
Rajasthan,Jaipur,Chomu Grain APMC,Cereals,Wheat,Other,FAQ,"2,865.00","2,865.00","2,865.00",Rs./Quintal,13-12-2024
Rajasthan,Jaipur,Chomu Grain APMC,Cereals,Wheat,Other,FAQ,"2,850.00","2,850.00","2,850.00",Rs./Quintal,11/12/2024
Rajasthan,Jaipur,Chomu Grain APMC,Cereals,Wheat,Other,FAQ,"2,915.00","2,915.00","2,915.00",Rs./Quintal,10/12/2024
Rajasthan,Jaipur,Chomu Grain APMC,Cereals,Wheat,Other,FAQ,"2,900.00","2,900.00","2,900.00",Rs./Quintal,4/12/2024
Rajasthan,Jaipur,Chomu Grain APMC,Cereals,Wheat,Other,FAQ,"2,805.00","2,805.00","2,805.00",Rs./Quintal,3/12/2024
Rajasthan,Jaipur,Chomu Grain APMC,Cereals,Wheat,Other,FAQ,"2,890.00","2,890.00","2,890.00",Rs./Quintal,30-11-2024
Rajasthan,Jaipur,Chomu Grain APMC,Cereals,Wheat,Other,FAQ,"2,951.00","2,951.00","2,951.00",Rs./Quintal,20-11-2024
Rajasthan,Jaipur,Dudu APMC,Cereals,Wheat,147 Average,FAQ,"2,500.00","2,500.00","2,500.00",Rs./Quintal,5/11/2025
Rajasthan,Jaipur,Dudu APMC,Cereals,Wheat,147 Average,Non-FAQ,"2,300.00","2,500.00","2,400.00",Rs./Quintal,5/8/2025
Rajasthan,Jaipur,Dudu APMC,Cereals,Wheat,147 Average,Non-FAQ,"2,480.00","2,620.00","2,500.00",Rs./Quintal,31-07-2025
Rajasthan,Jaipur,Dudu APMC,Cereals,Wheat,147 Average,Non-FAQ,"2,400.00","2,600.00","2,500.00",Rs./Quintal,29-07-2025
Rajasthan,Jaipur,Dudu APMC,Cereals,Wheat,147 Average,Non-FAQ,"2,350.00","2,510.00","2,470.00",Rs./Quintal,28-07-2025
Rajasthan,Jaipur,Dudu APMC,Cereals,Wheat,147 Average,Non-FAQ,"2,350.00","2,510.00","2,470.00",Rs./Quintal,22-07-2025
Rajasthan,Jaipur,Dudu APMC,Cereals,Wheat,147 Average,Non-FAQ,"2,400.00","2,600.00","2,500.00",Rs./Quintal,21-07-2025
Rajasthan,Jaipur,Dudu APMC,Cereals,Wheat,147 Average,Non-FAQ,"2,410.00","2,680.00","2,530.00",Rs./Quintal,18-07-2025
Rajasthan,Jaipur,Dudu APMC,Cereals,Wheat,147 Average,Non-FAQ,"2,400.00","2,650.00","2,500.00",Rs./Quintal,17-07-2025
Rajasthan,Jaipur,Dudu APMC,Cereals,Wheat,147 Average,Non-FAQ,"2,450.00","2,550.00","2,500.00",Rs./Quintal,16-07-2025
Rajasthan,Jaipur,Dudu APMC,Cereals,Wheat,147 Average,Non-FAQ,"2,300.00","2,500.00","2,400.00",Rs./Quintal,9/5/2025
Rajasthan,Jaipur,Dudu APMC,Cereals,Wheat,147 Average,Non-FAQ,"2,300.00","2,500.00","2,400.00",Rs./Quintal,8/5/2025
Rajasthan,Jaipur,Dudu APMC,Cereals,Wheat,147 Average,Non-FAQ,"2,390.00","2,500.00","2,450.00",Rs./Quintal,7/5/2025
Rajasthan,Jaipur,Dudu APMC,Cereals,Wheat,147 Average,Non-FAQ,"2,400.00","2,600.00","2,500.00",Rs./Quintal,17-04-2025
Rajasthan,Jaipur,Dudu APMC,Cereals,Wheat,147 Average,Non-FAQ,"2,450.00","2,705.00","2,570.00",Rs./Quintal,3/4/2025
Rajasthan,Jaipur,Dudu APMC,Cereals,Wheat,147 Average,Non-FAQ,"2,500.00","2,700.00","2,600.00",Rs./Quintal,2/4/2025
Rajasthan,Jaipur,Dudu APMC,Cereals,Wheat,147 Average,Non-FAQ,"2,600.00","2,800.00","2,700.00",Rs./Quintal,28-03-2025
Rajasthan,Jaipur,Dudu APMC,Cereals,Wheat,147 Average,Non-FAQ,"2,500.00","2,700.00","2,600.00",Rs./Quintal,26-03-2025
Rajasthan,Jaipur,Dudu APMC,Cereals,Wheat,147 Average,Non-FAQ,"2,500.00","2,700.00","2,600.00",Rs./Quintal,20-03-2025
Rajasthan,Jaipur,Dudu APMC,Cereals,Wheat,147 Average,Non-FAQ,"2,650.00","2,835.00","2,710.00",Rs./Quintal,19-03-2025
Rajasthan,Jaipur,Dudu APMC,Cereals,Wheat,147 Average,Non-FAQ,"2,660.00","2,880.00","2,730.00",Rs./Quintal,18-03-2025
Rajasthan,Jaipur,Dudu APMC,Cereals,Wheat,147 Average,Non-FAQ,"2,650.00","2,870.00","2,730.00",Rs./Quintal,17-03-2025
Rajasthan,Jaipur,Dudu APMC,Cereals,Wheat,147 Average,Non-FAQ,"2,730.00","2,970.00","2,850.00",Rs./Quintal,12/3/2025
Rajasthan,Jaipur,Dudu APMC,Cereals,Wheat,147 Average,Non-FAQ,"2,730.00","2,900.00","2,850.00",Rs./Quintal,11/3/2025
Rajasthan,Jaipur,Dudu APMC,Cereals,Wheat,147 Average,Non-FAQ,"2,700.00","2,900.00","2,800.00",Rs./Quintal,10/3/2025
Rajasthan,Jaipur,Dudu APMC,Cereals,Wheat,147 Average,Non-FAQ,"2,750.00","2,950.00","2,880.00",Rs./Quintal,7/3/2025
Rajasthan,Jaipur,Dudu APMC,Cereals,Wheat,147 Average,Non-FAQ,"2,850.00","3,050.00","2,910.00",Rs./Quintal,6/3/2025
Rajasthan,Jaipur,Dudu APMC,Cereals,Wheat,147 Average,Non-FAQ,"2,800.00","3,000.00","2,900.00",Rs./Quintal,5/3/2025
Rajasthan,Jaipur,Dudu APMC,Cereals,Wheat,147 Average,Non-FAQ,"2,790.00","2,950.00","2,800.00",Rs./Quintal,4/3/2025
Rajasthan,Jaipur,Dudu APMC,Cereals,Wheat,147 Average,Non-FAQ,"2,800.00","3,000.00","2,900.00",Rs./Quintal,27-02-2025
Rajasthan,Jaipur,Dudu APMC,Cereals,Wheat,147 Average,Non-FAQ,"2,800.00","3,000.00","2,950.00",Rs./Quintal,25-02-2025
Rajasthan,Jaipur,Dudu APMC,Cereals,Wheat,147 Average,Non-FAQ,"2,850.00","3,050.00","2,900.00",Rs./Quintal,24-02-2025
Rajasthan,Jaipur,Dudu APMC,Cereals,Wheat,147 Average,Non-FAQ,"2,800.00","3,000.00","2,900.00",Rs./Quintal,21-02-2025
Rajasthan,Jaipur,Dudu APMC,Cereals,Wheat,147 Average,Non-FAQ,"2,850.00","3,050.00","2,900.00",Rs./Quintal,20-02-2025
Rajasthan,Jaipur,Dudu APMC,Cereals,Wheat,147 Average,Non-FAQ,"2,800.00","3,000.00","2,900.00",Rs./Quintal,19-02-2025
Rajasthan,Jaipur,Dudu APMC,Cereals,Wheat,147 Average,Non-FAQ,"2,870.00","3,050.00","2,950.00",Rs./Quintal,18-02-2025
Rajasthan,Jaipur,Dudu APMC,Cereals,Wheat,147 Average,Non-FAQ,"2,800.00","3,000.00","2,900.00",Rs./Quintal,17-02-2025
Rajasthan,Jaipur,Dudu APMC,Cereals,Wheat,147 Average,Non-FAQ,"2,800.00","3,000.00","2,900.00",Rs./Quintal,14-02-2025
Rajasthan,Jaipur,Dudu APMC,Cereals,Wheat,147 Average,Non-FAQ,"2,898.00","3,000.00","2,901.00",Rs./Quintal,13-02-2025
Rajasthan,Jaipur,Dudu APMC,Cereals,Wheat,147 Average,Non-FAQ,"2,800.00","3,000.00","2,930.00",Rs./Quintal,12/2/2025
Rajasthan,Jaipur,Dudu APMC,Cereals,Wheat,147 Average,Non-FAQ,"2,800.00","3,000.00","2,900.00",Rs./Quintal,11/2/2025
Rajasthan,Jaipur,Dudu APMC,Cereals,Wheat,147 Average,FAQ,"2,900.00","3,100.00","3,000.00",Rs./Quintal,20-01-2025
Rajasthan,Jaipur,Dudu APMC,Cereals,Wheat,147 Average,FAQ,"2,700.00","2,900.00","2,800.00",Rs./Quintal,17-01-2025
Rajasthan,Jaipur,Dudu APMC,Cereals,Wheat,147 Average,FAQ,"2,800.00","3,000.00","2,900.00",Rs./Quintal,16-01-2025
Rajasthan,Jaipur,Dudu APMC,Cereals,Wheat,147 Average,FAQ,"2,800.00","3,000.00","2,900.00",Rs./Quintal,10/1/2025
Rajasthan,Jaipur,Dudu APMC,Cereals,Wheat,147 Average,FAQ,"2,900.00","3,100.00","3,000.00",Rs./Quintal,9/1/2025
Rajasthan,Jaipur,Dudu APMC,Cereals,Wheat,147 Average,FAQ,"2,800.00","3,000.00","2,900.00",Rs./Quintal,7/1/2025
Rajasthan,Jaipur,Dudu APMC,Cereals,Wheat,147 Average,FAQ,"2,600.00","2,800.00","2,700.00",Rs./Quintal,3/1/2025
Rajasthan,Jaipur,Dudu APMC,Cereals,Wheat,147 Average,FAQ,"2,700.00","2,900.00","2,800.00",Rs./Quintal,2/1/2025
Rajasthan,Jaipur,Dudu APMC,Cereals,Wheat,147 Average,FAQ,"2,100.00","2,300.00","2,200.00",Rs./Quintal,31-12-2024
Rajasthan,Jaipur,Dudu APMC,Cereals,Wheat,147 Average,FAQ,"2,200.00","2,400.00","2,300.00",Rs./Quintal,30-12-2024
Rajasthan,Jaipur,Dudu APMC,Cereals,Wheat,147 Average,FAQ,"2,200.00","2,400.00","2,300.00",Rs./Quintal,27-12-2024
Rajasthan,Jaipur,Dudu APMC,Cereals,Wheat,147 Average,FAQ,"2,150.00","2,350.00","2,200.00",Rs./Quintal,26-12-2024
Rajasthan,Jaipur,Dudu APMC,Cereals,Wheat,147 Average,FAQ,"2,300.00","2,500.00","2,400.00",Rs./Quintal,24-12-2024
Rajasthan,Jaipur,Dudu APMC,Cereals,Wheat,147 Average,FAQ,"2,200.00","2,400.00","2,300.00",Rs./Quintal,23-12-2024
Rajasthan,Jaipur,Dudu APMC,Cereals,Wheat,147 Average,FAQ,"2,100.00","2,300.00","2,200.00",Rs./Quintal,20-12-2024
Rajasthan,Jaipur,Dudu APMC,Cereals,Wheat,147 Average,FAQ,"2,300.00","2,500.00","2,400.00",Rs./Quintal,19-12-2024
Rajasthan,Jaipur,Dudu APMC,Cereals,Wheat,147 Average,FAQ,"2,200.00","2,400.00","2,300.00",Rs./Quintal,18-12-2024
Rajasthan,Jaipur,Dudu APMC,Cereals,Wheat,147 Average,FAQ,"2,300.00","2,500.00","2,400.00",Rs./Quintal,17-12-2024
Rajasthan,Jaipur,Dudu APMC,Cereals,Wheat,147 Average,FAQ,"2,650.00","2,800.00","2,700.00",Rs./Quintal,16-12-2024
Rajasthan,Jaipur,Dudu APMC,Cereals,Wheat,147 Average,FAQ,"2,600.00","2,800.00","2,700.00",Rs./Quintal,13-12-2024
Rajasthan,Jaipur,Dudu APMC,Cereals,Wheat,147 Average,FAQ,"2,500.00","2,700.00","2,600.00",Rs./Quintal,11/12/2024
Rajasthan,Jaipur,Dudu APMC,Cereals,Wheat,147 Average,FAQ,"2,600.00","2,800.00","2,700.00",Rs./Quintal,10/12/2024
Rajasthan,Jaipur,Dudu APMC,Cereals,Wheat,147 Average,FAQ,"2,500.00","2,700.00","2,600.00",Rs./Quintal,9/12/2024
Rajasthan,Jaipur,Dudu APMC,Cereals,Wheat,147 Average,FAQ,"2,600.00","2,800.00","2,700.00",Rs./Quintal,5/12/2024
Rajasthan,Jaipur,Dudu APMC,Cereals,Wheat,147 Average,FAQ,"2,400.00","2,600.00","2,500.00",Rs./Quintal,4/12/2024
Rajasthan,Jaipur,Dudu APMC,Cereals,Wheat,147 Average,FAQ,"2,500.00","2,700.00","2,600.00",Rs./Quintal,3/12/2024
Rajasthan,Jaipur,Dudu APMC,Cereals,Wheat,147 Average,FAQ,"2,700.00","2,900.00","2,800.00",Rs./Quintal,2/12/2024
Rajasthan,Jaipur,Dudu APMC,Cereals,Wheat,147 Average,FAQ,"2,600.00","2,800.00","2,700.00",Rs./Quintal,29-11-2024
Rajasthan,Jaipur,Dudu APMC,Cereals,Wheat,147 Average,FAQ,"2,500.00","2,700.00","2,600.00",Rs./Quintal,28-11-2024
Rajasthan,Jaipur,Dudu APMC,Cereals,Wheat,147 Average,FAQ,"2,600.00","2,800.00","2,700.00",Rs./Quintal,27-11-2024
Rajasthan,Jaipur,Dudu APMC,Cereals,Wheat,147 Average,FAQ,"2,700.00","2,900.00","2,800.00",Rs./Quintal,26-11-2024
Rajasthan,Jaipur,Dudu APMC,Cereals,Wheat,147 Average,FAQ,"2,650.00","2,900.00","2,750.00",Rs./Quintal,25-11-2024
Rajasthan,Jaipur,Dudu APMC,Cereals,Wheat,147 Average,FAQ,"2,600.00","2,800.00","2,700.00",Rs./Quintal,19-11-2024
Rajasthan,Jaipur,Dudu APMC,Cereals,Wheat,147 Average,FAQ,"2,500.00","2,700.00","2,600.00",Rs./Quintal,14-11-2024
Rajasthan,Jaipur,Dudu APMC,Cereals,Wheat,147 Average,FAQ,"2,600.00","2,800.00","2,700.00",Rs./Quintal,13-11-2024
Rajasthan,Jaipur,Dudu APMC,Cereals,Wheat,147 Average,FAQ,"2,800.00","3,000.00","2,900.00",Rs./Quintal,12/11/2024
Rajasthan,Jaipur,Dudu APMC,Cereals,Wheat,147 Average,FAQ,"2,700.00","2,900.00","2,800.00",Rs./Quintal,11/11/2024
Rajasthan,Jaipur,Dudu APMC,Cereals,Wheat,147 Average,FAQ,"2,650.00","2,900.00","2,750.00",Rs./Quintal,8/11/2024
Rajasthan,Jaipur,Dudu APMC,Cereals,Wheat,147 Average,FAQ,"2,600.00","2,800.00","2,700.00",Rs./Quintal,7/11/2024
Rajasthan,Jaipur,Fulera - Kishangarh Renwal APMC,Cereals,Wheat,Other,FAQ,"2,600.00","2,650.00","2,625.00",Rs./Quintal,31-10-2025
Rajasthan,Jaipur,Fulera - Kishangarh Renwal APMC,Cereals,Wheat,Other,FAQ,"2,600.00","2,625.00","2,610.00",Rs./Quintal,26-10-2025
Rajasthan,Jaipur,Fulera - Kishangarh Renwal APMC,Cereals,Wheat,Other,FAQ,"2,600.00","2,640.00","2,620.00",Rs./Quintal,24-10-2025
Rajasthan,Jaipur,Fulera - Kishangarh Renwal APMC,Cereals,Wheat,Other,FAQ,"2,650.00","2,700.00","2,675.00",Rs./Quintal,16-10-2025
Rajasthan,Jaipur,Fulera - Kishangarh Renwal APMC,Cereals,Wheat,Other,FAQ,"2,650.00","2,700.00","2,675.00",Rs./Quintal,15-10-2025
Rajasthan,Jaipur,Fulera - Kishangarh Renwal APMC,Cereals,Wheat,Other,FAQ,"2,600.00","2,650.00","2,625.00",Rs./Quintal,11/10/2025
Rajasthan,Jaipur,Fulera - Kishangarh Renwal APMC,Cereals,Wheat,Other,FAQ,"2,500.00","2,550.00","2,525.00",Rs./Quintal,8/10/2025
Rajasthan,Jaipur,Fulera - Kishangarh Renwal APMC,Cereals,Wheat,Other,FAQ,"2,600.00","2,650.00","2,625.00",Rs./Quintal,4/10/2025
Rajasthan,Jaipur,Fulera - Kishangarh Renwal APMC,Cereals,Wheat,Other,FAQ,"2,650.00","2,700.00","2,675.00",Rs./Quintal,27-09-2025
Rajasthan,Jaipur,Fulera - Kishangarh Renwal APMC,Cereals,Wheat,Other,FAQ,"2,650.00","2,700.00","2,675.00",Rs./Quintal,25-09-2025
Rajasthan,Jaipur,Fulera - Kishangarh Renwal APMC,Cereals,Wheat,Other,FAQ,"2,600.00","2,650.00","2,625.00",Rs./Quintal,22-09-2025
Rajasthan,Jaipur,Fulera - Kishangarh Renwal APMC,Cereals,Wheat,Other,FAQ,"2,600.00","2,650.00","2,625.00",Rs./Quintal,6/9/2025
Rajasthan,Jaipur,Fulera - Kishangarh Renwal APMC,Cereals,Wheat,Other,FAQ,"2,500.00","2,600.00","2,550.00",Rs./Quintal,5/9/2025
Rajasthan,Jaipur,Fulera - Kishangarh Renwal APMC,Cereals,Wheat,Other,FAQ,"2,600.00","2,650.00","2,625.00",Rs./Quintal,3/9/2025
Rajasthan,Jaipur,Fulera - Kishangarh Renwal APMC,Cereals,Wheat,Other,FAQ,"2,600.00","2,650.00","2,625.00",Rs./Quintal,30-08-2025
Rajasthan,Jaipur,Fulera - Kishangarh Renwal APMC,Cereals,Wheat,Other,FAQ,"2,300.00","2,400.00","2,350.00",Rs./Quintal,23-08-2025
Rajasthan,Jaipur,Fulera - Kishangarh Renwal APMC,Cereals,Wheat,Other,FAQ,"2,700.00","2,750.00","2,725.00",Rs./Quintal,22-08-2025
Rajasthan,Jaipur,Fulera - Kishangarh Renwal APMC,Cereals,Wheat,Other,FAQ,"2,750.00","2,800.00","2,775.00",Rs./Quintal,18-08-2025
Rajasthan,Jaipur,Fulera - Kishangarh Renwal APMC,Cereals,Wheat,Other,FAQ,"2,700.00","2,750.00","2,725.00",Rs./Quintal,12/8/2025
Rajasthan,Jaipur,Fulera - Kishangarh Renwal APMC,Cereals,Wheat,Other,FAQ,"2,600.00","2,640.00","2,620.00",Rs./Quintal,11/8/2025
Rajasthan,Jaipur,Fulera - Kishangarh Renwal APMC,Cereals,Wheat,Other,FAQ,"2,600.00","2,650.00","2,625.00",Rs./Quintal,10/8/2025
Rajasthan,Jaipur,Fulera - Kishangarh Renwal APMC,Cereals,Wheat,Other,FAQ,"2,600.00","2,650.00","2,625.00",Rs./Quintal,8/8/2025
Rajasthan,Jaipur,Fulera - Kishangarh Renwal APMC,Cereals,Wheat,Other,FAQ,"2,600.00","2,625.00","2,610.00",Rs./Quintal,7/8/2025
Rajasthan,Jaipur,Fulera - Kishangarh Renwal APMC,Cereals,Wheat,Other,FAQ,"2,550.00","2,600.00","2,575.00",Rs./Quintal,4/8/2025
Rajasthan,Jaipur,Fulera - Kishangarh Renwal APMC,Cereals,Wheat,Other,FAQ,"2,500.00","2,550.00","2,525.00",Rs./Quintal,24-07-2025
Rajasthan,Jaipur,Fulera - Kishangarh Renwal APMC,Cereals,Wheat,Other,FAQ,"2,600.00","2,700.00","2,650.00",Rs./Quintal,22-07-2025
Rajasthan,Jaipur,Fulera - Kishangarh Renwal APMC,Cereals,Wheat,Other,FAQ,"2,400.00","2,460.00","2,430.00",Rs./Quintal,11/7/2025
Rajasthan,Jaipur,Fulera - Kishangarh Renwal APMC,Cereals,Wheat,Other,FAQ,"2,500.00","2,550.00","2,525.00",Rs./Quintal,2/7/2025
Rajasthan,Jaipur,Fulera - Kishangarh Renwal APMC,Cereals,Wheat,Other,FAQ,"2,500.00","2,550.00","2,525.00",Rs./Quintal,12/6/2025
Rajasthan,Jaipur,Fulera - Kishangarh Renwal APMC,Cereals,Wheat,Other,FAQ,"2,500.00","2,550.00","2,525.00",Rs./Quintal,11/6/2025
Rajasthan,Jaipur,Fulera - Kishangarh Renwal APMC,Cereals,Wheat,Other,FAQ,"2,400.00","2,500.00","2,450.00",Rs./Quintal,8/6/2025
Rajasthan,Jaipur,Fulera - Kishangarh Renwal APMC,Cereals,Wheat,Other,FAQ,"2,500.00","2,550.00","2,525.00",Rs./Quintal,4/6/2025
Rajasthan,Jaipur,Fulera - Kishangarh Renwal APMC,Cereals,Wheat,Other,FAQ,"2,600.00","2,650.00","2,625.00",Rs./Quintal,1/6/2025
Rajasthan,Jaipur,Fulera - Kishangarh Renwal APMC,Cereals,Wheat,Other,FAQ,"2,600.00","2,650.00","2,625.00",Rs./Quintal,31-05-2025
Rajasthan,Jaipur,Fulera - Kishangarh Renwal APMC,Cereals,Wheat,Other,FAQ,"2,600.00","2,650.00","2,625.00",Rs./Quintal,27-05-2025
Rajasthan,Jaipur,Fulera - Kishangarh Renwal APMC,Cereals,Wheat,Other,FAQ,"2,600.00","2,650.00","2,625.00",Rs./Quintal,26-05-2025
Rajasthan,Jaipur,Fulera - Kishangarh Renwal APMC,Cereals,Wheat,Other,FAQ,"2,600.00","2,650.00","2,625.00",Rs./Quintal,13-05-2025
Rajasthan,Jaipur,Fulera - Kishangarh Renwal APMC,Cereals,Wheat,Other,FAQ,"2,600.00","2,650.00","2,625.00",Rs./Quintal,12/5/2025
Rajasthan,Jaipur,Fulera - Kishangarh Renwal APMC,Cereals,Wheat,Other,FAQ,"2,600.00","2,650.00","2,625.00",Rs./Quintal,11/5/2025
Rajasthan,Jaipur,Fulera - Kishangarh Renwal APMC,Cereals,Wheat,Other,FAQ,"2,600.00","2,650.00","2,625.00",Rs./Quintal,10/5/2025
Rajasthan,Jaipur,Fulera - Kishangarh Renwal APMC,Cereals,Wheat,Other,FAQ,"2,600.00","2,650.00","2,625.00",Rs./Quintal,8/5/2025
Rajasthan,Jaipur,Fulera - Kishangarh Renwal APMC,Cereals,Wheat,Other,FAQ,"2,600.00","2,650.00","2,625.00",Rs./Quintal,5/5/2025
Rajasthan,Jaipur,Fulera - Kishangarh Renwal APMC,Cereals,Wheat,Other,FAQ,"2,500.00","2,550.00","2,525.00",Rs./Quintal,1/5/2025
Rajasthan,Jaipur,Fulera - Kishangarh Renwal APMC,Cereals,Wheat,Other,FAQ,"2,500.00","2,550.00","2,525.00",Rs./Quintal,30-04-2025
Rajasthan,Jaipur,Fulera - Kishangarh Renwal APMC,Cereals,Wheat,Other,FAQ,"2,400.00","2,450.00","2,425.00",Rs./Quintal,16-04-2025
Rajasthan,Jaipur,Fulera - Kishangarh Renwal APMC,Cereals,Wheat,Other,FAQ,"2,400.00","2,450.00","2,425.00",Rs./Quintal,14-04-2025
Rajasthan,Jaipur,Fulera - Kishangarh Renwal APMC,Cereals,Wheat,Other,FAQ,"2,400.00","2,450.00","2,425.00",Rs./Quintal,8/4/2025
Rajasthan,Jaipur,Fulera - Kishangarh Renwal APMC,Cereals,Wheat,Other,FAQ,"2,400.00","2,450.00","2,425.00",Rs./Quintal,6/4/2025
Rajasthan,Jaipur,Fulera - Kishangarh Renwal APMC,Cereals,Wheat,Other,FAQ,"2,400.00","2,450.00","2,425.00",Rs./Quintal,4/4/2025
Rajasthan,Jaipur,Fulera - Kishangarh Renwal APMC,Cereals,Wheat,Other,FAQ,"2,500.00","2,550.00","2,525.00",Rs./Quintal,3/4/2025
Rajasthan,Jaipur,Fulera - Kishangarh Renwal APMC,Cereals,Wheat,Other,FAQ,"2,400.00","2,450.00","2,425.00",Rs./Quintal,31-03-2025
Rajasthan,Jaipur,Fulera - Kishangarh Renwal APMC,Cereals,Wheat,Other,FAQ,"2,600.00","2,650.00","2,625.00",Rs./Quintal,28-03-2025
Rajasthan,Jaipur,Fulera - Kishangarh Renwal APMC,Cereals,Wheat,Other,FAQ,"2,600.00","2,650.00","2,625.00",Rs./Quintal,27-03-2025
Rajasthan,Jaipur,Fulera - Kishangarh Renwal APMC,Cereals,Wheat,Other,FAQ,"2,700.00","2,750.00","2,725.00",Rs./Quintal,4/3/2025
Rajasthan,Jaipur,Fulera - Kishangarh Renwal APMC,Cereals,Wheat,Other,FAQ,"2,900.00","2,950.00","2,925.00",Rs./Quintal,11/2/2025
Rajasthan,Jaipur,Fulera - Kishangarh Renwal APMC,Cereals,Wheat,Other,FAQ,"2,700.00","2,750.00","2,725.00",Rs./Quintal,27-12-2024
Rajasthan,Jaipur,Fulera - Kishangarh Renwal APMC,Cereals,Wheat,Other,FAQ,"2,800.00","2,850.00","2,825.00",Rs./Quintal,26-12-2024
Rajasthan,Jaipur,Fulera - Kishangarh Renwal APMC,Cereals,Wheat,Other,FAQ,"2,800.00","2,850.00","2,825.00",Rs./Quintal,20-12-2024
Rajasthan,Jaipur,Fulera - Kishangarh Renwal APMC,Cereals,Wheat,Other,FAQ,"2,800.00","2,850.00","2,825.00",Rs./Quintal,17-12-2024
Rajasthan,Jaipur,Fulera - Kishangarh Renwal APMC,Cereals,Wheat,Other,FAQ,"2,800.00","2,850.00","2,825.00",Rs./Quintal,16-12-2024
Rajasthan,Jaipur,Fulera - Kishangarh Renwal APMC,Cereals,Wheat,Other,FAQ,"2,800.00","2,850.00","2,825.00",Rs./Quintal,30-11-2024
Rajasthan,Jaipur,Fulera - Kishangarh Renwal APMC,Cereals,Wheat,Other,FAQ,"2,800.00","2,850.00","2,825.00",Rs./Quintal,29-11-2024
Rajasthan,Jaipur,Jaipur (Grain) APMC,Cereals,Wheat,1482,FAQ,"2,400.00","2,500.00","2,450.00",Rs./Quintal,10/6/2025
Rajasthan,Jaipur,Kishangarh Renwal APMC,Cereals,Wheat,Other,FAQ,"2,700.00","2,750.00","2,725.00",Rs./Quintal,31-10-2025
Rajasthan,Jaipur,Kishangarh Renwal APMC,Cereals,Wheat,Other,FAQ,"2,700.00","2,750.00","2,725.00",Rs./Quintal,13-10-2025
Rajasthan,Jaipur,Kishangarh Renwal APMC,Cereals,Wheat,Other,FAQ,"2,700.00","2,750.00","2,725.00",Rs./Quintal,22-09-2025
Rajasthan,Jaipur,Kishangarh Renwal APMC,Cereals,Wheat,Other,FAQ,"2,700.00","2,750.00","2,725.00",Rs./Quintal,13-09-2025
Rajasthan,Jaipur,Kishangarh Renwal APMC,Cereals,Wheat,Other,FAQ,"2,600.00","2,750.00","2,700.00",Rs./Quintal,7/9/2025
Rajasthan,Jaipur,Kishangarh Renwal APMC,Cereals,Wheat,Other,FAQ,"2,700.00","2,750.00","2,725.00",Rs./Quintal,29-08-2025
Rajasthan,Jaipur,Kishangarh Renwal APMC,Cereals,Wheat,Other,FAQ,"2,600.00","2,650.00","2,625.00",Rs./Quintal,26-08-2025
Rajasthan,Jaipur,Kishangarh Renwal APMC,Cereals,Wheat,Other,FAQ,"2,700.00","2,800.00","2,750.00",Rs./Quintal,7/8/2025
Rajasthan,Jaipur,Kishangarh Renwal APMC,Cereals,Wheat,Other,FAQ,"2,700.00","2,750.00","2,725.00",Rs./Quintal,30-07-2025
Rajasthan,Jaipur,Kishangarh Renwal APMC,Cereals,Wheat,Other,FAQ,"2,600.00","2,650.00","2,625.00",Rs./Quintal,26-07-2025
Rajasthan,Jaipur,Kishangarh Renwal APMC,Cereals,Wheat,Other,FAQ,"2,700.00","2,750.00","2,725.00",Rs./Quintal,25-07-2025
Rajasthan,Jaipur,Kishangarh Renwal APMC,Cereals,Wheat,Other,FAQ,"2,700.00","2,800.00","2,750.00",Rs./Quintal,13-07-2025
Rajasthan,Jaipur,Kishangarh Renwal APMC,Cereals,Wheat,Other,FAQ,"2,900.00","2,950.00","2,925.00",Rs./Quintal,25-06-2025
Rajasthan,Jaipur,Kishangarh Renwal APMC,Cereals,Wheat,Other,FAQ,"2,800.00","2,850.00","2,825.00",Rs./Quintal,11/6/2025
Rajasthan,Jaipur,Kishangarh Renwal APMC,Cereals,Wheat,Other,FAQ,"2,900.00","2,950.00","2,925.00",Rs./Quintal,24-05-2025
Rajasthan,Jaipur,Kishangarh Renwal APMC,Cereals,Wheat,Other,FAQ,"2,500.00","2,550.00","2,525.00",Rs./Quintal,16-05-2025
Rajasthan,Jaipur,Kishangarh Renwal APMC,Cereals,Wheat,Other,FAQ,"2,800.00","2,850.00","2,825.00",Rs./Quintal,11/5/2025
Rajasthan,Jaipur,Kishangarh Renwal APMC,Cereals,Wheat,Other,FAQ,"2,600.00","2,650.00","2,625.00",Rs./Quintal,8/5/2025
Rajasthan,Jaipur,Kishangarh Renwal APMC,Cereals,Wheat,Other,FAQ,"2,600.00","2,650.00","2,625.00",Rs./Quintal,5/5/2025
Rajasthan,Jaipur,Kishangarh Renwal APMC,Cereals,Wheat,Other,FAQ,"2,800.00","2,850.00","2,825.00",Rs./Quintal,23-04-2025
Rajasthan,Jaipur,Kishangarh Renwal APMC,Cereals,Wheat,Other,FAQ,"2,300.00","2,350.00","2,325.00",Rs./Quintal,8/4/2025
Rajasthan,Jaipur,Kishangarh Renwal APMC,Cereals,Wheat,Other,FAQ,"2,400.00","2,450.00","2,425.00",Rs./Quintal,7/4/2025
Rajasthan,Jaipur,Kishangarh Renwal APMC,Cereals,Wheat,Other,FAQ,"3,000.00","3,050.00","3,025.00",Rs./Quintal,9/3/2025
Rajasthan,Jaipur,Kishangarh Renwal APMC,Cereals,Wheat,Other,FAQ,"3,100.00","3,150.00","3,125.00",Rs./Quintal,28-02-2025
Rajasthan,Jaipur,Kishangarh Renwal APMC,Cereals,Wheat,Other,FAQ,"3,100.00","3,150.00","3,125.00",Rs./Quintal,9/2/2025
Rajasthan,Jaipur,Kishangarh Renwal APMC,Cereals,Wheat,Other,FAQ,"3,100.00","3,150.00","3,125.00",Rs./Quintal,31-01-2025
Rajasthan,Jaipur,Kishangarh Renwal APMC,Cereals,Wheat,Other,FAQ,"3,100.00","3,150.00","3,125.00",Rs./Quintal,19-01-2025
Rajasthan,Jaipur,Kishangarh Renwal APMC,Cereals,Wheat,Other,FAQ,"2,950.00","3,000.00","2,975.00",Rs./Quintal,28-12-2024
Rajasthan,Jaipur,Kishangarh Renwal APMC,Cereals,Wheat,Other,FAQ,"3,000.00","3,050.00","3,025.00",Rs./Quintal,14-12-2024
Rajasthan,Jaipur,Kishangarh Renwal APMC,Cereals,Wheat,Other,FAQ,"3,000.00","3,050.00","3,025.00",Rs./Quintal,16-11-2024
Rajasthan,Jaipur,Rajdhanai Mandi KukarKheda APMC,Cereals,Wheat,147 Average,FAQ,"2,000.00","3,000.00","2,500.00",Rs./Quintal,17-10-2025
Rajasthan,Jaipur,Rajdhanai Mandi KukarKheda APMC,Cereals,Wheat,147 Average,FAQ,"2,000.00","3,000.00","2,500.00",Rs./Quintal,14-10-2025
Rajasthan,Jaipur,Rajdhanai Mandi KukarKheda APMC,Cereals,Wheat,147 Average,FAQ,"2,000.00","3,000.00","2,500.00",Rs./Quintal,7/10/2025
Rajasthan,Jaipur,Rajdhanai Mandi KukarKheda APMC,Cereals,Wheat,147 Average,FAQ,"2,000.00","3,000.00","2,500.00",Rs./Quintal,1/10/2025
Rajasthan,Jaipur,Rajdhanai Mandi KukarKheda APMC,Cereals,Wheat,147 Average,FAQ,"2,500.00","3,500.00","3,000.00",Rs./Quintal,25-09-2025
Rajasthan,Jaipur,Rajdhanai Mandi KukarKheda APMC,Cereals,Wheat,147 Average,FAQ,"3,000.00","3,200.00","3,100.00",Rs./Quintal,16-09-2025
Rajasthan,Jaipur,Rajdhanai Mandi KukarKheda APMC,Cereals,Wheat,147 Average,FAQ,"3,000.00","3,200.00","3,100.00",Rs./Quintal,10/9/2025
Rajasthan,Jaipur,Rajdhanai Mandi KukarKheda APMC,Cereals,Wheat,147 Average,FAQ,"3,000.00","3,200.00","3,100.00",Rs./Quintal,9/9/2025
Rajasthan,Jaipur,Rajdhanai Mandi KukarKheda APMC,Cereals,Wheat,147 Average,FAQ,"3,100.00","3,200.00","3,150.00",Rs./Quintal,3/9/2025
Rajasthan,Jaipur,Rajdhanai Mandi KukarKheda APMC,Cereals,Wheat,147 Average,FAQ,"3,100.00","3,200.00","3,150.00",Rs./Quintal,1/9/2025
Rajasthan,Jaipur,Rajdhanai Mandi KukarKheda APMC,Cereals,Wheat,147 Average,FAQ,"2,800.00","2,900.00","2,850.00",Rs./Quintal,29-07-2025
Rajasthan,Jaipur,Rajdhanai Mandi KukarKheda APMC,Cereals,Wheat,147 Average,Non-FAQ,"2,800.00","2,900.00","2,850.00",Rs./Quintal,29-07-2025
Rajasthan,Jaipur,Bagru APMC,Cereals,Wheat,Other,FAQ,"2,500.00","2,500.00","2,500.00",Rs./Quintal,27-10-2024
Rajasthan,Jaipur,Bagru APMC,Cereals,Wheat,Other,FAQ,"2,600.00","2,700.00","2,650.00",Rs./Quintal,21-10-2024
Rajasthan,Jaipur,Bagru APMC,Cereals,Wheat,Other,FAQ,"2,500.00","2,600.00","2,550.00",Rs./Quintal,20-10-2024
Rajasthan,Jaipur,Bagru APMC,Cereals,Wheat,Other,FAQ,"2,500.00","2,500.00","2,500.00",Rs./Quintal,17-10-2024
Rajasthan,Jaipur,Bagru APMC,Cereals,Wheat,Other,FAQ,"2,500.00","2,600.00","2,550.00",Rs./Quintal,14-10-2024
Rajasthan,Jaipur,Bagru APMC,Cereals,Wheat,Other,FAQ,"2,500.00","2,500.00","2,500.00",Rs./Quintal,25-09-2024
Rajasthan,Jaipur,Bagru APMC,Cereals,Wheat,Other,FAQ,"2,350.00","2,350.00","2,350.00",Rs./Quintal,29-07-2024
Rajasthan,Jaipur,Bagru APMC,Cereals,Wheat,Other,FAQ,"2,450.00","2,450.00","2,450.00",Rs./Quintal,12/7/2024
Rajasthan,Jaipur,Bassi APMC,Cereals,Wheat,Other,FAQ,"2,730.00","2,851.00","2,790.00",Rs./Quintal,6/11/2024
Rajasthan,Jaipur,Bassi APMC,Cereals,Wheat,Other,FAQ,"2,700.00","2,800.00","2,750.00",Rs./Quintal,5/11/2024
Rajasthan,Jaipur,Bassi APMC,Cereals,Wheat,Other,FAQ,"2,670.00","2,731.00","2,700.00",Rs./Quintal,29-10-2024
Rajasthan,Jaipur,Bassi APMC,Cereals,Wheat,Other,FAQ,"2,552.00","2,780.00","2,666.00",Rs./Quintal,28-10-2024
Rajasthan,Jaipur,Bassi APMC,Cereals,Wheat,Other,FAQ,"2,630.00","2,750.00","2,690.00",Rs./Quintal,26-10-2024
Rajasthan,Jaipur,Bassi APMC,Cereals,Wheat,Other,FAQ,"2,653.00","2,795.00","2,724.00",Rs./Quintal,25-10-2024
Rajasthan,Jaipur,Bassi APMC,Cereals,Wheat,Other,FAQ,"2,500.00","2,778.00","2,639.00",Rs./Quintal,24-10-2024
Rajasthan,Jaipur,Bassi APMC,Cereals,Wheat,Other,FAQ,"2,600.00","2,760.00","2,680.00",Rs./Quintal,23-10-2024
Rajasthan,Jaipur,Bassi APMC,Cereals,Wheat,Other,FAQ,"2,704.00","2,822.00","2,763.00",Rs./Quintal,22-10-2024
Rajasthan,Jaipur,Bassi APMC,Cereals,Wheat,Other,FAQ,"2,670.00","2,750.00","2,710.00",Rs./Quintal,19-10-2024
Rajasthan,Jaipur,Bassi APMC,Cereals,Wheat,Other,FAQ,"2,640.00","2,745.00","2,692.00",Rs./Quintal,17-10-2024
Rajasthan,Jaipur,Bassi APMC,Cereals,Wheat,Other,FAQ,"2,563.00","2,680.00","2,621.00",Rs./Quintal,16-10-2024
Rajasthan,Jaipur,Bassi APMC,Cereals,Wheat,Other,FAQ,"2,690.00","2,771.00","2,730.00",Rs./Quintal,2/10/2024
Rajasthan,Jaipur,Bassi APMC,Cereals,Wheat,Other,FAQ,"2,641.00","2,780.00","2,710.00",Rs./Quintal,1/10/2024
Rajasthan,Jaipur,Bassi APMC,Cereals,Wheat,Other,FAQ,"2,646.00","2,724.00","2,685.00",Rs./Quintal,27-09-2024
Rajasthan,Jaipur,Bassi APMC,Cereals,Wheat,Other,FAQ,"2,650.00","2,740.00","2,695.00",Rs./Quintal,26-09-2024
Rajasthan,Jaipur,Bassi APMC,Cereals,Wheat,Other,FAQ,"2,170.00","2,725.00","2,447.00",Rs./Quintal,25-09-2024
Rajasthan,Jaipur,Bassi APMC,Cereals,Wheat,Other,FAQ,"2,611.00","2,705.00","2,658.00",Rs./Quintal,24-09-2024
Rajasthan,Jaipur,Bassi APMC,Cereals,Wheat,Other,FAQ,"2,600.00","2,669.00","2,634.00",Rs./Quintal,23-09-2024
Rajasthan,Jaipur,Bassi APMC,Cereals,Wheat,Other,FAQ,"2,570.00","2,665.00","2,617.00",Rs./Quintal,21-09-2024
Rajasthan,Jaipur,Bassi APMC,Cereals,Wheat,Other,FAQ,"2,520.00","2,665.00","2,592.00",Rs./Quintal,20-09-2024
Rajasthan,Jaipur,Bassi APMC,Cereals,Wheat,Other,FAQ,"2,553.00","2,644.00","2,598.00",Rs./Quintal,19-09-2024
Rajasthan,Jaipur,Bassi APMC,Cereals,Wheat,Other,FAQ,"2,500.00","2,630.00","2,565.00",Rs./Quintal,18-09-2024
Rajasthan,Jaipur,Bassi APMC,Cereals,Wheat,Other,FAQ,"2,305.00","2,631.00","2,468.00",Rs./Quintal,17-09-2024
Rajasthan,Jaipur,Bassi APMC,Cereals,Wheat,Other,FAQ,"2,480.00","2,631.00","2,555.00",Rs./Quintal,16-09-2024
Rajasthan,Jaipur,Bassi APMC,Cereals,Wheat,Other,FAQ,"2,570.00","2,654.00","2,612.00",Rs./Quintal,14-09-2024
Rajasthan,Jaipur,Bassi APMC,Cereals,Wheat,Other,FAQ,"2,590.00","2,590.00","2,590.00",Rs./Quintal,13-09-2024
Rajasthan,Jaipur,Bassi APMC,Cereals,Wheat,Other,FAQ,"2,506.00","2,640.00","2,573.00",Rs./Quintal,12/9/2024
Rajasthan,Jaipur,Bassi APMC,Cereals,Wheat,Other,FAQ,"2,600.00","2,610.00","2,605.00",Rs./Quintal,11/9/2024
Rajasthan,Jaipur,Bassi APMC,Cereals,Wheat,Other,FAQ,"2,570.00","2,595.00","2,582.00",Rs./Quintal,10/9/2024
Rajasthan,Jaipur,Bassi APMC,Cereals,Wheat,Other,FAQ,"2,336.00","2,621.00","2,473.00",Rs./Quintal,7/9/2024
Rajasthan,Jaipur,Bassi APMC,Cereals,Wheat,Other,FAQ,"2,550.00","2,550.00","2,550.00",Rs./Quintal,6/9/2024
Rajasthan,Jaipur,Bassi APMC,Cereals,Wheat,Other,FAQ,"2,521.00","2,575.00","2,548.00",Rs./Quintal,5/9/2024
Rajasthan,Jaipur,Bassi APMC,Cereals,Wheat,Other,FAQ,"2,538.00","2,611.00","2,574.00",Rs./Quintal,4/9/2024
Rajasthan,Jaipur,Bassi APMC,Cereals,Wheat,Other,FAQ,"2,424.00","2,632.00","2,528.00",Rs./Quintal,3/9/2024
Rajasthan,Jaipur,Bassi APMC,Cereals,Wheat,Other,FAQ,"2,557.00","2,600.00","2,578.00",Rs./Quintal,2/9/2024
Rajasthan,Jaipur,Bassi APMC,Cereals,Wheat,Other,FAQ,"2,540.00","2,628.00","2,584.00",Rs./Quintal,31-08-2024
Rajasthan,Jaipur,Bassi APMC,Cereals,Wheat,Other,FAQ,"2,313.00","2,629.00","2,471.00",Rs./Quintal,30-08-2024
Rajasthan,Jaipur,Bassi APMC,Cereals,Wheat,Other,FAQ,"2,313.00","2,629.00","2,471.00",Rs./Quintal,29-08-2024
Rajasthan,Jaipur,Bassi APMC,Cereals,Wheat,Other,FAQ,"2,500.00","2,500.00","2,500.00",Rs./Quintal,28-08-2024
Rajasthan,Jaipur,Bassi APMC,Cereals,Wheat,Other,FAQ,"2,550.00","2,581.00","2,565.00",Rs./Quintal,27-08-2024
Rajasthan,Jaipur,Bassi APMC,Cereals,Wheat,Other,FAQ,"2,525.00","2,632.00","2,578.00",Rs./Quintal,26-08-2024
Rajasthan,Jaipur,Bassi APMC,Cereals,Wheat,Other,FAQ,"2,451.00","2,630.00","2,540.00",Rs./Quintal,24-08-2024
Rajasthan,Jaipur,Bassi APMC,Cereals,Wheat,Other,FAQ,"2,430.00","2,653.00","2,541.00",Rs./Quintal,23-08-2024
Rajasthan,Jaipur,Bassi APMC,Cereals,Wheat,Other,FAQ,"2,530.00","2,600.00","2,565.00",Rs./Quintal,17-08-2024
Rajasthan,Jaipur,Bassi APMC,Cereals,Wheat,Other,FAQ,"2,541.00","2,621.00","2,581.00",Rs./Quintal,16-08-2024
Rajasthan,Jaipur,Bassi APMC,Cereals,Wheat,Other,FAQ,"2,551.00","2,600.00","2,575.00",Rs./Quintal,14-08-2024
Rajasthan,Jaipur,Bassi APMC,Cereals,Wheat,Other,FAQ,"2,514.00","2,514.00","2,514.00",Rs./Quintal,13-08-2024
Rajasthan,Jaipur,Bassi APMC,Cereals,Wheat,Other,FAQ,"2,435.00","2,560.00","2,497.00",Rs./Quintal,12/8/2024
Rajasthan,Jaipur,Bassi APMC,Cereals,Wheat,Other,FAQ,"2,489.00","2,489.00","2,489.00",Rs./Quintal,10/8/2024
Rajasthan,Jaipur,Bassi APMC,Cereals,Wheat,Other,FAQ,"2,500.00","2,531.00","2,515.00",Rs./Quintal,9/8/2024
Rajasthan,Jaipur,Bassi APMC,Cereals,Wheat,Other,FAQ,"2,422.00","2,520.00","2,471.00",Rs./Quintal,8/8/2024
Rajasthan,Jaipur,Bassi APMC,Cereals,Wheat,Other,FAQ,"2,442.00","2,500.00","2,471.00",Rs./Quintal,7/8/2024
Rajasthan,Jaipur,Bassi APMC,Cereals,Wheat,Other,FAQ,"2,450.00","2,484.00","2,467.00",Rs./Quintal,6/8/2024
Rajasthan,Jaipur,Bassi APMC,Cereals,Wheat,Other,FAQ,"2,434.00","2,434.00","2,434.00",Rs./Quintal,5/8/2024
Rajasthan,Jaipur,Bassi APMC,Cereals,Wheat,Other,FAQ,"2,422.00","2,463.00","2,442.00",Rs./Quintal,3/8/2024
Rajasthan,Jaipur,Bassi APMC,Cereals,Wheat,Other,FAQ,"2,451.00","2,451.00","2,451.00",Rs./Quintal,2/8/2024
Rajasthan,Jaipur,Bassi APMC,Cereals,Wheat,Other,FAQ,"2,413.00","2,501.00","2,457.00",Rs./Quintal,31-07-2024
Rajasthan,Jaipur,Bassi APMC,Cereals,Wheat,Other,FAQ,"2,306.00","2,530.00","2,418.00",Rs./Quintal,30-07-2024
Rajasthan,Jaipur,Bassi APMC,Cereals,Wheat,Other,FAQ,"2,420.00","2,576.00","2,498.00",Rs./Quintal,29-07-2024
Rajasthan,Jaipur,Bassi APMC,Cereals,Wheat,Other,FAQ,"2,400.00","2,476.00","2,438.00",Rs./Quintal,25-07-2024
Rajasthan,Jaipur,Bassi APMC,Cereals,Wheat,Other,FAQ,"2,440.00","2,470.00","2,455.00",Rs./Quintal,24-07-2024
Rajasthan,Jaipur,Bassi APMC,Cereals,Wheat,Other,FAQ,"2,425.00","2,463.00","2,444.00",Rs./Quintal,23-07-2024
Rajasthan,Jaipur,Bassi APMC,Cereals,Wheat,Other,FAQ,"2,406.00","2,483.00","2,444.00",Rs./Quintal,22-07-2024
Rajasthan,Jaipur,Bassi APMC,Cereals,Wheat,Other,FAQ,"2,462.00","2,505.00","2,483.00",Rs./Quintal,20-07-2024
Rajasthan,Jaipur,Bassi APMC,Cereals,Wheat,Other,FAQ,"2,440.00","2,468.00","2,454.00",Rs./Quintal,19-07-2024
Rajasthan,Jaipur,Bassi APMC,Cereals,Wheat,Other,FAQ,"2,419.00","2,469.00","2,444.00",Rs./Quintal,18-07-2024
Rajasthan,Jaipur,Bassi APMC,Cereals,Wheat,Other,FAQ,"2,436.00","2,475.00","2,455.00",Rs./Quintal,17-07-2024
Rajasthan,Jaipur,Bassi APMC,Cereals,Wheat,Other,FAQ,"2,395.00","2,496.00","2,445.00",Rs./Quintal,16-07-2024
Rajasthan,Jaipur,Bassi APMC,Cereals,Wheat,Other,FAQ,"2,400.00","2,522.00","2,461.00",Rs./Quintal,15-07-2024
Rajasthan,Jaipur,Bassi APMC,Cereals,Wheat,Other,FAQ,"2,435.00","2,435.00","2,435.00",Rs./Quintal,13-07-2024
Rajasthan,Jaipur,Bassi APMC,Cereals,Wheat,Other,FAQ,"2,425.00","2,450.00","2,437.00",Rs./Quintal,12/7/2024
Rajasthan,Jaipur,Bassi APMC,Cereals,Wheat,Other,FAQ,"2,330.00","2,446.00","2,388.00",Rs./Quintal,11/7/2024
Rajasthan,Jaipur,Bassi APMC,Cereals,Wheat,Other,FAQ,"2,375.00","2,465.00","2,420.00",Rs./Quintal,10/7/2024
Rajasthan,Jaipur,Bassi APMC,Cereals,Wheat,Other,FAQ,"2,366.00","2,476.00","2,421.00",Rs./Quintal,9/7/2024
Rajasthan,Jaipur,Bassi APMC,Cereals,Wheat,Other,FAQ,"2,423.00","2,450.00","2,436.00",Rs./Quintal,8/7/2024
Rajasthan,Jaipur,Bassi APMC,Cereals,Wheat,Other,FAQ,"2,370.00","2,465.00","2,417.00",Rs./Quintal,6/7/2024
Rajasthan,Jaipur,Bassi APMC,Cereals,Wheat,Other,FAQ,"2,383.00","2,409.00","2,396.00",Rs./Quintal,5/7/2024
Rajasthan,Jaipur,Bassi APMC,Cereals,Wheat,Other,FAQ,"2,360.00","2,470.00","2,415.00",Rs./Quintal,4/7/2024
Rajasthan,Jaipur,Bassi APMC,Cereals,Wheat,Other,FAQ,"2,400.00","2,470.00","2,435.00",Rs./Quintal,3/7/2024
Rajasthan,Jaipur,Bassi APMC,Cereals,Wheat,Other,FAQ,"2,315.00","2,483.00","2,399.00",Rs./Quintal,2/7/2024
Rajasthan,Jaipur,Bassi APMC,Cereals,Wheat,Other,FAQ,"2,350.00","2,438.00","2,394.00",Rs./Quintal,1/7/2024
Rajasthan,Jaipur,Bassi APMC,Cereals,Wheat,Other,FAQ,"2,400.00","2,500.00","2,450.00",Rs./Quintal,29-06-2024
Rajasthan,Jaipur,Bassi APMC,Cereals,Wheat,Other,FAQ,"2,430.00","2,480.00","2,455.00",Rs./Quintal,28-06-2024
Rajasthan,Jaipur,Bassi APMC,Cereals,Wheat,Other,FAQ,"2,415.00","2,500.00","2,457.00",Rs./Quintal,27-06-2024
Rajasthan,Jaipur,Bassi APMC,Cereals,Wheat,Other,FAQ,"2,421.00","2,500.00","2,460.00",Rs./Quintal,26-06-2024
Rajasthan,Jaipur,Bassi APMC,Cereals,Wheat,Other,FAQ,"2,410.00","2,520.00","2,465.00",Rs./Quintal,25-06-2024
Rajasthan,Jaipur,Bassi APMC,Cereals,Wheat,Other,FAQ,"2,415.00","2,500.00","2,457.00",Rs./Quintal,24-06-2024
Rajasthan,Jaipur,Bassi APMC,Cereals,Wheat,Other,FAQ,"2,420.00","2,526.00","2,473.00",Rs./Quintal,22-06-2024
Rajasthan,Jaipur,Bassi APMC,Cereals,Wheat,Other,FAQ,"2,390.00","2,510.00","2,450.00",Rs./Quintal,21-06-2024
Rajasthan,Jaipur,Bassi APMC,Cereals,Wheat,Other,FAQ,"2,385.00","2,560.00","2,472.00",Rs./Quintal,20-06-2024
Rajasthan,Jaipur,Bassi APMC,Cereals,Wheat,Other,FAQ,"2,410.00","2,520.00","2,465.00",Rs./Quintal,19-06-2024
Rajasthan,Jaipur,Bassi APMC,Cereals,Wheat,Other,FAQ,"2,415.00","2,488.00","2,451.00",Rs./Quintal,18-06-2024
Rajasthan,Jaipur,Bassi APMC,Cereals,Wheat,Other,FAQ,"2,400.00","2,500.00","2,450.00",Rs./Quintal,17-06-2024
Rajasthan,Jaipur,Bassi APMC,Cereals,Wheat,Other,FAQ,"2,435.00","2,550.00","2,492.00",Rs./Quintal,15-06-2024
Rajasthan,Jaipur,Bassi APMC,Cereals,Wheat,Other,FAQ,"2,400.00","2,595.00","2,497.00",Rs./Quintal,13-06-2024
Rajasthan,Jaipur,Bassi APMC,Cereals,Wheat,Other,FAQ,"2,376.00","2,511.00","2,443.00",Rs./Quintal,12/6/2024
Rajasthan,Jaipur,Bassi APMC,Cereals,Wheat,Other,FAQ,"2,400.00","2,537.00","2,468.00",Rs./Quintal,11/6/2024
Rajasthan,Jaipur,Bassi APMC,Cereals,Wheat,Other,FAQ,"2,405.00","2,525.00","2,465.00",Rs./Quintal,10/6/2024
Rajasthan,Jaipur,Bassi APMC,Cereals,Wheat,Other,FAQ,"2,375.00","2,540.00","2,457.00",Rs./Quintal,8/6/2024
Rajasthan,Jaipur,Bassi APMC,Cereals,Wheat,Other,FAQ,"2,365.00","2,535.00","2,450.00",Rs./Quintal,7/6/2024
Rajasthan,Jaipur,Bassi APMC,Cereals,Wheat,Other,FAQ,"2,365.00","2,535.00","2,450.00",Rs./Quintal,6/6/2024
Rajasthan,Jaipur,Bassi APMC,Cereals,Wheat,Other,FAQ,"2,425.00","2,520.00","2,472.00",Rs./Quintal,5/6/2024
Rajasthan,Jaipur,Bassi APMC,Cereals,Wheat,Other,FAQ,"2,450.00","2,600.00","2,525.00",Rs./Quintal,4/6/2024
Rajasthan,Jaipur,Bassi APMC,Cereals,Wheat,Other,FAQ,"2,380.00","2,485.00","2,432.00",Rs./Quintal,3/6/2024
Rajasthan,Jaipur,Bassi APMC,Cereals,Wheat,Other,FAQ,"2,370.00","2,570.00","2,470.00",Rs./Quintal,1/6/2024
Rajasthan,Jaipur,Bassi APMC,Cereals,Wheat,Other,FAQ,"2,440.00","2,530.00","2,485.00",Rs./Quintal,31-05-2024
Rajasthan,Jaipur,Bassi APMC,Cereals,Wheat,Other,FAQ,"2,404.00","2,479.00","2,444.00",Rs./Quintal,30-05-2024
Rajasthan,Jaipur,Bassi APMC,Cereals,Wheat,Other,FAQ,"2,410.00","2,551.00","2,480.00",Rs./Quintal,29-05-2024
Rajasthan,Jaipur,Bassi APMC,Cereals,Wheat,Other,FAQ,"2,371.00","2,550.00","2,460.00",Rs./Quintal,28-05-2024
Rajasthan,Jaipur,Bassi APMC,Cereals,Wheat,Other,FAQ,"2,376.00","2,473.00","2,424.00",Rs./Quintal,27-05-2024
Rajasthan,Jaipur,Bassi APMC,Cereals,Wheat,Other,FAQ,"2,380.00","2,454.00","2,417.00",Rs./Quintal,25-05-2024
Rajasthan,Jaipur,Bassi APMC,Cereals,Wheat,Other,FAQ,"2,381.00","2,500.00","2,440.00",Rs./Quintal,24-05-2024
Rajasthan,Jaipur,Bassi APMC,Cereals,Wheat,Other,FAQ,"2,381.00","2,550.00","2,465.00",Rs./Quintal,23-05-2024
Rajasthan,Jaipur,Bassi APMC,Cereals,Wheat,Other,FAQ,"2,387.00","2,566.00","2,476.00",Rs./Quintal,22-05-2024
Rajasthan,Jaipur,Bassi APMC,Cereals,Wheat,Other,FAQ,"2,370.00","2,500.00","2,435.00",Rs./Quintal,21-05-2024
Rajasthan,Jaipur,Bassi APMC,Cereals,Wheat,Other,FAQ,"2,375.00","2,525.00","2,450.00",Rs./Quintal,20-05-2024
Rajasthan,Jaipur,Bassi APMC,Cereals,Wheat,Other,FAQ,"2,375.00","2,482.00","2,428.00",Rs./Quintal,18-05-2024
Rajasthan,Jaipur,Bassi APMC,Cereals,Wheat,Other,FAQ,"2,401.00","2,401.00","2,401.00",Rs./Quintal,17-05-2024
Rajasthan,Jaipur,Bassi APMC,Cereals,Wheat,Other,FAQ,"2,385.00","2,517.00","2,451.00",Rs./Quintal,16-05-2024
Rajasthan,Jaipur,Bassi APMC,Cereals,Wheat,Other,FAQ,"2,380.00","2,470.00","2,425.00",Rs./Quintal,15-05-2024
Rajasthan,Jaipur,Bassi APMC,Cereals,Wheat,Other,FAQ,"2,388.00","2,528.00","2,458.00",Rs./Quintal,14-05-2024
Rajasthan,Jaipur,Bassi APMC,Cereals,Wheat,Other,FAQ,"2,425.00","2,425.00","2,425.00",Rs./Quintal,13-05-2024
Rajasthan,Jaipur,Bassi APMC,Cereals,Wheat,Other,FAQ,"2,395.00","2,423.00","2,409.00",Rs./Quintal,11/5/2024
Rajasthan,Jaipur,Bassi APMC,Cereals,Wheat,Other,FAQ,"2,375.00","2,455.00","2,415.00",Rs./Quintal,10/5/2024
Rajasthan,Jaipur,Bassi APMC,Cereals,Wheat,Other,FAQ,"2,356.00","2,461.00","2,408.00",Rs./Quintal,9/5/2024
Rajasthan,Jaipur,Bassi APMC,Cereals,Wheat,Other,FAQ,"2,390.00","2,440.00","2,415.00",Rs./Quintal,8/5/2024
Rajasthan,Jaipur,Bassi APMC,Cereals,Wheat,Other,FAQ,"2,379.00","2,440.00","2,409.00",Rs./Quintal,7/5/2024
Rajasthan,Jaipur,Bassi APMC,Cereals,Wheat,Other,FAQ,"2,408.00","2,530.00","2,469.00",Rs./Quintal,6/5/2024
Rajasthan,Jaipur,Bassi APMC,Cereals,Wheat,Other,FAQ,"2,403.00","2,540.00","2,471.00",Rs./Quintal,4/5/2024
Rajasthan,Jaipur,Bassi APMC,Cereals,Wheat,Other,FAQ,"2,357.00","2,513.00","2,435.00",Rs./Quintal,3/5/2024
Rajasthan,Jaipur,Bassi APMC,Cereals,Wheat,Other,FAQ,"2,357.00","2,443.00","2,400.00",Rs./Quintal,2/5/2024
Rajasthan,Jaipur,Bassi APMC,Cereals,Wheat,Other,FAQ,"2,368.00",0,"2,471.00",Rs./Quintal,1/5/2024
Rajasthan,Jaipur,Bassi APMC,Cereals,Wheat,Other,FAQ,"2,367.00","2,556.00","2,461.00",Rs./Quintal,30-04-2024
Rajasthan,Jaipur,Bassi APMC,Cereals,Wheat,Other,FAQ,"2,382.00","2,568.00","2,475.00",Rs./Quintal,29-04-2024
Rajasthan,Jaipur,Bassi APMC,Cereals,Wheat,Other,FAQ,"2,372.00","2,550.00","2,461.00",Rs./Quintal,27-04-2024
Rajasthan,Jaipur,Bassi APMC,Cereals,Wheat,Other,FAQ,"2,350.00","2,501.00","2,425.00",Rs./Quintal,26-04-2024
Rajasthan,Jaipur,Bassi APMC,Cereals,Wheat,Other,FAQ,"2,330.00","2,604.00","2,467.00",Rs./Quintal,25-04-2024
Rajasthan,Jaipur,Bassi APMC,Cereals,Wheat,Other,FAQ,"2,331.00","2,580.00","2,455.00",Rs./Quintal,24-04-2024
Rajasthan,Jaipur,Bassi APMC,Cereals,Wheat,Other,FAQ,"2,306.00","2,600.00","2,403.00",Rs./Quintal,23-04-2024
Rajasthan,Jaipur,Bassi APMC,Cereals,Wheat,Other,FAQ,"2,300.00","2,551.00","2,425.00",Rs./Quintal,22-04-2024
Rajasthan,Jaipur,Bassi APMC,Cereals,Wheat,Other,FAQ,"2,300.00","2,440.00","2,370.00",Rs./Quintal,20-04-2024
Rajasthan,Jaipur,Bassi APMC,Cereals,Wheat,Other,FAQ,"2,268.00","2,465.00","2,366.00",Rs./Quintal,18-04-2024
Rajasthan,Jaipur,Bassi APMC,Cereals,Wheat,Other,FAQ,"2,132.00","2,406.00","2,269.00",Rs./Quintal,17-04-2024
Rajasthan,Jaipur,Bassi APMC,Cereals,Wheat,Other,FAQ,"2,150.00","2,510.00","2,330.00",Rs./Quintal,16-04-2024
Rajasthan,Jaipur,Bassi APMC,Cereals,Wheat,Other,FAQ,"2,070.00","2,500.00","2,285.00",Rs./Quintal,15-04-2024
Rajasthan,Jaipur,Bassi APMC,Cereals,Wheat,Other,FAQ,"2,223.00","2,410.00","2,316.00",Rs./Quintal,13-04-2024
Rajasthan,Jaipur,Bassi APMC,Cereals,Wheat,Other,FAQ,"2,191.00","2,506.00","2,348.00",Rs./Quintal,12/4/2024
Rajasthan,Jaipur,Bassi APMC,Cereals,Wheat,Other,FAQ,"2,201.00","2,500.00","2,350.00",Rs./Quintal,11/4/2024
Rajasthan,Jaipur,Bassi APMC,Cereals,Wheat,Other,FAQ,"2,309.00","2,405.00","2,357.00",Rs./Quintal,10/4/2024
Rajasthan,Jaipur,Bassi APMC,Cereals,Wheat,Other,FAQ,"2,100.00","2,521.00","2,310.00",Rs./Quintal,9/4/2024
Rajasthan,Jaipur,Bassi APMC,Cereals,Wheat,Other,FAQ,"2,230.00","2,440.00","2,335.00",Rs./Quintal,8/4/2024
Rajasthan,Jaipur,Bassi APMC,Cereals,Wheat,Other,FAQ,"2,300.00","2,500.00","2,400.00",Rs./Quintal,6/4/2024
Rajasthan,Jaipur,Bassi APMC,Cereals,Wheat,Other,FAQ,"2,300.00","2,500.00","2,400.00",Rs./Quintal,4/4/2024
Rajasthan,Jaipur,Bassi APMC,Cereals,Wheat,Other,FAQ,"2,291.00","2,511.00","2,401.00",Rs./Quintal,29-03-2024
Rajasthan,Jaipur,Bassi APMC,Cereals,Wheat,Other,FAQ,"2,350.00","2,515.00","2,432.00",Rs./Quintal,28-03-2024
Rajasthan,Jaipur,Bassi APMC,Cereals,Wheat,Other,FAQ,"2,300.00","2,561.00","2,430.00",Rs./Quintal,27-03-2024
Rajasthan,Jaipur,Bassi APMC,Cereals,Wheat,Other,FAQ,"2,315.00","2,475.00","2,395.00",Rs./Quintal,26-03-2024
Rajasthan,Jaipur,Bassi APMC,Cereals,Wheat,Other,FAQ,"2,226.00","2,680.00","2,453.00",Rs./Quintal,23-03-2024
Rajasthan,Jaipur,Bassi APMC,Cereals,Wheat,Other,FAQ,"2,335.00","2,525.00","2,430.00",Rs./Quintal,22-03-2024
Rajasthan,Jaipur,Bassi APMC,Cereals,Wheat,Other,FAQ,"2,350.00","2,450.00","2,450.00",Rs./Quintal,21-03-2024
Rajasthan,Jaipur,Bassi APMC,Cereals,Wheat,Other,FAQ,"2,250.00","2,400.00","2,325.00",Rs./Quintal,20-03-2024
Rajasthan,Jaipur,Bassi APMC,Cereals,Wheat,Other,FAQ,"2,250.00","2,400.00","2,325.00",Rs./Quintal,19-03-2024
Rajasthan,Jaipur,Bassi APMC,Cereals,Wheat,Other,FAQ,"2,373.00","2,505.00","2,439.00",Rs./Quintal,18-03-2024
Rajasthan,Jaipur,Bassi APMC,Cereals,Wheat,Other,FAQ,"2,361.00","2,400.00","2,380.00",Rs./Quintal,15-03-2024
Rajasthan,Jaipur,Bassi APMC,Cereals,Wheat,Other,FAQ,"2,350.00","2,705.00","2,527.00",Rs./Quintal,14-03-2024
Rajasthan,Jaipur,Bassi APMC,Cereals,Wheat,Other,FAQ,"2,452.00","2,500.00","2,476.00",Rs./Quintal,13-03-2024
Rajasthan,Jaipur,Bassi APMC,Cereals,Wheat,Other,FAQ,"2,275.00","2,700.00","2,487.00",Rs./Quintal,12/3/2024
Rajasthan,Jaipur,Bassi APMC,Cereals,Wheat,Other,FAQ,"2,280.00","2,280.00","2,280.00",Rs./Quintal,11/3/2024
Rajasthan,Jaipur,Bassi APMC,Cereals,Wheat,Other,FAQ,"2,429.00","2,429.00","2,429.00",Rs./Quintal,6/3/2024
Rajasthan,Jaipur,Bassi APMC,Cereals,Wheat,Other,FAQ,"2,550.00","2,550.00","2,550.00",Rs./Quintal,5/3/2024
Rajasthan,Jaipur,Bassi APMC,Cereals,Wheat,Other,FAQ,"2,550.00","2,597.00","2,573.00",Rs./Quintal,2/3/2024
Rajasthan,Jaipur,Bassi APMC,Cereals,Wheat,Other,FAQ,"2,320.00","2,700.00","2,510.00",Rs./Quintal,1/3/2024
Rajasthan,Jaipur,Bassi APMC,Cereals,Wheat,Other,FAQ,"2,348.00","2,348.00","2,348.00",Rs./Quintal,29-02-2024
Rajasthan,Jaipur,Bassi APMC,Cereals,Wheat,Other,FAQ,"2,071.00","2,485.00","2,278.00",Rs./Quintal,28-02-2024
Rajasthan,Jaipur,Bassi APMC,Cereals,Wheat,Other,FAQ,"2,461.00","2,526.00","2,493.00",Rs./Quintal,27-02-2024
Rajasthan,Jaipur,Bassi APMC,Cereals,Wheat,Other,FAQ,"2,571.00","2,575.00","2,573.00",Rs./Quintal,26-02-2024
Rajasthan,Jaipur,Bassi APMC,Cereals,Wheat,Other,FAQ,"2,486.00","2,486.00","2,486.00",Rs./Quintal,24-02-2024
Rajasthan,Jaipur,Bassi APMC,Cereals,Wheat,Other,FAQ,"2,362.00","2,400.00","2,381.00",Rs./Quintal,22-02-2024
Rajasthan,Jaipur,Bassi APMC,Cereals,Wheat,Other,FAQ,"2,300.00","2,479.00","2,389.00",Rs./Quintal,21-02-2024
Rajasthan,Jaipur,Bassi APMC,Cereals,Wheat,Other,FAQ,"2,009.00","2,677.00","2,343.00",Rs./Quintal,19-02-2024
Rajasthan,Jaipur,Bassi APMC,Cereals,Wheat,Other,FAQ,"2,475.00","2,500.00","2,487.00",Rs./Quintal,17-02-2024
Rajasthan,Jaipur,Bassi APMC,Cereals,Wheat,Other,FAQ,"2,651.00","2,651.00","2,651.00",Rs./Quintal,16-02-2024
Rajasthan,Jaipur,Bassi APMC,Cereals,Wheat,Other,FAQ,"2,472.00","2,472.00","2,472.00",Rs./Quintal,15-02-2024
Rajasthan,Jaipur,Bassi APMC,Cereals,Wheat,Other,FAQ,"2,483.00","2,610.00","2,546.00",Rs./Quintal,14-02-2024
Rajasthan,Jaipur,Bassi APMC,Cereals,Wheat,Other,FAQ,"2,351.00","2,502.00","2,426.00",Rs./Quintal,13-02-2024
Rajasthan,Jaipur,Bassi APMC,Cereals,Wheat,Other,FAQ,"2,400.00","2,525.00","2,462.00",Rs./Quintal,12/2/2024
Rajasthan,Jaipur,Bassi APMC,Cereals,Wheat,Other,FAQ,"2,281.00","2,700.00","2,490.00",Rs./Quintal,10/2/2024
Rajasthan,Jaipur,Bassi APMC,Cereals,Wheat,Other,FAQ,"2,445.00","2,480.00","2,462.00",Rs./Quintal,9/2/2024
Rajasthan,Jaipur,Bassi APMC,Cereals,Wheat,Other,FAQ,"2,497.00","2,720.00","2,608.00",Rs./Quintal,8/2/2024
Rajasthan,Jaipur,Bassi APMC,Cereals,Wheat,Other,FAQ,"2,415.00","2,500.00","2,457.00",Rs./Quintal,7/2/2024
Rajasthan,Jaipur,Bassi APMC,Cereals,Wheat,Other,FAQ,"2,435.00","2,526.00","2,480.00",Rs./Quintal,6/2/2024
Rajasthan,Jaipur,Bassi APMC,Cereals,Wheat,Other,FAQ,"2,480.00","2,480.00","2,480.00",Rs./Quintal,5/2/2024
Rajasthan,Jaipur,Bassi APMC,Cereals,Wheat,Other,FAQ,"2,477.00","2,515.00","2,496.00",Rs./Quintal,3/2/2024
Rajasthan,Jaipur,Bassi APMC,Cereals,Wheat,Other,FAQ,"2,400.00","2,400.00","2,400.00",Rs./Quintal,1/2/2024
Rajasthan,Jaipur,Bassi APMC,Cereals,Wheat,Other,FAQ,"2,470.00","2,726.00","2,598.00",Rs./Quintal,31-01-2024
Rajasthan,Jaipur,Bassi APMC,Cereals,Wheat,Other,FAQ,"2,465.00","2,835.00","2,650.00",Rs./Quintal,30-01-2024
Rajasthan,Jaipur,Bassi APMC,Cereals,Wheat,Other,FAQ,"2,464.00","2,672.00","2,568.00",Rs./Quintal,29-01-2024
Rajasthan,Jaipur,Bassi APMC,Cereals,Wheat,Other,FAQ,"2,458.00","3,000.00","2,799.00",Rs./Quintal,27-01-2024
Rajasthan,Jaipur,Bassi APMC,Cereals,Wheat,Other,FAQ,"2,481.00","2,700.00","2,590.00",Rs./Quintal,25-01-2024
Rajasthan,Jaipur,Bassi APMC,Cereals,Wheat,Other,FAQ,"2,497.00","2,791.00","2,644.00",Rs./Quintal,24-01-2024
Rajasthan,Jaipur,Bassi APMC,Cereals,Wheat,Other,FAQ,"2,415.00","2,631.00","2,523.00",Rs./Quintal,20-01-2024
Rajasthan,Jaipur,Bassi APMC,Cereals,Wheat,Other,FAQ,"2,560.00","2,621.00","2,590.00",Rs./Quintal,19-01-2024
Rajasthan,Jaipur,Bassi APMC,Cereals,Wheat,Other,FAQ,"2,596.00","2,850.00","2,723.00",Rs./Quintal,17-01-2024
Rajasthan,Jaipur,Bassi APMC,Cereals,Wheat,Other,FAQ,"2,575.00","2,821.00","2,698.00",Rs./Quintal,13-01-2024
Rajasthan,Jaipur,Bassi APMC,Cereals,Wheat,Other,FAQ,"2,736.00","2,736.00","2,736.00",Rs./Quintal,12/1/2024
Rajasthan,Jaipur,Bassi APMC,Cereals,Wheat,Other,FAQ,"2,576.00","2,641.00","2,608.00",Rs./Quintal,11/1/2024
Rajasthan,Jaipur,Bassi APMC,Cereals,Wheat,Other,FAQ,"2,776.00","2,776.00","2,776.00",Rs./Quintal,10/1/2024
Rajasthan,Jaipur,Bassi APMC,Cereals,Wheat,Other,FAQ,"2,525.00","2,751.00","2,638.00",Rs./Quintal,8/1/2024
Rajasthan,Jaipur,Bassi APMC,Cereals,Wheat,Other,FAQ,"2,535.00","2,810.00","2,672.00",Rs./Quintal,6/1/2024
Rajasthan,Jaipur,Bassi APMC,Cereals,Wheat,Other,FAQ,"2,614.00","2,625.00","2,619.00",Rs./Quintal,4/1/2024
Rajasthan,Jaipur,Bassi APMC,Cereals,Wheat,Other,FAQ,"2,521.00","2,521.00","2,521.00",Rs./Quintal,3/1/2024
Rajasthan,Jaipur,Bassi APMC,Cereals,Wheat,Other,FAQ,"2,458.00","2,576.00","2,517.00",Rs./Quintal,30-12-2023
Rajasthan,Jaipur,Bassi APMC,Cereals,Wheat,1482,FAQ,"2,452.00","2,476.00","2,464.00",Rs./Quintal,29-12-2023
Rajasthan,Jaipur,Bassi APMC,Cereals,Wheat,Other,FAQ,"2,450.00","2,790.00","2,620.00",Rs./Quintal,28-12-2023
Rajasthan,Jaipur,Bassi APMC,Cereals,Wheat,Other,FAQ,"2,441.00","2,560.00","2,500.00",Rs./Quintal,27-12-2023
Rajasthan,Jaipur,Bassi APMC,Cereals,Wheat,Other,FAQ,"2,441.00","2,456.00","2,448.00",Rs./Quintal,26-12-2023
Rajasthan,Jaipur,Bassi APMC,Cereals,Wheat,Other,FAQ,"2,450.00","2,562.00","2,456.00",Rs./Quintal,25-12-2023
Rajasthan,Jaipur,Bassi APMC,Cereals,Wheat,Other,FAQ,"2,440.00","2,545.00","2,492.00",Rs./Quintal,23-12-2023
Rajasthan,Jaipur,Bassi APMC,Cereals,Wheat,Other,FAQ,"2,505.00","2,626.00","2,565.00",Rs./Quintal,22-12-2023
Rajasthan,Jaipur,Bassi APMC,Cereals,Wheat,Other,FAQ,"2,481.00","2,511.00","2,496.00",Rs./Quintal,21-12-2023
Rajasthan,Jaipur,Bassi APMC,Cereals,Wheat,Other,FAQ,"2,432.00","2,900.00","2,666.00",Rs./Quintal,20-12-2023
Rajasthan,Jaipur,Bassi APMC,Cereals,Wheat,Other,FAQ,"2,400.00","2,510.00","2,455.00",Rs./Quintal,19-12-2023
Rajasthan,Jaipur,Bassi APMC,Cereals,Wheat,Other,FAQ,"2,439.00","2,550.00","2,494.00",Rs./Quintal,18-12-2023
Rajasthan,Jaipur,Bassi APMC,Cereals,Wheat,Other,FAQ,"2,350.00","2,700.00","2,525.00",Rs./Quintal,16-12-2023
Rajasthan,Jaipur,Bassi APMC,Cereals,Wheat,Other,FAQ,"2,450.00","2,500.00","2,475.00",Rs./Quintal,15-12-2023
Rajasthan,Jaipur,Bassi APMC,Cereals,Wheat,Other,FAQ,"2,480.00","2,645.00","2,562.00",Rs./Quintal,14-12-2023
Rajasthan,Jaipur,Bassi APMC,Cereals,Wheat,Other,FAQ,"2,467.00","2,800.00","2,633.00",Rs./Quintal,13-12-2023
Rajasthan,Jaipur,Bassi APMC,Cereals,Wheat,Other,FAQ,"2,531.00","2,635.00","2,583.00",Rs./Quintal,12/12/2023
Rajasthan,Jaipur,Bassi APMC,Cereals,Wheat,Other,FAQ,"2,430.00","2,856.00","2,643.00",Rs./Quintal,11/12/2023
Rajasthan,Jaipur,Bassi APMC,Cereals,Wheat,Other,FAQ,"2,585.00","2,671.00","2,628.00",Rs./Quintal,9/12/2023
Rajasthan,Jaipur,Bassi APMC,Cereals,Wheat,Other,FAQ,"2,550.00","2,850.00","2,700.00",Rs./Quintal,8/12/2023
Rajasthan,Jaipur,Bassi APMC,Cereals,Wheat,Other,FAQ,"2,590.00","2,850.00","2,720.00",Rs./Quintal,7/12/2023
Rajasthan,Jaipur,Bassi APMC,Cereals,Wheat,Other,FAQ,"2,650.00","2,911.00","2,780.00",Rs./Quintal,5/12/2023
Rajasthan,Jaipur,Bassi APMC,Cereals,Wheat,Other,FAQ,"2,510.00","2,680.00","2,595.00",Rs./Quintal,4/12/2023
Rajasthan,Jaipur,Bassi APMC,Cereals,Wheat,Other,FAQ,"2,400.00","2,580.00","2,490.00",Rs./Quintal,2/12/2023
Rajasthan,Jaipur,Bassi APMC,Cereals,Wheat,Other,FAQ,"2,433.00","2,650.00","2,541.00",Rs./Quintal,1/12/2023
Rajasthan,Jaipur,Bassi APMC,Cereals,Wheat,Other,FAQ,"2,490.00","2,603.00","2,546.00",Rs./Quintal,30-11-2023
Rajasthan,Jaipur,Bassi APMC,Cereals,Wheat,Other,FAQ,"2,360.00","2,360.00","2,360.00",Rs./Quintal,29-11-2023
Rajasthan,Jaipur,Bassi APMC,Cereals,Wheat,Other,FAQ,"2,420.00","2,700.00","2,560.00",Rs./Quintal,28-11-2023
Rajasthan,Jaipur,Bassi APMC,Cereals,Wheat,Other,FAQ,"2,459.00","2,633.00","2,546.00",Rs./Quintal,27-11-2023
Rajasthan,Jaipur,Bassi APMC,Cereals,Wheat,Other,FAQ,"2,490.00","2,490.00","2,490.00",Rs./Quintal,24-11-2023
Rajasthan,Jaipur,Bassi APMC,Cereals,Wheat,Other,FAQ,"2,365.00","2,646.00","2,505.00",Rs./Quintal,23-11-2023
Rajasthan,Jaipur,Bassi APMC,Cereals,Wheat,Other,FAQ,"2,000.00","2,582.00","2,291.00",Rs./Quintal,22-11-2023
Rajasthan,Jaipur,Bassi APMC,Cereals,Wheat,Other,FAQ,"2,322.00","2,500.00","2,411.00",Rs./Quintal,21-11-2023
Rajasthan,Jaipur,Bassi APMC,Cereals,Wheat,Other,FAQ,"2,372.00","2,518.00","2,445.00",Rs./Quintal,20-11-2023
Rajasthan,Jaipur,Bassi APMC,Cereals,Wheat,Other,FAQ,"2,370.00","2,700.00","2,535.00",Rs./Quintal,18-11-2023
Rajasthan,Jaipur,Bassi APMC,Cereals,Wheat,Other,FAQ,"2,376.00","2,600.00","2,488.00",Rs./Quintal,17-11-2023
Rajasthan,Jaipur,Bassi APMC,Cereals,Wheat,Other,FAQ,"2,350.00","2,745.00","2,597.00",Rs./Quintal,10/11/2023
Rajasthan,Jaipur,Bassi APMC,Cereals,Wheat,Other,FAQ,"2,350.00","2,650.00","2,500.00",Rs./Quintal,9/11/2023
Rajasthan,Jaipur,Bassi APMC,Cereals,Wheat,Other,FAQ,"2,250.00","2,500.00","2,375.00",Rs./Quintal,8/11/2023
Rajasthan,Jaipur,Bassi APMC,Cereals,Wheat,Other,FAQ,"2,435.00","2,600.00","2,517.00",Rs./Quintal,7/11/2023
Rajasthan,Jaipur,Chaksu APMC,Cereals,Wheat,Other,FAQ,"2,700.00","2,883.00","2,800.00",Rs./Quintal,6/11/2024
Rajasthan,Jaipur,Chaksu APMC,Cereals,Wheat,Other,FAQ,"2,650.00","2,891.00","2,800.00",Rs./Quintal,5/11/2024
Rajasthan,Jaipur,Chaksu APMC,Cereals,Wheat,Other,FAQ,"2,600.00","2,812.00","2,750.00",Rs./Quintal,4/11/2024
Rajasthan,Jaipur,Chaksu APMC,Cereals,Wheat,Other,FAQ,"2,650.00","2,778.00","2,700.00",Rs./Quintal,26-10-2024
Rajasthan,Jaipur,Chaksu APMC,Cereals,Wheat,Other,FAQ,"2,650.00","2,770.00","2,711.00",Rs./Quintal,25-10-2024
Rajasthan,Jaipur,Chaksu APMC,Cereals,Wheat,Other,FAQ,"2,685.00","2,800.00","2,750.00",Rs./Quintal,24-10-2024
Rajasthan,Jaipur,Chaksu APMC,Cereals,Wheat,Other,FAQ,"2,451.00","2,783.00","2,750.00",Rs./Quintal,23-10-2024
Rajasthan,Jaipur,Chaksu APMC,Cereals,Wheat,Other,FAQ,"2,500.00","2,751.00","2,725.00",Rs./Quintal,22-10-2024
Rajasthan,Jaipur,Chaksu APMC,Cereals,Wheat,Other,FAQ,"2,700.00","2,802.00","2,751.00",Rs./Quintal,21-10-2024
Rajasthan,Jaipur,Chaksu APMC,Cereals,Wheat,Other,FAQ,"2,500.00","2,786.00","2,750.00",Rs./Quintal,19-10-2024
Rajasthan,Jaipur,Chaksu APMC,Cereals,Wheat,Other,FAQ,"2,630.00","2,735.00","2,675.00",Rs./Quintal,18-10-2024
Rajasthan,Jaipur,Chaksu APMC,Cereals,Wheat,Other,FAQ,"2,602.00","2,730.00","2,700.00",Rs./Quintal,17-10-2024
Rajasthan,Jaipur,Chaksu APMC,Cereals,Wheat,Other,FAQ,"2,600.00","2,759.00","2,700.00",Rs./Quintal,16-10-2024
Rajasthan,Jaipur,Chaksu APMC,Cereals,Wheat,Other,FAQ,"2,650.00","2,767.00","2,714.00",Rs./Quintal,14-10-2024
Rajasthan,Jaipur,Chaksu APMC,Cereals,Wheat,Other,FAQ,"2,339.00","2,767.00","2,700.00",Rs./Quintal,11/10/2024
Rajasthan,Jaipur,Chaksu APMC,Cereals,Wheat,Other,FAQ,"2,660.00","2,725.00","2,700.00",Rs./Quintal,8/10/2024
Rajasthan,Jaipur,Chaksu APMC,Cereals,Wheat,Other,FAQ,"2,600.00","2,710.00","2,680.00",Rs./Quintal,7/10/2024
Rajasthan,Jaipur,Chaksu APMC,Cereals,Wheat,Other,FAQ,"2,650.00","2,760.00","2,700.00",Rs./Quintal,5/10/2024
Rajasthan,Jaipur,Chaksu APMC,Cereals,Wheat,Other,FAQ,"2,300.00","2,755.00","2,740.00",Rs./Quintal,4/10/2024
Rajasthan,Jaipur,Chaksu APMC,Cereals,Wheat,Other,FAQ,"2,664.00","2,780.00","2,760.00",Rs./Quintal,3/10/2024
Rajasthan,Jaipur,Chaksu APMC,Cereals,Wheat,Other,FAQ,"2,700.00","2,812.00","2,745.00",Rs./Quintal,1/10/2024
Rajasthan,Jaipur,Chaksu APMC,Cereals,Wheat,Other,FAQ,"2,700.00","2,760.00","2,740.00",Rs./Quintal,30-09-2024
Rajasthan,Jaipur,Chaksu APMC,Cereals,Wheat,Other,FAQ,"2,650.00","2,741.00","2,726.00",Rs./Quintal,28-09-2024
Rajasthan,Jaipur,Chaksu APMC,Cereals,Wheat,Other,FAQ,"2,662.00","2,730.00","2,700.00",Rs./Quintal,27-09-2024
Rajasthan,Jaipur,Chaksu APMC,Cereals,Wheat,Other,FAQ,"2,635.00","2,715.00","2,680.00",Rs./Quintal,26-09-2024
Rajasthan,Jaipur,Chaksu APMC,Cereals,Wheat,Other,FAQ,"2,550.00","2,730.00","2,700.00",Rs./Quintal,25-09-2024
Rajasthan,Jaipur,Chaksu APMC,Cereals,Wheat,Other,FAQ,"2,665.00","2,768.00","2,740.00",Rs./Quintal,24-09-2024
Rajasthan,Jaipur,Chaksu APMC,Cereals,Wheat,Other,FAQ,"2,480.00","2,708.00","2,700.00",Rs./Quintal,23-09-2024
Rajasthan,Jaipur,Chaksu APMC,Cereals,Wheat,Other,FAQ,"2,551.00","2,661.00","2,600.00",Rs./Quintal,21-09-2024
Rajasthan,Jaipur,Chaksu APMC,Cereals,Wheat,Other,FAQ,"2,619.00","2,700.00","2,640.00",Rs./Quintal,20-09-2024
Rajasthan,Jaipur,Chaksu APMC,Cereals,Wheat,Other,FAQ,"2,550.00","2,670.00","2,631.00",Rs./Quintal,19-09-2024
Rajasthan,Jaipur,Chaksu APMC,Cereals,Wheat,Other,FAQ,"2,586.00","2,648.00","2,630.00",Rs./Quintal,18-09-2024
Rajasthan,Jaipur,Chaksu APMC,Cereals,Wheat,Other,FAQ,"2,655.00","2,655.00","2,655.00",Rs./Quintal,12/9/2024
Rajasthan,Jaipur,Chaksu APMC,Cereals,Wheat,Other,FAQ,"2,680.00","2,700.00","2,700.00",Rs./Quintal,11/9/2024
Rajasthan,Jaipur,Chaksu APMC,Cereals,Wheat,Other,FAQ,"2,600.00","2,650.00","2,617.00",Rs./Quintal,10/9/2024
Rajasthan,Jaipur,Chaksu APMC,Cereals,Wheat,Other,FAQ,"2,550.00","2,600.00","2,570.00",Rs./Quintal,9/9/2024
Rajasthan,Jaipur,Chaksu APMC,Cereals,Wheat,Other,FAQ,"2,471.00","2,666.00","2,625.00",Rs./Quintal,6/9/2024
Rajasthan,Jaipur,Chaksu APMC,Cereals,Wheat,Other,FAQ,"2,595.00","2,651.00","2,600.00",Rs./Quintal,5/9/2024
Rajasthan,Jaipur,Chaksu APMC,Cereals,Wheat,Other,FAQ,"2,581.00","2,602.00","2,590.00",Rs./Quintal,4/9/2024
Rajasthan,Jaipur,Chaksu APMC,Cereals,Wheat,Other,FAQ,"2,566.00","2,636.00","2,600.00",Rs./Quintal,3/9/2024
Rajasthan,Jaipur,Chaksu APMC,Cereals,Wheat,Other,FAQ,"2,530.00","2,605.00","2,560.00",Rs./Quintal,2/9/2024
Rajasthan,Jaipur,Chaksu APMC,Cereals,Wheat,Other,FAQ,"2,500.00","2,596.00","2,580.00",Rs./Quintal,31-08-2024
Rajasthan,Jaipur,Chaksu APMC,Cereals,Wheat,Other,FAQ,"2,570.00","2,636.00","2,606.00",Rs./Quintal,30-08-2024
Rajasthan,Jaipur,Chaksu APMC,Cereals,Wheat,Other,FAQ,"2,500.00","2,648.00","2,600.00",Rs./Quintal,29-08-2024
Rajasthan,Jaipur,Chaksu APMC,Cereals,Wheat,Other,FAQ,"2,530.00","2,600.00","2,572.00",Rs./Quintal,28-08-2024
Rajasthan,Jaipur,Chaksu APMC,Cereals,Wheat,Other,FAQ,"2,530.00","2,600.00","2,572.00",Rs./Quintal,27-08-2024
Rajasthan,Jaipur,Chaksu APMC,Cereals,Wheat,Other,FAQ,"2,500.00","2,692.00","2,600.00",Rs./Quintal,24-08-2024
Rajasthan,Jaipur,Chaksu APMC,Cereals,Wheat,Other,FAQ,"2,500.00","2,668.00","2,650.00",Rs./Quintal,23-08-2024
Rajasthan,Jaipur,Chaksu APMC,Cereals,Wheat,Other,FAQ,"2,541.00","2,663.00","2,600.00",Rs./Quintal,22-08-2024
Rajasthan,Jaipur,Chaksu APMC,Cereals,Wheat,Other,FAQ,"2,530.00","2,530.00","2,530.00",Rs./Quintal,21-08-2024
Rajasthan,Jaipur,Chaksu APMC,Cereals,Wheat,Other,FAQ,"2,470.00","2,624.00","2,500.00",Rs./Quintal,20-08-2024
Rajasthan,Jaipur,Chaksu APMC,Cereals,Wheat,Other,FAQ,"2,581.00","2,600.00","2,600.00",Rs./Quintal,13-08-2024
Rajasthan,Jaipur,Chaksu APMC,Cereals,Wheat,Other,FAQ,"2,100.00","2,559.00","2,530.00",Rs./Quintal,10/8/2024
Rajasthan,Jaipur,Chaksu APMC,Cereals,Wheat,Other,FAQ,"2,435.00","2,540.00","2,480.00",Rs./Quintal,9/8/2024
Rajasthan,Jaipur,Chaksu APMC,Cereals,Wheat,Other,FAQ,"2,435.00","2,480.00","2,440.00",Rs./Quintal,8/8/2024
Rajasthan,Jaipur,Chaksu APMC,Cereals,Wheat,Other,FAQ,"2,415.00","2,481.00","2,451.00",Rs./Quintal,7/8/2024
Rajasthan,Jaipur,Chaksu APMC,Cereals,Wheat,Other,FAQ,"2,450.00","2,530.00","2,511.00",Rs./Quintal,6/8/2024
Rajasthan,Jaipur,Chaksu APMC,Cereals,Wheat,Other,FAQ,"2,471.00","2,485.00","2,485.00",Rs./Quintal,5/8/2024
Rajasthan,Jaipur,Chaksu APMC,Cereals,Wheat,Other,FAQ,"2,511.00","2,511.00","2,511.00",Rs./Quintal,3/8/2024
Rajasthan,Jaipur,Chaksu APMC,Cereals,Wheat,Other,FAQ,"2,451.00","2,477.00","2,471.00",Rs./Quintal,2/8/2024
Rajasthan,Jaipur,Chaksu APMC,Cereals,Wheat,Other,FAQ,"2,500.00","2,500.00","2,500.00",Rs./Quintal,1/8/2024
Rajasthan,Jaipur,Chaksu APMC,Cereals,Wheat,Other,FAQ,"2,200.00","2,511.00","2,500.00",Rs./Quintal,30-07-2024
Rajasthan,Jaipur,Chaksu APMC,Cereals,Wheat,Other,FAQ,"2,475.00","2,501.00","2,500.00",Rs./Quintal,29-07-2024
Rajasthan,Jaipur,Chaksu APMC,Cereals,Wheat,Other,FAQ,"2,471.00","2,500.00","2,475.00",Rs./Quintal,27-07-2024
Rajasthan,Jaipur,Chaksu APMC,Cereals,Wheat,Other,FAQ,"2,500.00","2,500.00","2,500.00",Rs./Quintal,26-07-2024
Rajasthan,Jaipur,Chaksu APMC,Cereals,Wheat,Other,FAQ,"2,485.00","2,535.00","2,500.00",Rs./Quintal,25-07-2024
Rajasthan,Jaipur,Chaksu APMC,Cereals,Wheat,Other,FAQ,"2,400.00","2,525.00","2,500.00",Rs./Quintal,24-07-2024
Rajasthan,Jaipur,Chaksu APMC,Cereals,Wheat,Other,FAQ,"2,470.00","2,511.00","2,500.00",Rs./Quintal,23-07-2024
Rajasthan,Jaipur,Chaksu APMC,Cereals,Wheat,Other,FAQ,"2,415.00","2,525.00","2,500.00",Rs./Quintal,22-07-2024
Rajasthan,Jaipur,Chaksu APMC,Cereals,Wheat,Other,FAQ,"2,460.00","2,518.00","2,480.00",Rs./Quintal,20-07-2024
Rajasthan,Jaipur,Chaksu APMC,Cereals,Wheat,Other,FAQ,"2,400.00","2,511.00","2,490.00",Rs./Quintal,18-07-2024
Rajasthan,Jaipur,Chaksu APMC,Cereals,Wheat,Other,FAQ,"2,460.00","2,546.00","2,500.00",Rs./Quintal,17-07-2024
Rajasthan,Jaipur,Chaksu APMC,Cereals,Wheat,Other,FAQ,"2,406.00","2,517.00","2,470.00",Rs./Quintal,16-07-2024
Rajasthan,Jaipur,Chaksu APMC,Cereals,Wheat,Other,FAQ,"2,440.00","2,535.00","2,480.00",Rs./Quintal,15-07-2024
Rajasthan,Jaipur,Chaksu APMC,Cereals,Wheat,Other,FAQ,"2,400.00","2,480.00","2,460.00",Rs./Quintal,13-07-2024
Rajasthan,Jaipur,Chaksu APMC,Cereals,Wheat,Other,FAQ,"2,470.00","2,500.00","2,490.00",Rs./Quintal,12/7/2024
Rajasthan,Jaipur,Chaksu APMC,Cereals,Wheat,Other,FAQ,"2,420.00","2,510.00","2,480.00",Rs./Quintal,11/7/2024
Rajasthan,Jaipur,Chaksu APMC,Cereals,Wheat,Other,FAQ,"2,420.00","2,510.00","2,495.00",Rs./Quintal,10/7/2024
Rajasthan,Jaipur,Chaksu APMC,Cereals,Wheat,Other,FAQ,"2,420.00","2,508.00","2,500.00",Rs./Quintal,9/7/2024
Rajasthan,Jaipur,Chaksu APMC,Cereals,Wheat,Other,FAQ,"2,470.00","2,514.00","2,485.00",Rs./Quintal,8/7/2024
Rajasthan,Jaipur,Chaksu APMC,Cereals,Wheat,Other,FAQ,"2,445.00","2,521.00","2,500.00",Rs./Quintal,6/7/2024
Rajasthan,Jaipur,Chaksu APMC,Cereals,Wheat,Other,FAQ,"2,455.00","2,511.00","2,480.00",Rs./Quintal,5/7/2024
Rajasthan,Jaipur,Chaksu APMC,Cereals,Wheat,Other,FAQ,"2,435.00","2,519.00","2,480.00",Rs./Quintal,4/7/2024
Rajasthan,Jaipur,Chaksu APMC,Cereals,Wheat,Other,FAQ,"2,400.00","2,510.00","2,450.00",Rs./Quintal,3/7/2024
Rajasthan,Jaipur,Chaksu APMC,Cereals,Wheat,Other,FAQ,"2,375.00","2,485.00","2,450.00",Rs./Quintal,29-06-2024
Rajasthan,Jaipur,Chaksu APMC,Cereals,Wheat,Other,FAQ,"2,351.00","2,481.00","2,400.00",Rs./Quintal,28-06-2024
Rajasthan,Jaipur,Chaksu APMC,Cereals,Wheat,Other,FAQ,"2,379.00","2,441.00","2,400.00",Rs./Quintal,27-06-2024
Rajasthan,Jaipur,Chaksu APMC,Cereals,Wheat,Other,FAQ,"2,300.00","2,445.00","2,400.00",Rs./Quintal,25-06-2024
Rajasthan,Jaipur,Chaksu APMC,Cereals,Wheat,Other,FAQ,"2,300.00","2,515.00","2,478.00",Rs./Quintal,24-06-2024
Rajasthan,Jaipur,Chaksu APMC,Cereals,Wheat,Other,FAQ,"2,470.00","2,519.00","2,500.00",Rs./Quintal,22-06-2024
Rajasthan,Jaipur,Chaksu APMC,Cereals,Wheat,Other,FAQ,"2,482.00","2,508.00","2,500.00",Rs./Quintal,21-06-2024
Rajasthan,Jaipur,Chaksu APMC,Cereals,Wheat,Other,FAQ,"2,300.00","2,545.00","2,485.00",Rs./Quintal,19-06-2024
Rajasthan,Jaipur,Chaksu APMC,Cereals,Wheat,Other,FAQ,"2,430.00","2,579.00","2,500.00",Rs./Quintal,18-06-2024
Rajasthan,Jaipur,Chaksu APMC,Cereals,Wheat,Other,FAQ,"2,390.00","2,559.00","2,445.00",Rs./Quintal,17-06-2024
Rajasthan,Jaipur,Chaksu APMC,Cereals,Wheat,Other,FAQ,"2,432.00","2,497.00","2,480.00",Rs./Quintal,15-06-2024
Rajasthan,Jaipur,Chaksu APMC,Cereals,Wheat,Other,FAQ,"2,025.00","2,515.00","2,500.00",Rs./Quintal,14-06-2024
Rajasthan,Jaipur,Chaksu APMC,Cereals,Wheat,Other,FAQ,"2,380.00","2,537.00","2,480.00",Rs./Quintal,13-06-2024
Rajasthan,Jaipur,Chaksu APMC,Cereals,Wheat,Other,FAQ,"2,380.00","2,538.00","2,500.00",Rs./Quintal,12/6/2024
Rajasthan,Jaipur,Chaksu APMC,Cereals,Wheat,Other,FAQ,"2,360.00","2,551.00","2,530.00",Rs./Quintal,11/6/2024
Rajasthan,Jaipur,Chaksu APMC,Cereals,Wheat,Other,FAQ,"2,380.00","2,550.00","2,480.00",Rs./Quintal,10/6/2024
Rajasthan,Jaipur,Chaksu APMC,Cereals,Wheat,Other,FAQ,"2,400.00","2,548.00","2,500.00",Rs./Quintal,8/6/2024
Rajasthan,Jaipur,Chaksu APMC,Cereals,Wheat,Other,FAQ,"2,420.00","2,525.00","2,480.00",Rs./Quintal,7/6/2024
Rajasthan,Jaipur,Chaksu APMC,Cereals,Wheat,Other,FAQ,"2,350.00","2,535.00","2,450.00",Rs./Quintal,4/6/2024
Rajasthan,Jaipur,Chaksu APMC,Cereals,Wheat,Other,FAQ,"2,200.00","2,518.00","2,460.00",Rs./Quintal,3/6/2024
Rajasthan,Jaipur,Chaksu APMC,Cereals,Wheat,Other,FAQ,"2,380.00","2,536.00","2,480.00",Rs./Quintal,1/6/2024
Rajasthan,Jaipur,Chaksu APMC,Cereals,Wheat,Other,FAQ,"2,350.00","2,538.00","2,500.00",Rs./Quintal,31-05-2024
Rajasthan,Jaipur,Chaksu APMC,Cereals,Wheat,Other,FAQ,"2,350.00","2,570.00","2,440.00",Rs./Quintal,30-05-2024
Rajasthan,Jaipur,Chaksu APMC,Cereals,Wheat,Other,FAQ,"2,400.00","2,575.00","2,520.00",Rs./Quintal,29-05-2024
Rajasthan,Jaipur,Chaksu APMC,Cereals,Wheat,Other,FAQ,"2,350.00","2,575.00","2,480.00",Rs./Quintal,28-05-2024
Rajasthan,Jaipur,Chaksu APMC,Cereals,Wheat,Other,FAQ,"2,220.00","2,581.00","2,460.00",Rs./Quintal,27-05-2024
Rajasthan,Jaipur,Chaksu APMC,Cereals,Wheat,Other,FAQ,"2,370.00","2,605.00","2,500.00",Rs./Quintal,25-05-2024
Rajasthan,Jaipur,Chaksu APMC,Cereals,Wheat,Other,FAQ,"2,246.00","2,598.00","2,500.00",Rs./Quintal,24-05-2024
Rajasthan,Jaipur,Chaksu APMC,Cereals,Wheat,Other,FAQ,"2,375.00","2,600.00","2,500.00",Rs./Quintal,23-05-2024
Rajasthan,Jaipur,Chaksu APMC,Cereals,Wheat,Other,FAQ,"2,350.00","2,700.00","2,500.00",Rs./Quintal,22-05-2024
Rajasthan,Jaipur,Chaksu APMC,Cereals,Wheat,Other,FAQ,"2,051.00","2,551.00","2,420.00",Rs./Quintal,21-05-2024
Rajasthan,Jaipur,Chaksu APMC,Cereals,Wheat,Other,FAQ,"2,380.00","2,506.00","2,440.00",Rs./Quintal,20-05-2024
Rajasthan,Jaipur,Chaksu APMC,Cereals,Wheat,Other,FAQ,"2,380.00","2,531.00","2,420.00",Rs./Quintal,18-05-2024
Rajasthan,Jaipur,Chaksu APMC,Cereals,Wheat,Other,FAQ,"2,380.00","2,511.00","2,400.00",Rs./Quintal,17-05-2024
Rajasthan,Jaipur,Chaksu APMC,Cereals,Wheat,Other,FAQ,"2,300.00","2,511.00","2,430.00",Rs./Quintal,16-05-2024
Rajasthan,Jaipur,Chaksu APMC,Cereals,Wheat,Other,FAQ,"2,251.00","2,560.00","2,400.00",Rs./Quintal,14-05-2024
Rajasthan,Jaipur,Chaksu APMC,Cereals,Wheat,Other,FAQ,"2,310.00","2,486.00","2,350.00",Rs./Quintal,13-05-2024
Rajasthan,Jaipur,Chaksu APMC,Cereals,Wheat,Other,FAQ,"2,150.00","2,410.00","2,380.00",Rs./Quintal,11/5/2024
Rajasthan,Jaipur,Chaksu APMC,Cereals,Wheat,Other,FAQ,"2,263.00","2,440.00","2,350.00",Rs./Quintal,10/5/2024
Rajasthan,Jaipur,Chaksu APMC,Cereals,Wheat,Other,FAQ,"2,300.00","2,406.00","2,350.00",Rs./Quintal,4/5/2024
Rajasthan,Jaipur,Chaksu APMC,Cereals,Wheat,Other,FAQ,"2,320.00","2,480.00","2,400.00",Rs./Quintal,3/5/2024
Rajasthan,Jaipur,Chaksu APMC,Cereals,Wheat,Other,FAQ,"2,270.00","2,512.00","2,430.00",Rs./Quintal,2/5/2024
Rajasthan,Jaipur,Chaksu APMC,Cereals,Wheat,Other,FAQ,"2,142.00","2,522.00","2,350.00",Rs./Quintal,29-04-2024
Rajasthan,Jaipur,Chaksu APMC,Cereals,Wheat,Other,FAQ,"2,300.00","2,534.00","2,360.00",Rs./Quintal,25-04-2024
Rajasthan,Jaipur,Chaksu APMC,Cereals,Wheat,Other,FAQ,"2,280.00","2,420.00","2,300.00",Rs./Quintal,24-04-2024
Rajasthan,Jaipur,Chaksu APMC,Cereals,Wheat,Other,FAQ,"2,200.00","2,426.00","2,340.00",Rs./Quintal,23-04-2024
Rajasthan,Jaipur,Chaksu APMC,Cereals,Wheat,Other,FAQ,"2,165.00","2,451.00","2,280.00",Rs./Quintal,22-04-2024
Rajasthan,Jaipur,Chaksu APMC,Cereals,Wheat,Other,FAQ,"2,300.00","2,451.00","2,350.00",Rs./Quintal,20-04-2024
Rajasthan,Jaipur,Chaksu APMC,Cereals,Wheat,Other,FAQ,"1,825.00","2,502.00","2,420.00",Rs./Quintal,17-04-2024
Rajasthan,Jaipur,Chaksu APMC,Cereals,Wheat,Other,FAQ,"2,142.00","2,602.00","2,420.00",Rs./Quintal,15-04-2024
Rajasthan,Jaipur,Chaksu APMC,Cereals,Wheat,Other,FAQ,"2,200.00","2,420.00","2,320.00",Rs./Quintal,13-04-2024
Rajasthan,Jaipur,Chaksu APMC,Cereals,Wheat,Other,FAQ,"1,800.00","2,400.00","2,280.00",Rs./Quintal,12/4/2024
Rajasthan,Jaipur,Chaksu APMC,Cereals,Wheat,Other,FAQ,"2,200.00","2,467.00","2,300.00",Rs./Quintal,8/4/2024
Rajasthan,Jaipur,Chaksu APMC,Cereals,Wheat,Other,FAQ,"2,100.00","2,460.00","2,350.00",Rs./Quintal,6/4/2024
Rajasthan,Jaipur,Chaksu APMC,Cereals,Wheat,Other,FAQ,"2,200.00","2,500.00","2,350.00",Rs./Quintal,5/4/2024
Rajasthan,Jaipur,Chaksu APMC,Cereals,Wheat,Other,FAQ,"2,100.00","2,400.00","2,350.00",Rs./Quintal,4/4/2024
Rajasthan,Jaipur,Chaksu APMC,Cereals,Wheat,Other,FAQ,"2,000.00","2,400.00","2,280.00",Rs./Quintal,3/4/2024
Rajasthan,Jaipur,Chaksu APMC,Cereals,Wheat,Other,FAQ,"2,100.00","2,450.00","2,350.00",Rs./Quintal,28-03-2024
Rajasthan,Jaipur,Chaksu APMC,Cereals,Wheat,Other,FAQ,"2,274.00","2,420.00","2,350.00",Rs./Quintal,27-03-2024
Rajasthan,Jaipur,Chaksu APMC,Cereals,Wheat,Other,FAQ,"2,200.00","2,420.00","2,300.00",Rs./Quintal,21-03-2024
Rajasthan,Jaipur,Chaksu APMC,Cereals,Wheat,Other,FAQ,"2,200.00","2,397.00","2,300.00",Rs./Quintal,20-03-2024
Rajasthan,Jaipur,Chaksu APMC,Cereals,Wheat,Other,FAQ,"2,050.00","2,370.00","2,250.00",Rs./Quintal,18-03-2024
Rajasthan,Jaipur,Chaksu APMC,Cereals,Wheat,Other,FAQ,"2,300.00","2,406.00","2,350.00",Rs./Quintal,16-03-2024
Rajasthan,Jaipur,Chaksu APMC,Cereals,Wheat,Other,FAQ,"2,300.00","2,470.00","2,450.00",Rs./Quintal,15-03-2024
Rajasthan,Jaipur,Chaksu APMC,Cereals,Wheat,Other,FAQ,"2,300.00","2,453.00","2,300.00",Rs./Quintal,13-03-2024
Rajasthan,Jaipur,Chaksu APMC,Cereals,Wheat,Other,FAQ,"2,270.00","2,370.00","2,300.00",Rs./Quintal,11/3/2024
Rajasthan,Jaipur,Chaksu APMC,Cereals,Wheat,Other,FAQ,"2,300.00","2,400.00","2,300.00",Rs./Quintal,9/3/2024
Rajasthan,Jaipur,Chaksu APMC,Cereals,Wheat,Other,FAQ,"2,360.00","2,500.00","2,400.00",Rs./Quintal,7/3/2024
Rajasthan,Jaipur,Chaksu APMC,Cereals,Wheat,Other,FAQ,"2,360.00","2,430.00","2,360.00",Rs./Quintal,6/3/2024
Rajasthan,Jaipur,Chaksu APMC,Cereals,Wheat,Other,FAQ,"2,300.00","2,419.00","2,300.00",Rs./Quintal,5/3/2024
Rajasthan,Jaipur,Chaksu APMC,Cereals,Wheat,Other,FAQ,"2,255.00","2,300.00","2,275.00",Rs./Quintal,4/3/2024
Rajasthan,Jaipur,Chaksu APMC,Cereals,Wheat,Other,FAQ,"2,251.00","2,258.00","2,251.00",Rs./Quintal,2/3/2024
Rajasthan,Jaipur,Chaksu APMC,Cereals,Wheat,Other,FAQ,"2,130.00","2,456.00","2,300.00",Rs./Quintal,1/3/2024
Rajasthan,Jaipur,Chaksu APMC,Cereals,Wheat,Other,FAQ,"2,200.00","2,388.00","2,236.00",Rs./Quintal,29-02-2024
Rajasthan,Jaipur,Chaksu APMC,Cereals,Wheat,Other,FAQ,"2,100.00","2,100.00","2,100.00",Rs./Quintal,28-02-2024
Rajasthan,Jaipur,Chaksu APMC,Cereals,Wheat,Other,FAQ,"1,850.00","2,251.00","2,200.00",Rs./Quintal,27-02-2024
Rajasthan,Jaipur,Chaksu APMC,Cereals,Wheat,Other,FAQ,"2,100.00","2,322.00","2,200.00",Rs./Quintal,26-02-2024
Rajasthan,Jaipur,Chaksu APMC,Cereals,Wheat,Other,FAQ,"1,911.00","2,271.00","2,271.00",Rs./Quintal,24-02-2024
Rajasthan,Jaipur,Chaksu APMC,Cereals,Wheat,Other,FAQ,"2,300.00","2,300.00","2,300.00",Rs./Quintal,19-02-2024
Rajasthan,Jaipur,Chaksu APMC,Cereals,Wheat,Other,FAQ,"2,226.00","2,386.00","2,300.00",Rs./Quintal,17-02-2024
Rajasthan,Jaipur,Chaksu APMC,Cereals,Wheat,Other,FAQ,"2,200.00","2,490.00","2,390.00",Rs./Quintal,15-02-2024
Rajasthan,Jaipur,Chaksu APMC,Cereals,Wheat,Other,FAQ,"2,270.00","2,501.00","2,300.00",Rs./Quintal,12/2/2024
Rajasthan,Jaipur,Chaksu APMC,Cereals,Wheat,Other,FAQ,"2,350.00","2,500.00","2,350.00",Rs./Quintal,10/2/2024
Rajasthan,Jaipur,Chaksu APMC,Cereals,Wheat,Other,FAQ,"2,310.00","2,326.00","2,310.00",Rs./Quintal,9/2/2024
Rajasthan,Jaipur,Chaksu APMC,Cereals,Wheat,Other,FAQ,"2,300.00","2,400.00","2,342.00",Rs./Quintal,8/2/2024
Rajasthan,Jaipur,Chaksu APMC,Cereals,Wheat,Other,FAQ,"2,150.00","2,400.00","2,350.00",Rs./Quintal,7/2/2024
Rajasthan,Jaipur,Chaksu APMC,Cereals,Wheat,Other,FAQ,"2,300.00","2,411.00","2,300.00",Rs./Quintal,6/2/2024
Rajasthan,Jaipur,Chaksu APMC,Cereals,Wheat,Other,FAQ,"2,422.00","2,500.00","2,440.00",Rs./Quintal,5/2/2024
Rajasthan,Jaipur,Chaksu APMC,Cereals,Wheat,Other,FAQ,"2,380.00","2,485.00","2,410.00",Rs./Quintal,3/2/2024
Rajasthan,Jaipur,Chaksu APMC,Cereals,Wheat,Other,FAQ,"2,210.00","2,462.00","2,300.00",Rs./Quintal,31-01-2024
Rajasthan,Jaipur,Chaksu APMC,Cereals,Wheat,Other,FAQ,"2,200.00","2,428.00","2,374.00",Rs./Quintal,30-01-2024
Rajasthan,Jaipur,Chaksu APMC,Cereals,Wheat,Other,FAQ,"2,422.00","2,580.00","2,444.00",Rs./Quintal,29-01-2024
Rajasthan,Jaipur,Chaksu APMC,Cereals,Wheat,Other,FAQ,"2,411.00","2,488.00","2,420.00",Rs./Quintal,24-01-2024
Rajasthan,Jaipur,Chaksu APMC,Cereals,Wheat,Other,FAQ,"2,375.00","2,418.00","2,375.00",Rs./Quintal,23-01-2024
Rajasthan,Jaipur,Chaksu APMC,Cereals,Wheat,Other,FAQ,"2,320.00","2,478.00","2,446.00",Rs./Quintal,19-01-2024
Rajasthan,Jaipur,Chaksu APMC,Cereals,Wheat,Other,FAQ,"2,415.00","2,415.00","2,415.00",Rs./Quintal,18-01-2024
Rajasthan,Jaipur,Chaksu APMC,Cereals,Wheat,Other,FAQ,"2,400.00","2,510.00","2,400.00",Rs./Quintal,17-01-2024
Rajasthan,Jaipur,Chaksu APMC,Cereals,Wheat,Other,FAQ,"2,350.00","2,472.00","2,450.00",Rs./Quintal,11/1/2024
Rajasthan,Jaipur,Chaksu APMC,Cereals,Wheat,Other,FAQ,"2,400.00","2,400.00","2,400.00",Rs./Quintal,10/1/2024
Rajasthan,Jaipur,Chaksu APMC,Cereals,Wheat,Other,FAQ,"2,300.00","2,431.00","2,385.00",Rs./Quintal,9/1/2024
Rajasthan,Jaipur,Chaksu APMC,Cereals,Wheat,Other,FAQ,"2,401.00","2,401.00","2,401.00",Rs./Quintal,8/1/2024
Rajasthan,Jaipur,Chaksu APMC,Cereals,Wheat,Other,FAQ,"2,374.00","2,381.00","2,380.00",Rs./Quintal,5/1/2024
Rajasthan,Jaipur,Chaksu APMC,Cereals,Wheat,Other,FAQ,"2,438.00","2,438.00","2,438.00",Rs./Quintal,4/1/2024
Rajasthan,Jaipur,Chaksu APMC,Cereals,Wheat,Other,FAQ,"2,317.00","2,375.00","2,317.00",Rs./Quintal,3/1/2024
Rajasthan,Jaipur,Chaksu APMC,Cereals,Wheat,Other,FAQ,"2,376.00","2,449.00","2,416.00",Rs./Quintal,2/1/2024
Rajasthan,Jaipur,Chaksu APMC,Cereals,Wheat,Other,FAQ,"2,370.00","2,430.00","2,370.00",Rs./Quintal,1/1/2024
Rajasthan,Jaipur,Chaksu APMC,Cereals,Wheat,Other,FAQ,"2,310.00","2,440.00","2,360.00",Rs./Quintal,30-12-2023
Rajasthan,Jaipur,Chaksu APMC,Cereals,Wheat,Other,FAQ,"2,310.00","2,441.00","2,361.00",Rs./Quintal,29-12-2023
Rajasthan,Jaipur,Chaksu APMC,Cereals,Wheat,Other,FAQ,"2,370.00","2,388.00","2,380.00",Rs./Quintal,28-12-2023
Rajasthan,Jaipur,Chaksu APMC,Cereals,Wheat,Other,FAQ,"2,350.00","2,410.00","2,364.00",Rs./Quintal,27-12-2023
Rajasthan,Jaipur,Chaksu APMC,Cereals,Wheat,Other,FAQ,"2,350.00","2,440.00","2,360.00",Rs./Quintal,26-12-2023
Rajasthan,Jaipur,Chaksu APMC,Cereals,Wheat,Other,FAQ,"2,296.00","2,346.00","2,300.00",Rs./Quintal,23-12-2023
Rajasthan,Jaipur,Chaksu APMC,Cereals,Wheat,Other,FAQ,"2,380.00","2,401.00","2,395.00",Rs./Quintal,22-12-2023
Rajasthan,Jaipur,Chaksu APMC,Cereals,Wheat,Other,FAQ,"2,370.00","2,496.00","2,400.00",Rs./Quintal,21-12-2023
Rajasthan,Jaipur,Chaksu APMC,Cereals,Wheat,Other,FAQ,"2,348.00","2,660.00","2,400.00",Rs./Quintal,20-12-2023
Rajasthan,Jaipur,Chaksu APMC,Cereals,Wheat,Other,FAQ,"2,370.00","2,438.00","2,400.00",Rs./Quintal,19-12-2023
Rajasthan,Jaipur,Chaksu APMC,Cereals,Wheat,Other,FAQ,"2,400.00","2,480.00","2,440.00",Rs./Quintal,18-12-2023
Rajasthan,Jaipur,Chaksu APMC,Cereals,Wheat,Other,FAQ,"2,398.00","2,417.00","2,400.00",Rs./Quintal,15-12-2023
Rajasthan,Jaipur,Chaksu APMC,Cereals,Wheat,Other,FAQ,"2,370.00","2,438.00","2,400.00",Rs./Quintal,14-12-2023
Rajasthan,Jaipur,Chaksu APMC,Cereals,Wheat,Other,FAQ,"2,380.00","2,450.00","2,400.00",Rs./Quintal,13-12-2023
Rajasthan,Jaipur,Chaksu APMC,Cereals,Wheat,Other,FAQ,"2,370.00","2,552.00","2,430.00",Rs./Quintal,12/12/2023
Rajasthan,Jaipur,Chaksu APMC,Cereals,Wheat,Other,FAQ,"2,500.00","2,750.00","2,540.00",Rs./Quintal,8/12/2023
Rajasthan,Jaipur,Chaksu APMC,Cereals,Wheat,Other,FAQ,"2,544.00","2,544.00","2,544.00",Rs./Quintal,5/12/2023
Rajasthan,Jaipur,Chaksu APMC,Cereals,Wheat,Other,FAQ,"2,350.00","2,570.00","2,500.00",Rs./Quintal,4/12/2023
Rajasthan,Jaipur,Chaksu APMC,Cereals,Wheat,Other,FAQ,"2,200.00","2,573.00","2,300.00",Rs./Quintal,2/12/2023
Rajasthan,Jaipur,Chaksu APMC,Cereals,Wheat,Other,FAQ,"2,350.00","2,564.00","2,370.00",Rs./Quintal,1/12/2023
Rajasthan,Jaipur,Chaksu APMC,Cereals,Wheat,Other,FAQ,"2,380.00","2,548.00","2,480.00",Rs./Quintal,30-11-2023
Rajasthan,Jaipur,Chaksu APMC,Cereals,Wheat,Other,FAQ,"2,418.00","2,605.00","2,488.00",Rs./Quintal,29-11-2023
Rajasthan,Jaipur,Chaksu APMC,Cereals,Wheat,Other,FAQ,"2,394.00","2,475.00","2,435.00",Rs./Quintal,28-11-2023
Rajasthan,Jaipur,Chaksu APMC,Cereals,Wheat,Other,FAQ,"2,335.00","2,443.00","2,410.00",Rs./Quintal,27-11-2023
Rajasthan,Jaipur,Chaksu APMC,Cereals,Wheat,Other,FAQ,"2,300.00","2,450.00","2,375.00",Rs./Quintal,22-11-2023
Rajasthan,Jaipur,Chaksu APMC,Cereals,Wheat,Other,FAQ,"2,111.00","2,450.00","2,390.00",Rs./Quintal,21-11-2023
Rajasthan,Jaipur,Chaksu APMC,Cereals,Wheat,Other,FAQ,"2,351.00","2,451.00","2,420.00",Rs./Quintal,20-11-2023
Rajasthan,Jaipur,Chaksu APMC,Cereals,Wheat,Other,FAQ,"2,302.00","2,374.00","2,350.00",Rs./Quintal,17-11-2023
Rajasthan,Jaipur,Chaksu APMC,Cereals,Wheat,Other,FAQ,"2,317.00","2,426.00","2,370.00",Rs./Quintal,16-11-2023
Rajasthan,Jaipur,Chaksu APMC,Cereals,Wheat,Other,FAQ,"2,340.00","2,500.00","2,450.00",Rs./Quintal,9/11/2023
Rajasthan,Jaipur,Chaksu APMC,Cereals,Wheat,Other,FAQ,"2,360.00","2,530.00","2,400.00",Rs./Quintal,8/11/2023
Rajasthan,Jaipur,Chaksu APMC,Cereals,Wheat,Other,FAQ,"2,350.00","2,600.00","2,400.00",Rs./Quintal,7/11/2023
Rajasthan,Jaipur,Chomu Grain APMC,Cereals,Wheat,Other,FAQ,"2,858.00","2,858.00","2,858.00",Rs./Quintal,5/11/2024
Rajasthan,Jaipur,Chomu Grain APMC,Cereals,Wheat,Other,FAQ,"2,831.00","2,831.00","2,831.00",Rs./Quintal,24-10-2024
Rajasthan,Jaipur,Chomu Grain APMC,Cereals,Wheat,Other,FAQ,"2,800.00","2,800.00","2,800.00",Rs./Quintal,9/10/2024
Rajasthan,Jaipur,Chomu Grain APMC,Cereals,Wheat,Other,FAQ,"2,700.00","2,700.00","2,700.00",Rs./Quintal,7/10/2024
Rajasthan,Jaipur,Chomu Grain APMC,Cereals,Wheat,Other,FAQ,"2,800.00","2,800.00","2,800.00",Rs./Quintal,5/10/2024
Rajasthan,Jaipur,Chomu Grain APMC,Cereals,Wheat,Other,FAQ,"2,650.00","2,650.00","2,650.00",Rs./Quintal,4/10/2024
Rajasthan,Jaipur,Chomu Grain APMC,Cereals,Wheat,Other,FAQ,"2,725.00","2,725.00","2,725.00",Rs./Quintal,3/10/2024
Rajasthan,Jaipur,Chomu Grain APMC,Cereals,Wheat,Other,FAQ,"2,660.00","2,660.00","2,660.00",Rs./Quintal,1/10/2024
Rajasthan,Jaipur,Chomu Grain APMC,Cereals,Wheat,Other,FAQ,"2,325.00","2,325.00","2,325.00",Rs./Quintal,30-09-2024
Rajasthan,Jaipur,Chomu Grain APMC,Cereals,Wheat,Other,FAQ,"2,725.00","2,725.00","2,725.00",Rs./Quintal,28-09-2024
Rajasthan,Jaipur,Chomu Grain APMC,Cereals,Wheat,Other,FAQ,"2,744.00","2,744.00","2,744.00",Rs./Quintal,27-09-2024
Rajasthan,Jaipur,Chomu Grain APMC,Cereals,Wheat,Other,FAQ,"2,720.00","2,720.00","2,720.00",Rs./Quintal,25-09-2024
Rajasthan,Jaipur,Chomu Grain APMC,Cereals,Wheat,Other,FAQ,"2,695.00","2,695.00","2,695.00",Rs./Quintal,23-09-2024
Rajasthan,Jaipur,Chomu Grain APMC,Cereals,Wheat,Other,FAQ,"2,718.00","2,718.00","2,718.00",Rs./Quintal,20-09-2024
Rajasthan,Jaipur,Chomu Grain APMC,Cereals,Wheat,Other,FAQ,"2,635.00","2,635.00","2,635.00",Rs./Quintal,17-09-2024
Rajasthan,Jaipur,Chomu Grain APMC,Cereals,Wheat,Other,FAQ,"2,700.00","2,700.00","2,700.00",Rs./Quintal,16-09-2024
Rajasthan,Jaipur,Chomu Grain APMC,Cereals,Wheat,Other,FAQ,"2,632.00","2,632.00","2,632.00",Rs./Quintal,11/9/2024
Rajasthan,Jaipur,Chomu Grain APMC,Cereals,Wheat,Other,FAQ,"2,620.00","2,620.00","2,620.00",Rs./Quintal,10/9/2024
Rajasthan,Jaipur,Chomu Grain APMC,Cereals,Wheat,Other,FAQ,"2,617.00","2,617.00","2,617.00",Rs./Quintal,6/9/2024
Rajasthan,Jaipur,Chomu Grain APMC,Cereals,Wheat,Other,FAQ,"2,625.00","2,625.00","2,625.00",Rs./Quintal,4/9/2024
Rajasthan,Jaipur,Chomu Grain APMC,Cereals,Wheat,Other,FAQ,"2,600.00","2,600.00","2,600.00",Rs./Quintal,31-08-2024
Rajasthan,Jaipur,Chomu Grain APMC,Cereals,Wheat,Other,FAQ,"2,560.00","2,560.00","2,560.00",Rs./Quintal,30-08-2024
Rajasthan,Jaipur,Chomu Grain APMC,Cereals,Wheat,Other,FAQ,"2,570.00","2,630.00","2,600.00",Rs./Quintal,29-08-2024
Rajasthan,Jaipur,Chomu Grain APMC,Cereals,Wheat,Other,FAQ,"2,595.00","2,621.00","2,600.00",Rs./Quintal,28-08-2024
Rajasthan,Jaipur,Chomu Grain APMC,Cereals,Wheat,Other,FAQ,"2,700.00","2,700.00","2,700.00",Rs./Quintal,27-08-2024
Rajasthan,Jaipur,Chomu Grain APMC,Cereals,Wheat,Other,FAQ,"2,601.00","2,601.00","2,601.00",Rs./Quintal,22-08-2024
Rajasthan,Jaipur,Chomu Grain APMC,Cereals,Wheat,Other,FAQ,"2,590.00","2,600.00","2,595.00",Rs./Quintal,20-08-2024
Rajasthan,Jaipur,Chomu Grain APMC,Cereals,Wheat,Other,FAQ,"2,521.00","2,521.00","2,521.00",Rs./Quintal,3/8/2024
Rajasthan,Jaipur,Chomu Grain APMC,Cereals,Wheat,Other,FAQ,"2,475.00","2,500.00","2,490.00",Rs./Quintal,31-07-2024
Rajasthan,Jaipur,Chomu Grain APMC,Cereals,Wheat,Other,FAQ,"2,525.00","2,525.00","2,525.00",Rs./Quintal,30-07-2024
Rajasthan,Jaipur,Chomu Grain APMC,Cereals,Wheat,Other,FAQ,"2,490.00","2,490.00","2,490.00",Rs./Quintal,24-07-2024
Rajasthan,Jaipur,Chomu Grain APMC,Cereals,Wheat,Other,FAQ,"2,471.00","2,471.00","2,471.00",Rs./Quintal,22-07-2024
Rajasthan,Jaipur,Chomu Grain APMC,Cereals,Wheat,Other,FAQ,"2,605.00","2,605.00","2,605.00",Rs./Quintal,20-07-2024
Rajasthan,Jaipur,Chomu Grain APMC,Cereals,Wheat,Other,FAQ,"2,665.00","2,665.00","2,665.00",Rs./Quintal,15-07-2024
Rajasthan,Jaipur,Chomu Grain APMC,Cereals,Wheat,Other,FAQ,"2,480.00","2,480.00","2,480.00",Rs./Quintal,12/7/2024
Rajasthan,Jaipur,Chomu Grain APMC,Cereals,Wheat,Other,FAQ,"2,480.00","2,480.00","2,480.00",Rs./Quintal,11/7/2024
Rajasthan,Jaipur,Chomu Grain APMC,Cereals,Wheat,Other,FAQ,"2,505.00","2,505.00","2,505.00",Rs./Quintal,10/7/2024
Rajasthan,Jaipur,Chomu Grain APMC,Cereals,Wheat,Other,FAQ,"2,497.00","2,497.00","2,497.00",Rs./Quintal,9/7/2024
Rajasthan,Jaipur,Chomu Grain APMC,Cereals,Wheat,Other,FAQ,"2,490.00","2,490.00","2,490.00",Rs./Quintal,3/7/2024
Rajasthan,Jaipur,Chomu Grain APMC,Cereals,Wheat,Other,FAQ,"2,476.00","2,476.00","2,476.00",Rs./Quintal,27-06-2024
Rajasthan,Jaipur,Chomu Grain APMC,Cereals,Wheat,Other,FAQ,"2,400.00","2,400.00","2,400.00",Rs./Quintal,25-06-2024
Rajasthan,Jaipur,Chomu Grain APMC,Cereals,Wheat,Other,FAQ,"2,650.00","2,650.00","2,650.00",Rs./Quintal,18-06-2024
Rajasthan,Jaipur,Chomu Grain APMC,Cereals,Wheat,Other,FAQ,"2,610.00","2,610.00","2,610.00",Rs./Quintal,17-06-2024
Rajasthan,Jaipur,Chomu Grain APMC,Cereals,Wheat,Other,FAQ,"2,455.00","2,465.00","2,460.00",Rs./Quintal,15-06-2024
Rajasthan,Jaipur,Chomu Grain APMC,Cereals,Wheat,Other,FAQ,"2,455.00","2,490.00","2,470.00",Rs./Quintal,14-06-2024
Rajasthan,Jaipur,Chomu Grain APMC,Cereals,Wheat,Other,FAQ,"2,475.00","2,475.00","2,475.00",Rs./Quintal,13-06-2024
Rajasthan,Jaipur,Chomu Grain APMC,Cereals,Wheat,Other,FAQ,"2,700.00","2,700.00","2,700.00",Rs./Quintal,12/6/2024
Rajasthan,Jaipur,Chomu Grain APMC,Cereals,Wheat,Other,FAQ,"2,250.00","2,250.00","2,250.00",Rs./Quintal,11/6/2024
Rajasthan,Jaipur,Chomu Grain APMC,Cereals,Wheat,Other,FAQ,"2,718.00","2,718.00","2,718.00",Rs./Quintal,10/6/2024
Rajasthan,Jaipur,Chomu Grain APMC,Cereals,Wheat,Other,FAQ,"2,470.00","2,490.00","2,480.00",Rs./Quintal,8/6/2024
Rajasthan,Jaipur,Chomu Grain APMC,Cereals,Wheat,Other,FAQ,"2,390.00","2,486.00","2,450.00",Rs./Quintal,7/6/2024
Rajasthan,Jaipur,Chomu Grain APMC,Cereals,Wheat,Other,FAQ,"2,430.00","2,560.00","2,530.00",Rs./Quintal,6/6/2024
Rajasthan,Jaipur,Chomu Grain APMC,Cereals,Wheat,Other,FAQ,"2,400.00","2,700.00","2,600.00",Rs./Quintal,5/6/2024
Rajasthan,Jaipur,Chomu Grain APMC,Cereals,Wheat,Other,FAQ,"2,560.00","2,560.00","2,560.00",Rs./Quintal,4/6/2024
Rajasthan,Jaipur,Chomu Grain APMC,Cereals,Wheat,Other,FAQ,"2,515.00","2,515.00","2,515.00",Rs./Quintal,3/6/2024
Rajasthan,Jaipur,Chomu Grain APMC,Cereals,Wheat,Other,FAQ,"2,415.00","2,415.00","2,415.00",Rs./Quintal,1/6/2024
Rajasthan,Jaipur,Chomu Grain APMC,Cereals,Wheat,Other,FAQ,"2,490.00","2,500.00","2,495.00",Rs./Quintal,31-05-2024
Rajasthan,Jaipur,Chomu Grain APMC,Cereals,Wheat,Other,FAQ,"2,485.00","2,485.00","2,485.00",Rs./Quintal,30-05-2024
Rajasthan,Jaipur,Chomu Grain APMC,Cereals,Wheat,Other,FAQ,"2,465.00","2,485.00","2,470.00",Rs./Quintal,29-05-2024
Rajasthan,Jaipur,Chomu Grain APMC,Cereals,Wheat,Other,FAQ,"2,545.00","2,545.00","2,545.00",Rs./Quintal,28-05-2024
Rajasthan,Jaipur,Chomu Grain APMC,Cereals,Wheat,Other,FAQ,"2,435.00","2,470.00","2,450.00",Rs./Quintal,27-05-2024
Rajasthan,Jaipur,Chomu Grain APMC,Cereals,Wheat,Other,FAQ,"2,400.00","2,480.00","2,450.00",Rs./Quintal,25-05-2024
Rajasthan,Jaipur,Chomu Grain APMC,Cereals,Wheat,Other,FAQ,"2,401.00","2,401.00","2,401.00",Rs./Quintal,23-05-2024
Rajasthan,Jaipur,Chomu Grain APMC,Cereals,Wheat,Other,FAQ,"2,451.00","2,451.00","2,451.00",Rs./Quintal,22-05-2024
Rajasthan,Jaipur,Chomu Grain APMC,Cereals,Wheat,Other,FAQ,"2,411.00","2,655.00","2,600.00",Rs./Quintal,21-05-2024
Rajasthan,Jaipur,Chomu Grain APMC,Cereals,Wheat,Other,FAQ,"2,360.00","2,470.00","2,400.00",Rs./Quintal,20-05-2024
Rajasthan,Jaipur,Chomu Grain APMC,Cereals,Wheat,Other,FAQ,"2,501.00","2,501.00","2,501.00",Rs./Quintal,18-05-2024
Rajasthan,Jaipur,Chomu Grain APMC,Cereals,Wheat,Other,FAQ,"2,315.00","2,460.00","2,400.00",Rs./Quintal,17-05-2024
Rajasthan,Jaipur,Chomu Grain APMC,Cereals,Wheat,Other,FAQ,"2,300.00","2,700.00","2,500.00",Rs./Quintal,16-05-2024
Rajasthan,Jaipur,Chomu Grain APMC,Cereals,Wheat,Other,FAQ,"2,530.00","2,530.00","2,530.00",Rs./Quintal,15-05-2024
Rajasthan,Jaipur,Chomu Grain APMC,Cereals,Wheat,Other,FAQ,"2,350.00","2,400.00","2,380.00",Rs./Quintal,14-05-2024
Rajasthan,Jaipur,Chomu Grain APMC,Cereals,Wheat,Other,FAQ,"2,580.00","2,580.00","2,580.00",Rs./Quintal,13-05-2024
Rajasthan,Jaipur,Chomu Grain APMC,Cereals,Wheat,Other,FAQ,"2,360.00","2,360.00","2,360.00",Rs./Quintal,10/5/2024
Rajasthan,Jaipur,Chomu Grain APMC,Cereals,Wheat,Other,FAQ,"2,400.00","2,400.00","2,400.00",Rs./Quintal,8/5/2024
Rajasthan,Jaipur,Chomu Grain APMC,Cereals,Wheat,Other,FAQ,"2,400.00","2,400.00","2,400.00",Rs./Quintal,6/5/2024
Rajasthan,Jaipur,Chomu Grain APMC,Cereals,Wheat,Other,FAQ,"2,410.00","2,550.00","2,480.00",Rs./Quintal,4/5/2024
Rajasthan,Jaipur,Chomu Grain APMC,Cereals,Wheat,Other,FAQ,"2,350.00","2,368.00","2,360.00",Rs./Quintal,3/5/2024
Rajasthan,Jaipur,Chomu Grain APMC,Cereals,Wheat,Other,FAQ,"2,450.00","2,500.00","2,480.00",Rs./Quintal,2/5/2024
Rajasthan,Jaipur,Chomu Grain APMC,Cereals,Wheat,Other,FAQ,"2,500.00","2,500.00","2,500.00",Rs./Quintal,30-04-2024
Rajasthan,Jaipur,Chomu Grain APMC,Cereals,Wheat,Other,FAQ,"2,200.00","2,286.00","2,260.00",Rs./Quintal,27-04-2024
Rajasthan,Jaipur,Chomu Grain APMC,Cereals,Wheat,Other,FAQ,"2,200.00","2,500.00","2,400.00",Rs./Quintal,26-04-2024
Rajasthan,Jaipur,Chomu Grain APMC,Cereals,Wheat,Other,FAQ,"2,340.00","2,600.00","2,500.00",Rs./Quintal,25-04-2024
Rajasthan,Jaipur,Chomu Grain APMC,Cereals,Wheat,Other,FAQ,"2,600.00","2,770.00","2,700.00",Rs./Quintal,24-04-2024
Rajasthan,Jaipur,Chomu Grain APMC,Cereals,Wheat,Other,FAQ,"2,400.00","2,400.00","2,400.00",Rs./Quintal,23-04-2024
Rajasthan,Jaipur,Chomu Grain APMC,Cereals,Wheat,Other,FAQ,"2,400.00","2,470.00","2,440.00",Rs./Quintal,22-04-2024
Rajasthan,Jaipur,Chomu Grain APMC,Cereals,Wheat,Other,FAQ,"2,371.00","2,450.00","2,400.00",Rs./Quintal,20-04-2024
Rajasthan,Jaipur,Chomu Grain APMC,Cereals,Wheat,Other,FAQ,"2,290.00","2,290.00","2,290.00",Rs./Quintal,13-04-2024
Rajasthan,Jaipur,Chomu Grain APMC,Cereals,Wheat,Other,FAQ,"2,300.00","2,300.00","2,300.00",Rs./Quintal,12/4/2024
Rajasthan,Jaipur,Chomu Grain APMC,Cereals,Wheat,Other,FAQ,"2,350.00","2,550.00","2,430.00",Rs./Quintal,11/4/2024
Rajasthan,Jaipur,Chomu Grain APMC,Cereals,Wheat,Other,FAQ,"2,351.00","2,351.00","2,351.00",Rs./Quintal,9/4/2024
Rajasthan,Jaipur,Chomu Grain APMC,Cereals,Wheat,Other,FAQ,"2,385.00","2,470.00","2,400.00",Rs./Quintal,8/4/2024
Rajasthan,Jaipur,Chomu Grain APMC,Cereals,Wheat,Other,FAQ,"2,200.00","2,200.00","2,200.00",Rs./Quintal,5/4/2024
Rajasthan,Jaipur,Chomu Grain APMC,Cereals,Wheat,Other,FAQ,"2,271.00","2,271.00","2,271.00",Rs./Quintal,4/4/2024
Rajasthan,Jaipur,Chomu Grain APMC,Cereals,Wheat,Other,FAQ,"2,000.00","2,500.00","2,380.00",Rs./Quintal,30-03-2024
Rajasthan,Jaipur,Chomu Grain APMC,Cereals,Wheat,Other,FAQ,"2,371.00","2,371.00","2,371.00",Rs./Quintal,20-03-2024
Rajasthan,Jaipur,Chomu Grain APMC,Cereals,Wheat,Other,FAQ,"2,300.00","2,300.00","2,300.00",Rs./Quintal,17-03-2024
Rajasthan,Jaipur,Chomu Grain APMC,Cereals,Wheat,Other,FAQ,"1,900.00","1,900.00","1,900.00",Rs./Quintal,11/3/2024
Rajasthan,Jaipur,Chomu Grain APMC,Cereals,Wheat,Other,FAQ,"1,830.00","1,830.00","1,830.00",Rs./Quintal,22-02-2024
Rajasthan,Jaipur,Chomu Grain APMC,Cereals,Wheat,Other,FAQ,"2,500.00","2,500.00","2,500.00",Rs./Quintal,27-01-2024
Rajasthan,Jaipur,Chomu Grain APMC,Cereals,Wheat,Other,FAQ,"2,350.00","2,350.00","2,350.00",Rs./Quintal,24-01-2024
Rajasthan,Jaipur,Chomu Grain APMC,Cereals,Wheat,Other,FAQ,"2,520.00","2,520.00","2,520.00",Rs./Quintal,9/1/2024
Rajasthan,Jaipur,Chomu Grain APMC,Cereals,Wheat,Other,FAQ,"2,400.00","2,400.00","2,400.00",Rs./Quintal,2/1/2024
Rajasthan,Jaipur,Chomu Grain APMC,Cereals,Wheat,Other,FAQ,"2,490.00","2,490.00","2,490.00",Rs./Quintal,19-12-2023
Rajasthan,Jaipur,Chomu Grain APMC,Cereals,Wheat,Other,FAQ,"2,565.00","2,565.00","2,565.00",Rs./Quintal,14-12-2023
Rajasthan,Jaipur,Chomu Grain APMC,Cereals,Wheat,Other,FAQ,"2,580.00","2,580.00","2,580.00",Rs./Quintal,12/12/2023
Rajasthan,Jaipur,Chomu Grain APMC,Cereals,Wheat,Other,FAQ,"2,500.00","2,665.00","2,600.00",Rs./Quintal,4/12/2023
Rajasthan,Jaipur,Chomu Grain APMC,Cereals,Wheat,Other,FAQ,"2,631.00","2,631.00","2,631.00",Rs./Quintal,30-11-2023
Rajasthan,Jaipur,Chomu Grain APMC,Cereals,Wheat,Other,FAQ,"2,545.00","2,545.00","2,545.00",Rs./Quintal,29-11-2023
Rajasthan,Jaipur,Chomu Grain APMC,Cereals,Wheat,Other,FAQ,"2,488.00","2,488.00","2,488.00",Rs./Quintal,22-11-2023
Rajasthan,Jaipur,Chomu Grain APMC,Cereals,Wheat,Other,FAQ,"2,500.00","2,500.00","2,500.00",Rs./Quintal,20-11-2023
Rajasthan,Jaipur,Chomu Grain APMC,Cereals,Wheat,Other,FAQ,"2,380.00","2,380.00","2,380.00",Rs./Quintal,16-11-2023
Rajasthan,Jaipur,Chomu Grain APMC,Cereals,Wheat,Other,FAQ,"2,500.00","2,500.00","2,500.00",Rs./Quintal,8/11/2023
Rajasthan,Jaipur,Dudu APMC,Cereals,Wheat,147 Average,FAQ,"2,650.00","2,850.00","2,700.00",Rs./Quintal,6/11/2024
Rajasthan,Jaipur,Dudu APMC,Cereals,Wheat,147 Average,FAQ,"2,600.00","2,800.00","2,700.00",Rs./Quintal,5/11/2024
Rajasthan,Jaipur,Dudu APMC,Cereals,Wheat,147 Average,FAQ,"2,700.00","2,800.00","2,750.00",Rs./Quintal,4/11/2024
Rajasthan,Jaipur,Dudu APMC,Cereals,Wheat,147 Average,FAQ,"2,500.00","2,700.00","2,600.00",Rs./Quintal,28-10-2024
Rajasthan,Jaipur,Dudu APMC,Cereals,Wheat,147 Average,FAQ,"2,600.00","2,800.00","2,700.00",Rs./Quintal,25-10-2024
Rajasthan,Jaipur,Dudu APMC,Cereals,Wheat,147 Average,FAQ,"2,650.00","2,850.00","2,750.00",Rs./Quintal,24-10-2024
Rajasthan,Jaipur,Dudu APMC,Cereals,Wheat,147 Average,FAQ,"2,700.00","2,800.00","2,750.00",Rs./Quintal,22-10-2024
Rajasthan,Jaipur,Dudu APMC,Cereals,Wheat,147 Average,FAQ,"2,700.00","2,800.00","2,750.00",Rs./Quintal,21-10-2024
Rajasthan,Jaipur,Dudu APMC,Cereals,Wheat,147 Average,FAQ,"2,700.00","2,850.00","2,800.00",Rs./Quintal,18-10-2024
Rajasthan,Jaipur,Dudu APMC,Cereals,Wheat,147 Average,FAQ,"2,700.00","2,800.00","2,750.00",Rs./Quintal,16-10-2024
Rajasthan,Jaipur,Dudu APMC,Cereals,Wheat,147 Average,FAQ,"2,700.00","2,800.00","2,750.00",Rs./Quintal,15-10-2024
Rajasthan,Jaipur,Dudu APMC,Cereals,Wheat,147 Average,FAQ,"2,625.00","2,725.00","2,650.00",Rs./Quintal,14-10-2024
Rajasthan,Jaipur,Dudu APMC,Cereals,Wheat,147 Average,FAQ,"2,650.00","2,850.00","2,750.00",Rs./Quintal,9/10/2024
Rajasthan,Jaipur,Dudu APMC,Cereals,Wheat,147 Average,FAQ,"2,600.00","2,700.00","2,650.00",Rs./Quintal,8/10/2024
Rajasthan,Jaipur,Dudu APMC,Cereals,Wheat,147 Average,FAQ,"2,600.00","2,700.00","2,650.00",Rs./Quintal,7/10/2024
Rajasthan,Jaipur,Dudu APMC,Cereals,Wheat,147 Average,FAQ,"2,500.00","2,700.00","2,600.00",Rs./Quintal,4/10/2024
Rajasthan,Jaipur,Dudu APMC,Cereals,Wheat,147 Average,FAQ,"2,600.00","2,800.00","2,700.00",Rs./Quintal,1/10/2024
Rajasthan,Jaipur,Dudu APMC,Cereals,Wheat,147 Average,FAQ,"2,600.00","2,700.00","2,650.00",Rs./Quintal,30-09-2024
Rajasthan,Jaipur,Dudu APMC,Cereals,Wheat,147 Average,FAQ,"2,600.00","2,700.00","2,650.00",Rs./Quintal,27-09-2024
Rajasthan,Jaipur,Dudu APMC,Cereals,Wheat,147 Average,FAQ,"2,550.00","2,800.00","2,650.00",Rs./Quintal,26-09-2024
Rajasthan,Jaipur,Dudu APMC,Cereals,Wheat,147 Average,FAQ,"2,600.00","2,800.00","2,700.00",Rs./Quintal,25-09-2024
Rajasthan,Jaipur,Dudu APMC,Cereals,Wheat,147 Average,FAQ,"2,615.00","2,700.00","2,650.00",Rs./Quintal,24-09-2024
Rajasthan,Jaipur,Dudu APMC,Cereals,Wheat,147 Average,FAQ,"2,625.00","2,750.00","2,650.00",Rs./Quintal,23-09-2024
Rajasthan,Jaipur,Dudu APMC,Cereals,Wheat,147 Average,FAQ,"2,600.00","2,700.00","2,650.00",Rs./Quintal,20-09-2024
Rajasthan,Jaipur,Dudu APMC,Cereals,Wheat,147 Average,FAQ,"2,600.00","2,700.00","2,650.00",Rs./Quintal,19-09-2024
Rajasthan,Jaipur,Dudu APMC,Cereals,Wheat,147 Average,FAQ,"2,500.00","2,650.00","2,550.00",Rs./Quintal,18-09-2024
Rajasthan,Jaipur,Dudu APMC,Cereals,Wheat,147 Average,FAQ,"2,600.00","2,700.00","2,650.00",Rs./Quintal,17-09-2024
Rajasthan,Jaipur,Dudu APMC,Cereals,Wheat,147 Average,FAQ,"2,625.00","2,850.00","2,700.00",Rs./Quintal,12/9/2024
Rajasthan,Jaipur,Dudu APMC,Cereals,Wheat,147 Average,FAQ,"2,500.00","2,600.00","2,550.00",Rs./Quintal,11/9/2024
Rajasthan,Jaipur,Dudu APMC,Cereals,Wheat,147 Average,FAQ,"2,600.00","2,650.00","2,625.00",Rs./Quintal,10/9/2024
Rajasthan,Jaipur,Dudu APMC,Cereals,Wheat,147 Average,FAQ,"2,625.00","2,700.00","2,650.00",Rs./Quintal,6/9/2024
Rajasthan,Jaipur,Dudu APMC,Cereals,Wheat,147 Average,FAQ,"2,600.00","2,650.00","2,625.00",Rs./Quintal,5/9/2024
Rajasthan,Jaipur,Dudu APMC,Cereals,Wheat,147 Average,FAQ,"2,400.00","2,515.00","2,450.00",Rs./Quintal,4/9/2024
Rajasthan,Jaipur,Dudu APMC,Cereals,Wheat,147 Average,FAQ,"2,100.00","2,300.00","2,250.00",Rs./Quintal,3/9/2024
Rajasthan,Jaipur,Dudu APMC,Cereals,Wheat,147 Average,FAQ,"2,250.00","2,360.00","2,300.00",Rs./Quintal,2/9/2024
Rajasthan,Jaipur,Dudu APMC,Cereals,Wheat,147 Average,FAQ,"2,380.00","2,445.00","2,400.00",Rs./Quintal,30-08-2024
Rajasthan,Jaipur,Dudu APMC,Cereals,Wheat,147 Average,FAQ,"2,400.00","2,500.00","2,450.00",Rs./Quintal,29-08-2024
Rajasthan,Jaipur,Dudu APMC,Cereals,Wheat,147 Average,FAQ,"2,300.00","2,500.00","2,400.00",Rs./Quintal,28-08-2024
Rajasthan,Jaipur,Dudu APMC,Cereals,Wheat,147 Average,FAQ,"2,400.00","2,780.00","2,545.00",Rs./Quintal,27-08-2024
Rajasthan,Jaipur,Dudu APMC,Cereals,Wheat,147 Average,FAQ,"2,410.00","2,570.00","2,490.00",Rs./Quintal,23-08-2024
Rajasthan,Jaipur,Dudu APMC,Cereals,Wheat,147 Average,FAQ,"2,435.00","2,540.00","2,470.00",Rs./Quintal,22-08-2024
Rajasthan,Jaipur,Dudu APMC,Cereals,Wheat,147 Average,FAQ,"2,350.00","2,500.00","2,400.00",Rs./Quintal,21-08-2024
Rajasthan,Jaipur,Dudu APMC,Cereals,Wheat,147 Average,FAQ,"2,400.00","2,510.00","2,450.00",Rs./Quintal,16-08-2024
Rajasthan,Jaipur,Dudu APMC,Cereals,Wheat,147 Average,FAQ,"2,410.00","2,510.00","2,460.00",Rs./Quintal,14-08-2024
Rajasthan,Jaipur,Dudu APMC,Cereals,Wheat,147 Average,FAQ,"2,400.00","2,500.00","2,450.00",Rs./Quintal,13-08-2024
Rajasthan,Jaipur,Dudu APMC,Cereals,Wheat,147 Average,FAQ,"2,350.00","2,500.00","2,400.00",Rs./Quintal,12/8/2024
Rajasthan,Jaipur,Dudu APMC,Cereals,Wheat,147 Average,FAQ,"2,300.00","2,500.00","2,400.00",Rs./Quintal,8/8/2024
Rajasthan,Jaipur,Dudu APMC,Cereals,Wheat,147 Average,FAQ,"2,410.00","2,510.00","2,460.00",Rs./Quintal,7/8/2024
Rajasthan,Jaipur,Dudu APMC,Cereals,Wheat,147 Average,FAQ,"2,400.00","2,500.00","2,450.00",Rs./Quintal,6/8/2024
Rajasthan,Jaipur,Dudu APMC,Cereals,Wheat,147 Average,FAQ,"2,425.00","2,520.00","2,465.00",Rs./Quintal,5/8/2024
Rajasthan,Jaipur,Dudu APMC,Cereals,Wheat,147 Average,FAQ,"2,410.00","2,510.00","2,460.00",Rs./Quintal,2/8/2024
Rajasthan,Jaipur,Dudu APMC,Cereals,Wheat,147 Average,FAQ,"2,400.00","2,500.00","2,450.00",Rs./Quintal,1/8/2024
Rajasthan,Jaipur,Dudu APMC,Cereals,Wheat,147 Average,FAQ,"2,410.00","2,510.00","2,460.00",Rs./Quintal,31-07-2024
Rajasthan,Jaipur,Dudu APMC,Cereals,Wheat,147 Average,FAQ,"2,400.00","2,500.00","2,450.00",Rs./Quintal,30-07-2024
Rajasthan,Jaipur,Dudu APMC,Cereals,Wheat,147 Average,FAQ,"2,500.00","2,600.00","2,550.00",Rs./Quintal,29-07-2024
Rajasthan,Jaipur,Dudu APMC,Cereals,Wheat,147 Average,FAQ,"2,410.00","2,510.00","2,460.00",Rs./Quintal,26-07-2024
Rajasthan,Jaipur,Dudu APMC,Cereals,Wheat,147 Average,FAQ,"2,400.00","2,500.00","2,450.00",Rs./Quintal,25-07-2024
Rajasthan,Jaipur,Dudu APMC,Cereals,Wheat,147 Average,FAQ,"2,410.00","2,510.00","2,460.00",Rs./Quintal,24-07-2024
Rajasthan,Jaipur,Dudu APMC,Cereals,Wheat,147 Average,FAQ,"2,400.00","2,500.00","2,450.00",Rs./Quintal,23-07-2024
Rajasthan,Jaipur,Dudu APMC,Cereals,Wheat,147 Average,FAQ,"2,500.00","2,600.00","2,550.00",Rs./Quintal,22-07-2024
Rajasthan,Jaipur,Dudu APMC,Cereals,Wheat,147 Average,FAQ,"2,410.00","2,510.00","2,460.00",Rs./Quintal,19-07-2024
Rajasthan,Jaipur,Dudu APMC,Cereals,Wheat,147 Average,FAQ,"2,400.00","2,500.00","2,450.00",Rs./Quintal,18-07-2024
Rajasthan,Jaipur,Dudu APMC,Cereals,Wheat,147 Average,FAQ,"2,410.00","2,510.00","2,460.00",Rs./Quintal,16-07-2024
Rajasthan,Jaipur,Dudu APMC,Cereals,Wheat,147 Average,FAQ,"2,400.00","2,500.00","2,450.00",Rs./Quintal,15-07-2024
Rajasthan,Jaipur,Fulera - Kishangarh Renwal APMC,Cereals,Wheat,Other,FAQ,"2,700.00","2,750.00","2,725.00",Rs./Quintal,5/11/2024
Rajasthan,Jaipur,Jaipur (Grain) APMC,Cereals,Wheat,1482,FAQ,"2,300.00","2,750.00","2,525.00",Rs./Quintal,1/8/2024
Rajasthan,Jaipur,Jaipur (Grain) APMC,Cereals,Wheat,1482,FAQ,"2,400.00","2,600.00","2,500.00",Rs./Quintal,29-07-2024
Rajasthan,Jaipur,Kishangarh Renwal APMC,Cereals,Wheat,Other,FAQ,"2,900.00","2,950.00","2,925.00",Rs./Quintal,29-10-2024
Rajasthan,Jaipur,Kishangarh Renwal APMC,Cereals,Wheat,Other,FAQ,"2,800.00","2,850.00","2,825.00",Rs./Quintal,27-10-2024
Rajasthan,Jaipur,Kishangarh Renwal APMC,Cereals,Wheat,Other,FAQ,"2,600.00","2,650.00","2,625.00",Rs./Quintal,16-09-2024
Rajasthan,Jaipur,Kishangarh Renwal APMC,Cereals,Wheat,Other,FAQ,"2,500.00","2,550.00","2,525.00",Rs./Quintal,11/9/2024
Rajasthan,Jaipur,Kishangarh Renwal APMC,Cereals,Wheat,Other,FAQ,"2,300.00","2,350.00","2,325.00",Rs./Quintal,5/6/2024
Rajasthan,Jaipur,Kishangarh Renwal APMC,Cereals,Wheat,Other,FAQ,"2,500.00","2,550.00","2,525.00",Rs./Quintal,28-05-2024
Rajasthan,Jaipur,Kishangarh Renwal APMC,Cereals,Wheat,Other,FAQ,"2,500.00","2,550.00","2,525.00",Rs./Quintal,19-05-2024
Rajasthan,Jaipur,Kishangarh Renwal APMC,Cereals,Wheat,Other,FAQ,"2,600.00","2,650.00","2,625.00",Rs./Quintal,14-05-2024
Rajasthan,Jaipur,Bassi APMC,Cereals,Wheat,Other,FAQ,"2,443.00","2,535.00","2,489.00",Rs./Quintal,6/11/2023
Rajasthan,Jaipur,Bassi APMC,Cereals,Wheat,Other,FAQ,"2,400.00","2,600.00","2,500.00",Rs./Quintal,4/11/2023
Rajasthan,Jaipur,Bassi APMC,Cereals,Wheat,Other,FAQ,"2,450.00","2,620.00","2,535.00",Rs./Quintal,3/11/2023
Rajasthan,Jaipur,Bassi APMC,Cereals,Wheat,Other,FAQ,"2,400.00","2,516.00","2,458.00",Rs./Quintal,2/11/2023
Rajasthan,Jaipur,Bassi APMC,Cereals,Wheat,Other,FAQ,"2,441.00","2,613.00","2,527.00",Rs./Quintal,1/11/2023
Rajasthan,Jaipur,Bassi APMC,Cereals,Wheat,Other,FAQ,"2,450.00","2,670.00","2,560.00",Rs./Quintal,31-10-2023
Rajasthan,Jaipur,Bassi APMC,Cereals,Wheat,Other,FAQ,"2,400.00","2,639.00","2,519.00",Rs./Quintal,30-10-2023
Rajasthan,Jaipur,Bassi APMC,Cereals,Wheat,Other,FAQ,"2,516.00","2,700.00","2,608.00",Rs./Quintal,28-10-2023
Rajasthan,Jaipur,Bassi APMC,Cereals,Wheat,Other,FAQ,"2,500.00","2,611.00","2,555.00",Rs./Quintal,27-10-2023
Rajasthan,Jaipur,Bassi APMC,Cereals,Wheat,Other,FAQ,"2,482.00","2,530.00","2,506.00",Rs./Quintal,26-10-2023
Rajasthan,Jaipur,Bassi APMC,Cereals,Wheat,Other,FAQ,"2,350.00","2,456.00","2,403.00",Rs./Quintal,25-10-2023
Rajasthan,Jaipur,Bassi APMC,Cereals,Wheat,Other,FAQ,"2,400.00","2,533.00","2,466.00",Rs./Quintal,23-10-2023
Rajasthan,Jaipur,Bassi APMC,Cereals,Wheat,Other,FAQ,"2,402.00","2,461.00","2,431.00",Rs./Quintal,21-10-2023
Rajasthan,Jaipur,Bassi APMC,Cereals,Wheat,Other,FAQ,"2,391.00","2,479.00","2,435.00",Rs./Quintal,20-10-2023
Rajasthan,Jaipur,Bassi APMC,Cereals,Wheat,Other,FAQ,"2,341.00","2,573.00","2,457.00",Rs./Quintal,18-10-2023
Rajasthan,Jaipur,Bassi APMC,Cereals,Wheat,Other,FAQ,"2,353.00","2,620.00","2,486.00",Rs./Quintal,17-10-2023
Rajasthan,Jaipur,Bassi APMC,Cereals,Wheat,Other,FAQ,"2,340.00","2,371.00","2,355.00",Rs./Quintal,16-10-2023
Rajasthan,Jaipur,Bassi APMC,Cereals,Wheat,Other,FAQ,"2,361.00","2,400.00","2,380.00",Rs./Quintal,14-10-2023
Rajasthan,Jaipur,Bassi APMC,Cereals,Wheat,Other,FAQ,"2,250.00","2,372.00","2,311.00",Rs./Quintal,12/10/2023
Rajasthan,Jaipur,Bassi APMC,Cereals,Wheat,Other,FAQ,"2,311.00","2,525.00","2,418.00",Rs./Quintal,10/10/2023
Rajasthan,Jaipur,Bassi APMC,Cereals,Wheat,Other,FAQ,"1,930.00","2,431.00","2,180.00",Rs./Quintal,9/10/2023
Rajasthan,Jaipur,Bassi APMC,Cereals,Wheat,Other,FAQ,"2,150.00","2,408.00","2,279.00",Rs./Quintal,5/10/2023
Rajasthan,Jaipur,Bassi APMC,Cereals,Wheat,Other,FAQ,"2,330.00","2,460.00","2,395.00",Rs./Quintal,4/10/2023
Rajasthan,Jaipur,Bassi APMC,Cereals,Wheat,Other,FAQ,"2,000.00","2,500.00","2,250.00",Rs./Quintal,3/10/2023
Rajasthan,Jaipur,Bassi APMC,Cereals,Wheat,Other,FAQ,"2,325.00","2,414.00","2,369.00",Rs./Quintal,29-09-2023
Rajasthan,Jaipur,Bassi APMC,Cereals,Wheat,Other,FAQ,"2,341.00","2,411.00","2,376.00",Rs./Quintal,27-09-2023
Rajasthan,Jaipur,Bassi APMC,Cereals,Wheat,Other,FAQ,"2,281.00","2,461.00","2,371.00",Rs./Quintal,26-09-2023
Rajasthan,Jaipur,Bassi APMC,Cereals,Wheat,Other,FAQ,"2,333.00","2,425.00","2,379.00",Rs./Quintal,22-09-2023
Rajasthan,Jaipur,Bassi APMC,Cereals,Wheat,Other,FAQ,"2,355.00","2,460.00","2,407.00",Rs./Quintal,21-09-2023
Rajasthan,Jaipur,Bassi APMC,Cereals,Wheat,Other,FAQ,"2,391.00","2,391.00","2,391.00",Rs./Quintal,20-09-2023
Rajasthan,Jaipur,Bassi APMC,Cereals,Wheat,Other,FAQ,"2,255.00","2,351.00","2,303.00",Rs./Quintal,19-09-2023
Rajasthan,Jaipur,Bassi APMC,Cereals,Wheat,Other,FAQ,"2,323.00","2,323.00","2,323.00",Rs./Quintal,18-09-2023
Rajasthan,Jaipur,Bassi APMC,Cereals,Wheat,Other,FAQ,"2,300.00","2,400.00","2,350.00",Rs./Quintal,15-09-2023
Rajasthan,Jaipur,Bassi APMC,Cereals,Wheat,Other,FAQ,"2,329.00","2,395.00","2,362.00",Rs./Quintal,14-09-2023
Rajasthan,Jaipur,Bassi APMC,Cereals,Wheat,Other,FAQ,"2,176.00","2,381.00","2,278.00",Rs./Quintal,13-09-2023
Rajasthan,Jaipur,Bassi APMC,Cereals,Wheat,Other,FAQ,"2,324.00","2,510.00","2,417.00",Rs./Quintal,12/9/2023
Rajasthan,Jaipur,Bassi APMC,Cereals,Wheat,Other,FAQ,"2,290.00","2,350.00","2,320.00",Rs./Quintal,11/9/2023
Rajasthan,Jaipur,Bassi APMC,Cereals,Wheat,Other,FAQ,"2,300.00","2,424.00","2,362.00",Rs./Quintal,9/9/2023
Rajasthan,Jaipur,Bassi APMC,Cereals,Wheat,Other,FAQ,"2,260.00","2,416.00","2,338.00",Rs./Quintal,7/9/2023
Rajasthan,Jaipur,Bassi APMC,Cereals,Wheat,Other,FAQ,"2,268.00","2,371.00","2,319.00",Rs./Quintal,6/9/2023
Rajasthan,Jaipur,Bassi APMC,Cereals,Wheat,Other,FAQ,"2,270.00","2,352.00","2,311.00",Rs./Quintal,5/9/2023
Rajasthan,Jaipur,Bassi APMC,Cereals,Wheat,Other,FAQ,"2,265.00","2,350.00","2,307.00",Rs./Quintal,4/9/2023
Rajasthan,Jaipur,Bassi APMC,Cereals,Wheat,Other,FAQ,"2,283.00","2,452.00","2,367.00",Rs./Quintal,2/9/2023
Rajasthan,Jaipur,Bassi APMC,Cereals,Wheat,Other,FAQ,"2,290.00","2,322.00","2,306.00",Rs./Quintal,1/9/2023
Rajasthan,Jaipur,Bassi APMC,Cereals,Wheat,Other,FAQ,"2,281.00","2,535.00","2,408.00",Rs./Quintal,29-08-2023
Rajasthan,Jaipur,Bassi APMC,Cereals,Wheat,Other,FAQ,"2,280.00","2,305.00","2,292.00",Rs./Quintal,28-08-2023
Rajasthan,Jaipur,Bassi APMC,Cereals,Wheat,Other,FAQ,"2,223.00","2,300.00","2,261.00",Rs./Quintal,26-08-2023
Rajasthan,Jaipur,Bassi APMC,Cereals,Wheat,Other,FAQ,"2,265.00","2,319.00","2,292.00",Rs./Quintal,25-08-2023
Rajasthan,Jaipur,Bassi APMC,Cereals,Wheat,Other,FAQ,"2,271.00","2,315.00","2,293.00",Rs./Quintal,24-08-2023
Rajasthan,Jaipur,Bassi APMC,Cereals,Wheat,Other,FAQ,"2,207.00","2,326.00","2,266.00",Rs./Quintal,23-08-2023
Rajasthan,Jaipur,Bassi APMC,Cereals,Wheat,Other,FAQ,"2,250.00","2,462.00","2,356.00",Rs./Quintal,22-08-2023
Rajasthan,Jaipur,Bassi APMC,Cereals,Wheat,Other,FAQ,"2,255.00","2,255.00","2,255.00",Rs./Quintal,21-08-2023
Rajasthan,Jaipur,Bassi APMC,Cereals,Wheat,Other,FAQ,"2,250.00","2,323.00","2,286.00",Rs./Quintal,18-08-2023
Rajasthan,Jaipur,Bassi APMC,Cereals,Wheat,Other,FAQ,"2,286.00","2,433.00","2,359.00",Rs./Quintal,17-08-2023
Rajasthan,Jaipur,Bassi APMC,Cereals,Wheat,Other,FAQ,"2,261.00","2,400.00","2,330.00",Rs./Quintal,14-08-2023
Rajasthan,Jaipur,Bassi APMC,Cereals,Wheat,Other,FAQ,"2,255.00","2,440.00","2,347.00",Rs./Quintal,11/8/2023
Rajasthan,Jaipur,Bassi APMC,Cereals,Wheat,Other,FAQ,"2,275.00","2,350.00","2,312.00",Rs./Quintal,10/8/2023
Rajasthan,Jaipur,Bassi APMC,Cereals,Wheat,Other,FAQ,"2,273.00","2,491.00","2,382.00",Rs./Quintal,9/8/2023
Rajasthan,Jaipur,Bassi APMC,Cereals,Wheat,Other,FAQ,"2,275.00","2,440.00","2,357.00",Rs./Quintal,8/8/2023
Rajasthan,Jaipur,Bassi APMC,Cereals,Wheat,Other,FAQ,"2,038.00","2,392.00","2,215.00",Rs./Quintal,5/8/2023
Rajasthan,Jaipur,Bassi APMC,Cereals,Wheat,Other,FAQ,"2,327.00","2,515.00","2,421.00",Rs./Quintal,4/8/2023
Rajasthan,Jaipur,Bassi APMC,Cereals,Wheat,Other,FAQ,"2,216.00","2,450.00","2,330.00",Rs./Quintal,3/8/2023
Rajasthan,Jaipur,Bassi APMC,Cereals,Wheat,Other,FAQ,"2,200.00","2,375.00","2,287.00",Rs./Quintal,2/8/2023
Rajasthan,Jaipur,Bassi APMC,Cereals,Wheat,Other,FAQ,"2,218.00","2,263.00","2,240.00",Rs./Quintal,1/8/2023
Rajasthan,Jaipur,Bassi APMC,Cereals,Wheat,Other,FAQ,"2,172.00","2,390.00","2,281.00",Rs./Quintal,28-07-2023
Rajasthan,Jaipur,Bassi APMC,Cereals,Wheat,Other,FAQ,"2,131.00","2,325.00","2,228.00",Rs./Quintal,27-07-2023
Rajasthan,Jaipur,Bassi APMC,Cereals,Wheat,Other,FAQ,"2,121.00","2,207.00","2,164.00",Rs./Quintal,26-07-2023
Rajasthan,Jaipur,Bassi APMC,Cereals,Wheat,Other,FAQ,"2,125.00","2,257.00","2,191.00",Rs./Quintal,25-07-2023
Rajasthan,Jaipur,Bassi APMC,Cereals,Wheat,Other,FAQ,"2,124.00","2,188.00","2,156.00",Rs./Quintal,22-07-2023
Rajasthan,Jaipur,Bassi APMC,Cereals,Wheat,Other,FAQ,"2,128.00","2,237.00","2,182.00",Rs./Quintal,21-07-2023
Rajasthan,Jaipur,Bassi APMC,Cereals,Wheat,Other,FAQ,"2,100.00","2,180.00","2,140.00",Rs./Quintal,20-07-2023
Rajasthan,Jaipur,Bassi APMC,Cereals,Wheat,Other,FAQ,"2,102.00","2,220.00","2,161.00",Rs./Quintal,19-07-2023
Rajasthan,Jaipur,Bassi APMC,Cereals,Wheat,Other,FAQ,"2,020.00","2,309.00","2,164.00",Rs./Quintal,18-07-2023
Rajasthan,Jaipur,Bassi APMC,Cereals,Wheat,Other,FAQ,"2,114.00","2,400.00","2,257.00",Rs./Quintal,17-07-2023
Rajasthan,Jaipur,Bassi APMC,Cereals,Wheat,Other,FAQ,"2,051.00","2,181.00","2,116.00",Rs./Quintal,15-07-2023
Rajasthan,Jaipur,Bassi APMC,Cereals,Wheat,Other,FAQ,"2,090.00","2,370.00","2,230.00",Rs./Quintal,14-07-2023
Rajasthan,Jaipur,Bassi APMC,Cereals,Wheat,Other,FAQ,"2,100.00","2,166.00","2,133.00",Rs./Quintal,13-07-2023
Rajasthan,Jaipur,Bassi APMC,Cereals,Wheat,Other,FAQ,"2,104.00","2,400.00","2,252.00",Rs./Quintal,12/7/2023
Rajasthan,Jaipur,Bassi APMC,Cereals,Wheat,Other,FAQ,"2,111.00","2,462.00","2,286.00",Rs./Quintal,11/7/2023
Rajasthan,Jaipur,Bassi APMC,Cereals,Wheat,Other,FAQ,"2,097.00","2,350.00","2,223.00",Rs./Quintal,10/7/2023
Rajasthan,Jaipur,Bassi APMC,Cereals,Wheat,Other,FAQ,"2,056.00","2,146.00","2,101.00",Rs./Quintal,8/7/2023
Rajasthan,Jaipur,Bassi APMC,Cereals,Wheat,Other,FAQ,"2,051.00","2,169.00","2,110.00",Rs./Quintal,7/7/2023
Rajasthan,Jaipur,Bassi APMC,Cereals,Wheat,Other,FAQ,"2,113.00","2,237.00","2,175.00",Rs./Quintal,6/7/2023
Rajasthan,Jaipur,Bassi APMC,Cereals,Wheat,Other,FAQ,"2,115.00","2,153.00","2,134.00",Rs./Quintal,5/7/2023
Rajasthan,Jaipur,Bassi APMC,Cereals,Wheat,Other,FAQ,"2,100.00","2,220.00","2,160.00",Rs./Quintal,4/7/2023
Rajasthan,Jaipur,Bassi APMC,Cereals,Wheat,Other,FAQ,"2,105.00","2,200.00","2,152.00",Rs./Quintal,3/7/2023
Rajasthan,Jaipur,Bassi APMC,Cereals,Wheat,Other,FAQ,"2,102.00","2,170.00","2,136.00",Rs./Quintal,1/7/2023
Rajasthan,Jaipur,Bassi APMC,Cereals,Wheat,Other,FAQ,"2,114.00","2,131.00","2,122.00",Rs./Quintal,30-06-2023
Rajasthan,Jaipur,Bassi APMC,Cereals,Wheat,Other,FAQ,"1,645.00","2,185.00","1,915.00",Rs./Quintal,29-06-2023
Rajasthan,Jaipur,Bassi APMC,Cereals,Wheat,Other,FAQ,"2,102.00","2,196.00","2,149.00",Rs./Quintal,28-06-2023
Rajasthan,Jaipur,Bassi APMC,Cereals,Wheat,Other,FAQ,"2,101.00","2,246.00","2,173.00",Rs./Quintal,27-06-2023
Rajasthan,Jaipur,Bassi APMC,Cereals,Wheat,1482,FAQ,"2,100.00","2,140.00","2,120.00",Rs./Quintal,26-06-2023
Rajasthan,Jaipur,Bassi APMC,Cereals,Wheat,1482,FAQ,"2,120.00","2,361.00","2,240.00",Rs./Quintal,24-06-2023
Rajasthan,Jaipur,Bassi APMC,Cereals,Wheat,Other,FAQ,"2,100.00","2,187.00","2,143.00",Rs./Quintal,23-06-2023
Rajasthan,Jaipur,Bassi APMC,Cereals,Wheat,Other,FAQ,"2,041.00","2,200.00","2,120.00",Rs./Quintal,22-06-2023
Rajasthan,Jaipur,Bassi APMC,Cereals,Wheat,Other,FAQ,"2,050.00","2,286.00","2,168.00",Rs./Quintal,21-06-2023
Rajasthan,Jaipur,Bassi APMC,Cereals,Wheat,1482,FAQ,"2,000.00","2,160.00","2,080.00",Rs./Quintal,19-06-2023
Rajasthan,Jaipur,Bassi APMC,Cereals,Wheat,Other,FAQ,"2,017.00","2,366.00","2,191.00",Rs./Quintal,17-06-2023
Rajasthan,Jaipur,Bassi APMC,Cereals,Wheat,Other,FAQ,"1,972.00","2,150.00","2,061.00",Rs./Quintal,16-06-2023
Rajasthan,Jaipur,Bassi APMC,Cereals,Wheat,Other,FAQ,"1,998.00","2,200.00","2,099.00",Rs./Quintal,15-06-2023
Rajasthan,Jaipur,Bassi APMC,Cereals,Wheat,Other,FAQ,"2,060.00","2,143.00","2,101.00",Rs./Quintal,14-06-2023
Rajasthan,Jaipur,Bassi APMC,Cereals,Wheat,Other,FAQ,"2,140.00","2,475.00","2,307.00",Rs./Quintal,13-06-2023
Rajasthan,Jaipur,Bassi APMC,Cereals,Wheat,Other,FAQ,"2,141.00","2,351.00","2,246.00",Rs./Quintal,12/6/2023
Rajasthan,Jaipur,Bassi APMC,Cereals,Wheat,Other,FAQ,"2,126.00","2,261.00","2,193.00",Rs./Quintal,10/6/2023
Rajasthan,Jaipur,Bassi APMC,Cereals,Wheat,Other,FAQ,"2,149.00","2,386.00","2,267.00",Rs./Quintal,9/6/2023
Rajasthan,Jaipur,Bassi APMC,Cereals,Wheat,Other,FAQ,"2,167.00","2,371.00","2,269.00",Rs./Quintal,8/6/2023
Rajasthan,Jaipur,Bassi APMC,Cereals,Wheat,1482,FAQ,"2,159.00","2,215.00","2,187.00",Rs./Quintal,7/6/2023
Rajasthan,Jaipur,Bassi APMC,Cereals,Wheat,1482,FAQ,"2,175.00","2,220.00","2,197.00",Rs./Quintal,6/6/2023
Rajasthan,Jaipur,Bassi APMC,Cereals,Wheat,1482,FAQ,"2,140.00","2,265.00","2,202.00",Rs./Quintal,5/6/2023
Rajasthan,Jaipur,Bassi APMC,Cereals,Wheat,1482,FAQ,"2,165.00","2,330.00","2,247.00",Rs./Quintal,3/6/2023
Rajasthan,Jaipur,Bassi APMC,Cereals,Wheat,1482,FAQ,"2,149.00","2,370.00","2,259.00",Rs./Quintal,2/6/2023
Rajasthan,Jaipur,Bassi APMC,Cereals,Wheat,1482,FAQ,"2,159.00","2,276.00","2,217.00",Rs./Quintal,1/6/2023
Rajasthan,Jaipur,Bassi APMC,Cereals,Wheat,1482,FAQ,"2,152.00","2,555.00","2,353.00",Rs./Quintal,31-05-2023
Rajasthan,Jaipur,Bassi APMC,Cereals,Wheat,1482,FAQ,"2,140.00","2,212.00","2,176.00",Rs./Quintal,30-05-2023
Rajasthan,Jaipur,Bassi APMC,Cereals,Wheat,1482,FAQ,"2,113.00","2,322.00","2,217.00",Rs./Quintal,29-05-2023
Rajasthan,Jaipur,Bassi APMC,Cereals,Wheat,1482,FAQ,"2,115.00","2,150.00","2,132.00",Rs./Quintal,25-05-2023
Rajasthan,Jaipur,Bassi APMC,Cereals,Wheat,1482,FAQ,"2,083.00","2,490.00","2,286.00",Rs./Quintal,24-05-2023
Rajasthan,Jaipur,Bassi APMC,Cereals,Wheat,1482,FAQ,"2,060.00","2,268.00","2,164.00",Rs./Quintal,23-05-2023
Rajasthan,Jaipur,Bassi APMC,Cereals,Wheat,1482,FAQ,"2,000.00","2,200.00","2,100.00",Rs./Quintal,22-05-2023
Rajasthan,Jaipur,Bassi APMC,Cereals,Wheat,1482,FAQ,"2,108.00","2,440.00","2,274.00",Rs./Quintal,19-05-2023
Rajasthan,Jaipur,Bassi APMC,Cereals,Wheat,1482,FAQ,"2,000.00","2,400.00","2,200.00",Rs./Quintal,18-05-2023
Rajasthan,Jaipur,Bassi APMC,Cereals,Wheat,1482,FAQ,"2,044.00","2,190.00","2,117.00",Rs./Quintal,17-05-2023
Rajasthan,Jaipur,Bassi APMC,Cereals,Wheat,1482,FAQ,"2,015.00","2,120.00","2,067.00",Rs./Quintal,16-05-2023
Rajasthan,Jaipur,Bassi APMC,Cereals,Wheat,1482,FAQ,"2,015.00","2,270.00","2,142.00",Rs./Quintal,12/5/2023
Rajasthan,Jaipur,Bassi APMC,Cereals,Wheat,1482,FAQ,"2,100.00","2,215.00","2,157.00",Rs./Quintal,11/5/2023
Rajasthan,Jaipur,Bassi APMC,Cereals,Wheat,1482,FAQ,"1,950.00","2,270.00","2,110.00",Rs./Quintal,10/5/2023
Rajasthan,Jaipur,Bassi APMC,Cereals,Wheat,1482,FAQ,"1,970.00","2,541.00","2,255.00",Rs./Quintal,9/5/2023
Rajasthan,Jaipur,Bassi APMC,Cereals,Wheat,1482,FAQ,"2,045.00","2,200.00","2,122.00",Rs./Quintal,8/5/2023
Rajasthan,Jaipur,Bassi APMC,Cereals,Wheat,1482,FAQ,"2,065.00","2,350.00","2,207.00",Rs./Quintal,6/5/2023
Rajasthan,Jaipur,Bassi APMC,Cereals,Wheat,1482,FAQ,"1,970.00","2,260.00","2,115.00",Rs./Quintal,5/5/2023
Rajasthan,Jaipur,Bassi APMC,Cereals,Wheat,1482,FAQ,"2,006.00","2,575.00","2,290.00",Rs./Quintal,4/5/2023
Rajasthan,Jaipur,Bassi APMC,Cereals,Wheat,1482,FAQ,"2,040.00","2,401.00","2,220.00",Rs./Quintal,3/5/2023
Rajasthan,Jaipur,Bassi APMC,Cereals,Wheat,1482,FAQ,"2,050.00","2,575.00","2,312.00",Rs./Quintal,2/5/2023
Rajasthan,Jaipur,Bassi APMC,Cereals,Wheat,1482,FAQ,"2,050.00","2,350.00","2,200.00",Rs./Quintal,1/5/2023
Rajasthan,Jaipur,Bassi APMC,Cereals,Wheat,1482,FAQ,"1,983.00","2,330.00","2,156.00",Rs./Quintal,28-04-2023
Rajasthan,Jaipur,Bassi APMC,Cereals,Wheat,1482,FAQ,"1,934.00","2,315.00","2,124.00",Rs./Quintal,27-04-2023
Rajasthan,Jaipur,Bassi APMC,Cereals,Wheat,1482,FAQ,"1,941.00","2,456.00","2,198.00",Rs./Quintal,26-04-2023
Rajasthan,Jaipur,Bassi APMC,Cereals,Wheat,1482,FAQ,"2,000.00","2,556.00","2,275.00",Rs./Quintal,25-04-2023
Rajasthan,Jaipur,Bassi APMC,Cereals,Wheat,1482,FAQ,"1,962.00","2,110.00","2,036.00",Rs./Quintal,24-04-2023
Rajasthan,Jaipur,Bassi APMC,Cereals,Wheat,1482,FAQ,"1,950.00","2,155.00","2,052.00",Rs./Quintal,21-04-2023
Rajasthan,Jaipur,Bassi APMC,Cereals,Wheat,1482,FAQ,"1,952.00","2,101.00","2,026.00",Rs./Quintal,20-04-2023
Rajasthan,Jaipur,Bassi APMC,Cereals,Wheat,1482,FAQ,"1,970.00","2,560.00","2,265.00",Rs./Quintal,19-04-2023
Rajasthan,Jaipur,Bassi APMC,Cereals,Wheat,1482,FAQ,"1,940.00","2,550.00","2,245.00",Rs./Quintal,18-04-2023
Rajasthan,Jaipur,Bassi APMC,Cereals,Wheat,1482,FAQ,"1,940.00","2,531.00","2,235.00",Rs./Quintal,14-04-2023
Rajasthan,Jaipur,Bassi APMC,Cereals,Wheat,1482,FAQ,"1,920.00","2,331.00","2,125.00",Rs./Quintal,13-04-2023
Rajasthan,Jaipur,Bassi APMC,Cereals,Wheat,1482,FAQ,"1,900.00","2,790.00","2,345.00",Rs./Quintal,12/4/2023
Rajasthan,Jaipur,Bassi APMC,Cereals,Wheat,1482,FAQ,"1,945.00","2,351.00","2,148.00",Rs./Quintal,11/4/2023
Rajasthan,Jaipur,Bassi APMC,Cereals,Wheat,1482,FAQ,"2,025.00","2,300.00","2,162.00",Rs./Quintal,30-03-2023
Rajasthan,Jaipur,Bassi APMC,Cereals,Wheat,1482,FAQ,"2,000.00","2,400.00","2,200.00",Rs./Quintal,29-03-2023
Rajasthan,Jaipur,Bassi APMC,Cereals,Wheat,1482,FAQ,"1,917.00","2,505.00","2,211.00",Rs./Quintal,28-03-2023
Rajasthan,Jaipur,Bassi APMC,Cereals,Wheat,1482,FAQ,"1,946.00","2,440.00","2,193.00",Rs./Quintal,27-03-2023
Rajasthan,Jaipur,Bassi APMC,Cereals,Wheat,1482,FAQ,"2,075.00","2,338.00","2,206.00",Rs./Quintal,25-03-2023
Rajasthan,Jaipur,Bassi APMC,Cereals,Wheat,1482,FAQ,"4,790.00","5,193.00","4,991.00",Rs./Quintal,24-03-2023
Rajasthan,Jaipur,Bassi APMC,Cereals,Wheat,1482,FAQ,"1,900.00","2,300.00","2,100.00",Rs./Quintal,23-03-2023
Rajasthan,Jaipur,Bassi APMC,Cereals,Wheat,1482,FAQ,"1,964.00","2,321.00","2,142.00",Rs./Quintal,22-03-2023
Rajasthan,Jaipur,Bassi APMC,Cereals,Wheat,1482,FAQ,"2,120.00","2,266.00","2,193.00",Rs./Quintal,18-03-2023
Rajasthan,Jaipur,Bassi APMC,Cereals,Wheat,1482,FAQ,"2,375.00","2,500.00","2,437.00",Rs./Quintal,15-03-2023
Rajasthan,Jaipur,Bassi APMC,Cereals,Wheat,1482,FAQ,"2,281.00","2,521.00","2,401.00",Rs./Quintal,14-03-2023
Rajasthan,Jaipur,Bassi APMC,Cereals,Wheat,1482,FAQ,"2,251.00","2,410.00","2,330.00",Rs./Quintal,13-03-2023
Rajasthan,Jaipur,Bassi APMC,Cereals,Wheat,1482,FAQ,"2,205.00","2,350.00","2,277.00",Rs./Quintal,11/3/2023
Rajasthan,Jaipur,Bassi APMC,Cereals,Wheat,1482,FAQ,"2,300.00","2,513.00","2,406.00",Rs./Quintal,10/3/2023
Rajasthan,Jaipur,Bassi APMC,Cereals,Wheat,1482,FAQ,"2,364.00","2,364.00","2,364.00",Rs./Quintal,9/3/2023
Rajasthan,Jaipur,Bassi APMC,Cereals,Wheat,1482,FAQ,"2,311.00","2,425.00","2,368.00",Rs./Quintal,8/3/2023
Rajasthan,Jaipur,Bassi APMC,Cereals,Wheat,1482,FAQ,"2,470.00","2,490.00","2,480.00",Rs./Quintal,4/3/2023
Rajasthan,Jaipur,Bassi APMC,Cereals,Wheat,1482,FAQ,"2,280.00","2,406.00","2,343.00",Rs./Quintal,3/3/2023
Rajasthan,Jaipur,Bassi APMC,Cereals,Wheat,1482,FAQ,"2,200.00","2,350.00","2,275.00",Rs./Quintal,2/3/2023
Rajasthan,Jaipur,Bassi APMC,Cereals,Wheat,1482,FAQ,"2,250.00","2,431.00","2,340.00",Rs./Quintal,1/3/2023
Rajasthan,Jaipur,Bassi APMC,Cereals,Wheat,1482,FAQ,"2,316.00","2,491.00","2,403.00",Rs./Quintal,28-02-2023
Rajasthan,Jaipur,Bassi APMC,Cereals,Wheat,1482,FAQ,"2,180.00","2,346.00","2,263.00",Rs./Quintal,27-02-2023
Rajasthan,Jaipur,Bassi APMC,Cereals,Wheat,1482,FAQ,"2,260.00","2,374.00","2,317.00",Rs./Quintal,25-02-2023
Rajasthan,Jaipur,Bassi APMC,Cereals,Wheat,1482,FAQ,"2,265.00","2,400.00","2,332.00",Rs./Quintal,24-02-2023
Rajasthan,Jaipur,Bassi APMC,Cereals,Wheat,1482,FAQ,"2,051.00","2,352.00","2,201.00",Rs./Quintal,23-02-2023
Rajasthan,Jaipur,Bassi APMC,Cereals,Wheat,1482,FAQ,"1,970.00","2,350.00","2,160.00",Rs./Quintal,22-02-2023
Rajasthan,Jaipur,Bassi APMC,Cereals,Wheat,1482,FAQ,"2,275.00","2,416.00","2,345.00",Rs./Quintal,21-02-2023
Rajasthan,Jaipur,Bassi APMC,Cereals,Wheat,1482,FAQ,"2,346.00","2,470.00","2,408.00",Rs./Quintal,18-02-2023
Rajasthan,Jaipur,Bassi APMC,Cereals,Wheat,1482,FAQ,"2,350.00","2,460.00","2,405.00",Rs./Quintal,17-02-2023
Rajasthan,Jaipur,Bassi APMC,Cereals,Wheat,1482,FAQ,"2,370.00","2,491.00","2,430.00",Rs./Quintal,16-02-2023
Rajasthan,Jaipur,Bassi APMC,Cereals,Wheat,1482,FAQ,"2,381.00","2,500.00","2,440.00",Rs./Quintal,15-02-2023
Rajasthan,Jaipur,Bassi APMC,Cereals,Wheat,1482,FAQ,"2,460.00","2,589.00","2,524.00",Rs./Quintal,14-02-2023
Rajasthan,Jaipur,Bassi APMC,Cereals,Wheat,1482,FAQ,"2,570.00","2,621.00","2,595.00",Rs./Quintal,13-02-2023
Rajasthan,Jaipur,Bassi APMC,Cereals,Wheat,1482,FAQ,"2,611.00","2,669.00","2,640.00",Rs./Quintal,11/2/2023
Rajasthan,Jaipur,Bassi APMC,Cereals,Wheat,1482,FAQ,"2,619.00","2,760.00","2,689.00",Rs./Quintal,10/2/2023
Rajasthan,Jaipur,Bassi APMC,Cereals,Wheat,1482,FAQ,"2,320.00","2,800.00","2,560.00",Rs./Quintal,9/2/2023
Rajasthan,Jaipur,Bassi APMC,Cereals,Wheat,1482,FAQ,"2,585.00","2,728.00","2,656.00",Rs./Quintal,8/2/2023
Rajasthan,Jaipur,Bassi APMC,Cereals,Wheat,1482,FAQ,"2,375.00","2,674.00","2,524.00",Rs./Quintal,7/2/2023
Rajasthan,Jaipur,Bassi APMC,Cereals,Wheat,1482,FAQ,"2,626.00","2,681.00","2,653.00",Rs./Quintal,6/2/2023
Rajasthan,Jaipur,Bassi APMC,Cereals,Wheat,1482,FAQ,"2,660.00","2,723.00","2,691.00",Rs./Quintal,4/2/2023
Rajasthan,Jaipur,Bassi APMC,Cereals,Wheat,1482,FAQ,"2,660.00","2,723.00","2,691.00",Rs./Quintal,3/2/2023
Rajasthan,Jaipur,Bassi APMC,Cereals,Wheat,1482,FAQ,"2,595.00","2,830.00","2,712.00",Rs./Quintal,2/2/2023
Rajasthan,Jaipur,Bassi APMC,Cereals,Wheat,1482,FAQ,"2,635.00","2,655.00","2,645.00",Rs./Quintal,1/2/2023
Rajasthan,Jaipur,Bassi APMC,Cereals,Wheat,1482,FAQ,"2,200.00","2,574.00","2,387.00",Rs./Quintal,31-01-2023
Rajasthan,Jaipur,Bassi APMC,Cereals,Wheat,1482,FAQ,"2,695.00","2,720.00","2,707.00",Rs./Quintal,30-01-2023
Rajasthan,Jaipur,Bassi APMC,Cereals,Wheat,1482,FAQ,"2,742.00","2,851.00","2,796.00",Rs./Quintal,28-01-2023
Rajasthan,Jaipur,Bassi APMC,Cereals,Wheat,1482,FAQ,"2,800.00","2,885.00","2,842.00",Rs./Quintal,27-01-2023
Rajasthan,Jaipur,Bassi APMC,Cereals,Wheat,1482,FAQ,"2,800.00","2,967.00","2,883.00",Rs./Quintal,25-01-2023
Rajasthan,Jaipur,Bassi APMC,Cereals,Wheat,1482,FAQ,"2,770.00","2,900.00","2,835.00",Rs./Quintal,24-01-2023
Rajasthan,Jaipur,Bassi APMC,Cereals,Wheat,1482,FAQ,"2,762.00","2,900.00","2,831.00",Rs./Quintal,23-01-2023
Rajasthan,Jaipur,Bassi APMC,Cereals,Wheat,1482,FAQ,"2,735.00","2,870.00","2,802.00",Rs./Quintal,21-01-2023
Rajasthan,Jaipur,Bassi APMC,Cereals,Wheat,1482,FAQ,"2,692.00","2,810.00","2,751.00",Rs./Quintal,20-01-2023
Rajasthan,Jaipur,Bassi APMC,Cereals,Wheat,1482,FAQ,"2,601.00","2,730.00","2,665.00",Rs./Quintal,16-01-2023
Rajasthan,Jaipur,Bassi APMC,Cereals,Wheat,1482,FAQ,"2,667.00","2,718.00","2,692.00",Rs./Quintal,13-01-2023
Rajasthan,Jaipur,Bassi APMC,Cereals,Wheat,1482,FAQ,"2,581.00","2,670.00","2,625.00",Rs./Quintal,12/1/2023
Rajasthan,Jaipur,Bassi APMC,Cereals,Wheat,1482,FAQ,"2,536.00","2,700.00","2,618.00",Rs./Quintal,11/1/2023
Rajasthan,Jaipur,Bassi APMC,Cereals,Wheat,1482,FAQ,"2,544.00","2,631.00","2,587.00",Rs./Quintal,10/1/2023
Rajasthan,Jaipur,Bassi APMC,Cereals,Wheat,1482,FAQ,"2,500.00","2,618.00","2,559.00",Rs./Quintal,9/1/2023
Rajasthan,Jaipur,Bassi APMC,Cereals,Wheat,1482,FAQ,"2,621.00","2,679.00","2,650.00",Rs./Quintal,7/1/2023
Rajasthan,Jaipur,Bassi APMC,Cereals,Wheat,1482,FAQ,"2,550.00","2,663.00","2,606.00",Rs./Quintal,6/1/2023
Rajasthan,Jaipur,Bassi APMC,Cereals,Wheat,1482,FAQ,"2,560.00","2,611.00","2,585.00",Rs./Quintal,4/1/2023
Rajasthan,Jaipur,Bassi APMC,Cereals,Wheat,1482,FAQ,"2,562.00","2,676.00","2,619.00",Rs./Quintal,3/1/2023
Rajasthan,Jaipur,Bassi APMC,Cereals,Wheat,1482,FAQ,"2,200.00","2,645.00","2,422.00",Rs./Quintal,2/1/2023
Rajasthan,Jaipur,Bassi APMC,Cereals,Wheat,1482,FAQ,"2,550.00","2,640.00","2,595.00",Rs./Quintal,30-12-2022
Rajasthan,Jaipur,Bassi APMC,Cereals,Wheat,1482,FAQ,"2,514.00","2,660.00","2,587.00",Rs./Quintal,29-12-2022
Rajasthan,Jaipur,Bassi APMC,Cereals,Wheat,1482,FAQ,"2,551.00","2,621.00","2,586.00",Rs./Quintal,28-12-2022
Rajasthan,Jaipur,Bassi APMC,Cereals,Wheat,1482,FAQ,"2,550.00","2,651.00","2,600.00",Rs./Quintal,27-12-2022
Rajasthan,Jaipur,Bassi APMC,Cereals,Wheat,1482,FAQ,"2,558.00","2,613.00","2,585.00",Rs./Quintal,26-12-2022
Rajasthan,Jaipur,Bassi APMC,Cereals,Wheat,1482,FAQ,"2,401.00","2,650.00","2,525.00",Rs./Quintal,24-12-2022
Rajasthan,Jaipur,Bassi APMC,Cereals,Wheat,1482,FAQ,"2,506.00","2,571.00","2,538.00",Rs./Quintal,23-12-2022
Rajasthan,Jaipur,Bassi APMC,Cereals,Wheat,1482,FAQ,"2,524.00","2,582.00","2,553.00",Rs./Quintal,22-12-2022
Rajasthan,Jaipur,Bassi APMC,Cereals,Wheat,1482,FAQ,"2,523.00","2,573.00","2,548.00",Rs./Quintal,21-12-2022
Rajasthan,Jaipur,Bassi APMC,Cereals,Wheat,1482,FAQ,"2,400.00","2,605.00","2,502.00",Rs./Quintal,20-12-2022
Rajasthan,Jaipur,Bassi APMC,Cereals,Wheat,1482,FAQ,"2,450.00","2,450.00","2,450.00",Rs./Quintal,19-12-2022
Rajasthan,Jaipur,Bassi APMC,Cereals,Wheat,1482,FAQ,"2,525.00","2,571.00","2,548.00",Rs./Quintal,17-12-2022
Rajasthan,Jaipur,Bassi APMC,Cereals,Wheat,1482,FAQ,"2,523.00","2,576.00","2,549.00",Rs./Quintal,16-12-2022
Rajasthan,Jaipur,Bassi APMC,Cereals,Wheat,1482,FAQ,"2,479.00","2,630.00","2,554.00",Rs./Quintal,15-12-2022
Rajasthan,Jaipur,Bassi APMC,Cereals,Wheat,1482,FAQ,"2,560.00","2,604.00","2,582.00",Rs./Quintal,14-12-2022
Rajasthan,Jaipur,Bassi APMC,Cereals,Wheat,1482,FAQ,"2,536.00","2,648.00","2,592.00",Rs./Quintal,13-12-2022
Rajasthan,Jaipur,Bassi APMC,Cereals,Wheat,1482,FAQ,"2,000.00","2,652.00","2,326.00",Rs./Quintal,12/12/2022
Rajasthan,Jaipur,Bassi APMC,Cereals,Wheat,1482,FAQ,"2,500.00","2,635.00","2,567.00",Rs./Quintal,10/12/2022
Rajasthan,Jaipur,Bassi APMC,Cereals,Wheat,1482,FAQ,"2,510.00","2,587.00","2,548.00",Rs./Quintal,9/12/2022
Rajasthan,Jaipur,Bassi APMC,Cereals,Wheat,1482,FAQ,"2,473.00","2,543.00","2,508.00",Rs./Quintal,8/12/2022
Rajasthan,Jaipur,Bassi APMC,Cereals,Wheat,1482,FAQ,"2,150.00","2,616.00","2,386.00",Rs./Quintal,7/12/2022
Rajasthan,Jaipur,Bassi APMC,Cereals,Wheat,1482,FAQ,"2,450.00","2,573.00","2,511.00",Rs./Quintal,6/12/2022
Rajasthan,Jaipur,Bassi APMC,Cereals,Wheat,1482,FAQ,"2,470.00","2,572.00","2,521.00",Rs./Quintal,5/12/2022
Rajasthan,Jaipur,Bassi APMC,Cereals,Wheat,1482,FAQ,"2,106.00","2,580.00","2,343.00",Rs./Quintal,3/12/2022
Rajasthan,Jaipur,Bassi APMC,Cereals,Wheat,1482,FAQ,"2,458.00","2,521.00","2,489.00",Rs./Quintal,2/12/2022
Rajasthan,Jaipur,Bassi APMC,Cereals,Wheat,1482,FAQ,"2,424.00","2,520.00","2,472.00",Rs./Quintal,1/12/2022
Rajasthan,Jaipur,Bassi APMC,Cereals,Wheat,1482,FAQ,"2,428.00","2,536.00","2,482.00",Rs./Quintal,30-11-2022
Rajasthan,Jaipur,Bassi APMC,Cereals,Wheat,1482,FAQ,"2,432.00","2,519.00","2,475.00",Rs./Quintal,29-11-2022
Rajasthan,Jaipur,Bassi APMC,Cereals,Wheat,1482,FAQ,"2,461.00","2,575.00","2,518.00",Rs./Quintal,26-11-2022
Rajasthan,Jaipur,Bassi APMC,Cereals,Wheat,1482,FAQ,"2,355.00","2,550.00","2,452.00",Rs./Quintal,25-11-2022
Rajasthan,Jaipur,Bassi APMC,Cereals,Wheat,1482,FAQ,"2,472.00","2,525.00","2,498.00",Rs./Quintal,24-11-2022
Rajasthan,Jaipur,Bassi APMC,Cereals,Wheat,1482,FAQ,"2,300.00","2,601.00","2,450.00",Rs./Quintal,23-11-2022
Rajasthan,Jaipur,Bassi APMC,Cereals,Wheat,1482,FAQ,"2,400.00","2,560.00","2,480.00",Rs./Quintal,21-11-2022
Rajasthan,Jaipur,Bassi APMC,Cereals,Wheat,1482,FAQ,"2,413.00","2,600.00","2,506.00",Rs./Quintal,19-11-2022
Rajasthan,Jaipur,Bassi APMC,Cereals,Wheat,1482,FAQ,"2,425.00","2,581.00","2,503.00",Rs./Quintal,18-11-2022
Rajasthan,Jaipur,Bassi APMC,Cereals,Wheat,1482,FAQ,"2,379.00","2,472.00","2,465.00",Rs./Quintal,17-11-2022
Rajasthan,Jaipur,Bassi APMC,Cereals,Wheat,1482,FAQ,"2,366.00","2,521.00","2,443.00",Rs./Quintal,16-11-2022
Rajasthan,Jaipur,Bassi APMC,Cereals,Wheat,1482,FAQ,"2,405.00","2,541.00","2,473.00",Rs./Quintal,15-11-2022
Rajasthan,Jaipur,Bassi APMC,Cereals,Wheat,1482,FAQ,"2,296.00","2,566.00","2,431.00",Rs./Quintal,14-11-2022
Rajasthan,Jaipur,Bassi APMC,Cereals,Wheat,1482,FAQ,"2,400.00","2,561.00","2,480.00",Rs./Quintal,12/11/2022
Rajasthan,Jaipur,Bassi APMC,Cereals,Wheat,1482,FAQ,"2,300.00","2,542.00","2,421.00",Rs./Quintal,11/11/2022
Rajasthan,Jaipur,Bassi APMC,Cereals,Wheat,1482,FAQ,"2,350.00","2,522.00","2,436.00",Rs./Quintal,10/11/2022
Rajasthan,Jaipur,Bassi APMC,Cereals,Wheat,1482,FAQ,"2,340.00","2,507.00","2,423.00",Rs./Quintal,9/11/2022
Rajasthan,Jaipur,Bassi APMC,Cereals,Wheat,1482,FAQ,"2,100.00","2,526.00","2,313.00",Rs./Quintal,8/11/2022
Rajasthan,Jaipur,Bassi APMC,Cereals,Wheat,1482,FAQ,"2,115.00","2,521.00","2,318.00",Rs./Quintal,7/11/2022
Rajasthan,Jaipur,Chaksu APMC,Cereals,Wheat,Other,FAQ,"2,338.00","2,565.00","2,450.00",Rs./Quintal,6/11/2023
Rajasthan,Jaipur,Chaksu APMC,Cereals,Wheat,Other,FAQ,"2,328.00","2,492.00","2,400.00",Rs./Quintal,4/11/2023
Rajasthan,Jaipur,Chaksu APMC,Cereals,Wheat,Other,FAQ,"2,400.00","2,600.00","2,500.00",Rs./Quintal,3/11/2023
Rajasthan,Jaipur,Chaksu APMC,Cereals,Wheat,Other,FAQ,"2,200.00","2,546.00","2,500.00",Rs./Quintal,2/11/2023
Rajasthan,Jaipur,Chaksu APMC,Cereals,Wheat,Other,FAQ,"2,396.00","2,603.00","2,550.00",Rs./Quintal,31-10-2023
Rajasthan,Jaipur,Chaksu APMC,Cereals,Wheat,Other,FAQ,"2,440.00","2,651.00","2,550.00",Rs./Quintal,30-10-2023
Rajasthan,Jaipur,Chaksu APMC,Cereals,Wheat,Other,FAQ,"2,390.00","2,525.00","2,430.00",Rs./Quintal,28-10-2023
Rajasthan,Jaipur,Chaksu APMC,Cereals,Wheat,Other,FAQ,"2,080.00","2,602.00","2,503.00",Rs./Quintal,27-10-2023
Rajasthan,Jaipur,Chaksu APMC,Cereals,Wheat,Other,FAQ,"2,000.00","2,548.00","2,450.00",Rs./Quintal,25-10-2023
Rajasthan,Jaipur,Chaksu APMC,Cereals,Wheat,Other,FAQ,"2,400.00","2,490.00","2,450.00",Rs./Quintal,21-10-2023
Rajasthan,Jaipur,Chaksu APMC,Cereals,Wheat,Other,FAQ,"2,450.00","2,466.00","2,456.00",Rs./Quintal,20-10-2023
Rajasthan,Jaipur,Chaksu APMC,Cereals,Wheat,Other,FAQ,"2,375.00","2,475.00","2,450.00",Rs./Quintal,19-10-2023
Rajasthan,Jaipur,Chaksu APMC,Cereals,Wheat,Other,FAQ,"2,380.00","2,460.00","2,400.00",Rs./Quintal,18-10-2023
Rajasthan,Jaipur,Chaksu APMC,Cereals,Wheat,Other,FAQ,"2,342.00","2,470.00","2,350.00",Rs./Quintal,17-10-2023
Rajasthan,Jaipur,Chaksu APMC,Cereals,Wheat,Other,FAQ,"2,200.00","2,370.00","2,350.00",Rs./Quintal,16-10-2023
Rajasthan,Jaipur,Chaksu APMC,Cereals,Wheat,Other,FAQ,"2,300.00","2,418.00","2,350.00",Rs./Quintal,14-10-2023
Rajasthan,Jaipur,Chaksu APMC,Cereals,Wheat,Other,FAQ,"2,250.00","2,380.00","2,350.00",Rs./Quintal,13-10-2023
Rajasthan,Jaipur,Chaksu APMC,Cereals,Wheat,Other,FAQ,"2,350.00","2,400.00","2,375.00",Rs./Quintal,12/10/2023
Rajasthan,Jaipur,Chaksu APMC,Cereals,Wheat,Other,FAQ,"2,300.00","2,375.00","2,350.00",Rs./Quintal,11/10/2023
Rajasthan,Jaipur,Chaksu APMC,Cereals,Wheat,Other,FAQ,"2,150.00","2,446.00","2,350.00",Rs./Quintal,7/10/2023
Rajasthan,Jaipur,Chaksu APMC,Cereals,Wheat,Other,FAQ,"2,300.00","3,368.00","2,350.00",Rs./Quintal,6/10/2023
Rajasthan,Jaipur,Chaksu APMC,Cereals,Wheat,Other,FAQ,"2,290.00","2,458.00","2,350.00",Rs./Quintal,5/10/2023
Rajasthan,Jaipur,Chaksu APMC,Cereals,Wheat,Other,FAQ,"2,300.00","2,401.00","2,355.00",Rs./Quintal,4/10/2023
Rajasthan,Jaipur,Chaksu APMC,Cereals,Wheat,Other,FAQ,"2,100.00","2,367.00","2,341.00",Rs./Quintal,3/10/2023
Rajasthan,Jaipur,Chaksu APMC,Cereals,Wheat,Other,FAQ,"2,284.00","2,480.00","2,300.00",Rs./Quintal,2/10/2023
Rajasthan,Jaipur,Chaksu APMC,Cereals,Wheat,Other,FAQ,"2,300.00","2,438.00","2,350.00",Rs./Quintal,30-09-2023
Rajasthan,Jaipur,Chaksu APMC,Cereals,Wheat,Other,FAQ,"2,335.00","2,401.00","2,375.00",Rs./Quintal,29-09-2023
Rajasthan,Jaipur,Chaksu APMC,Cereals,Wheat,Other,FAQ,"2,335.00","2,401.00","2,375.00",Rs./Quintal,28-09-2023
Rajasthan,Jaipur,Chaksu APMC,Cereals,Wheat,Other,FAQ,"2,125.00","2,446.00","2,371.00",Rs./Quintal,27-09-2023
Rajasthan,Jaipur,Chaksu APMC,Cereals,Wheat,Other,FAQ,"2,300.00","2,430.00","2,375.00",Rs./Quintal,26-09-2023
Rajasthan,Jaipur,Chaksu APMC,Cereals,Wheat,Other,FAQ,"2,100.00","2,455.00","2,400.00",Rs./Quintal,25-09-2023
Rajasthan,Jaipur,Chaksu APMC,Cereals,Wheat,Other,FAQ,"2,344.00","2,393.00","2,351.00",Rs./Quintal,23-09-2023
Rajasthan,Jaipur,Chaksu APMC,Cereals,Wheat,Other,FAQ,"2,330.00","2,425.00","2,350.00",Rs./Quintal,22-09-2023
Rajasthan,Jaipur,Chaksu APMC,Cereals,Wheat,Other,FAQ,"2,375.00","2,430.00","2,380.00",Rs./Quintal,21-09-2023
Rajasthan,Jaipur,Chaksu APMC,Cereals,Wheat,Other,FAQ,"2,341.00","2,438.00","2,352.00",Rs./Quintal,20-09-2023
Rajasthan,Jaipur,Chaksu APMC,Cereals,Wheat,Other,FAQ,"2,300.00","2,321.00","2,300.00",Rs./Quintal,18-09-2023
Rajasthan,Jaipur,Chaksu APMC,Cereals,Wheat,Other,FAQ,"2,321.00","2,381.00","2,365.00",Rs./Quintal,16-09-2023
Rajasthan,Jaipur,Chaksu APMC,Cereals,Wheat,Other,FAQ,"2,359.00","2,526.00","2,363.00",Rs./Quintal,15-09-2023
Rajasthan,Jaipur,Chaksu APMC,Cereals,Wheat,Other,FAQ,"2,330.00","2,364.00","2,339.00",Rs./Quintal,14-09-2023
Rajasthan,Jaipur,Chaksu APMC,Cereals,Wheat,Other,FAQ,"2,250.00","2,359.00","2,300.00",Rs./Quintal,12/9/2023
Rajasthan,Jaipur,Chaksu APMC,Cereals,Wheat,Other,FAQ,"2,315.00","2,350.00","2,342.00",Rs./Quintal,11/9/2023
Rajasthan,Jaipur,Chaksu APMC,Cereals,Wheat,Other,FAQ,"2,300.00","2,352.00","2,325.00",Rs./Quintal,9/9/2023
Rajasthan,Jaipur,Chaksu APMC,Cereals,Wheat,Other,FAQ,"2,250.00","2,300.00","2,270.00",Rs./Quintal,5/9/2023
Rajasthan,Jaipur,Chaksu APMC,Cereals,Wheat,Other,FAQ,"2,100.00","2,370.00","2,261.00",Rs./Quintal,4/9/2023
Rajasthan,Jaipur,Chaksu APMC,Cereals,Wheat,Other,FAQ,"2,251.00","2,346.00","2,266.00",Rs./Quintal,2/9/2023
Rajasthan,Jaipur,Chaksu APMC,Cereals,Wheat,Other,FAQ,"2,150.00","2,551.00","2,254.00",Rs./Quintal,1/9/2023
Rajasthan,Jaipur,Chaksu APMC,Cereals,Wheat,Other,FAQ,"2,250.00","2,361.00","2,260.00",Rs./Quintal,31-08-2023
Rajasthan,Jaipur,Chaksu APMC,Cereals,Wheat,Other,FAQ,"2,218.00","2,356.00","2,266.00",Rs./Quintal,28-08-2023
Rajasthan,Jaipur,Chaksu APMC,Cereals,Wheat,Other,FAQ,"2,211.00","2,293.00","2,250.00",Rs./Quintal,26-08-2023
Rajasthan,Jaipur,Chaksu APMC,Cereals,Wheat,Other,FAQ,"2,250.00","2,340.00","2,256.00",Rs./Quintal,25-08-2023
Rajasthan,Jaipur,Chaksu APMC,Cereals,Wheat,Other,FAQ,"2,250.00","2,321.00","2,262.00",Rs./Quintal,24-08-2023
Rajasthan,Jaipur,Chaksu APMC,Cereals,Wheat,Other,FAQ,"2,245.00","2,297.00","2,260.00",Rs./Quintal,23-08-2023
Rajasthan,Jaipur,Chaksu APMC,Cereals,Wheat,Other,FAQ,"2,215.00","2,268.00","2,262.00",Rs./Quintal,22-08-2023
Rajasthan,Jaipur,Chaksu APMC,Cereals,Wheat,Other,FAQ,"2,260.00","2,295.00","2,275.00",Rs./Quintal,19-08-2023
Rajasthan,Jaipur,Chaksu APMC,Cereals,Wheat,Other,FAQ,"2,250.00","2,276.00","2,260.00",Rs./Quintal,18-08-2023
Rajasthan,Jaipur,Chaksu APMC,Cereals,Wheat,Other,FAQ,"2,155.00","2,310.00","2,266.00",Rs./Quintal,17-08-2023
Rajasthan,Jaipur,Chaksu APMC,Cereals,Wheat,Other,FAQ,"2,200.00","2,330.00","2,260.00",Rs./Quintal,12/8/2023
Rajasthan,Jaipur,Chaksu APMC,Cereals,Wheat,Other,FAQ,"2,245.00","2,280.00","2,260.00",Rs./Quintal,11/8/2023
Rajasthan,Jaipur,Chaksu APMC,Cereals,Wheat,Other,FAQ,"2,180.00","2,286.00","2,264.00",Rs./Quintal,10/8/2023
Rajasthan,Jaipur,Chaksu APMC,Cereals,Wheat,Other,FAQ,"2,230.00","2,411.00","2,271.00",Rs./Quintal,9/8/2023
Rajasthan,Jaipur,Chaksu APMC,Cereals,Wheat,Other,FAQ,"2,225.00","2,315.00","2,270.00",Rs./Quintal,8/8/2023
Rajasthan,Jaipur,Chaksu APMC,Cereals,Wheat,Other,FAQ,"2,240.00","2,370.00","2,300.00",Rs./Quintal,7/8/2023
Rajasthan,Jaipur,Chaksu APMC,Cereals,Wheat,Other,FAQ,"2,321.00","2,400.00","2,350.00",Rs./Quintal,5/8/2023
Rajasthan,Jaipur,Chaksu APMC,Cereals,Wheat,Other,FAQ,"2,325.00","2,371.00","2,351.00",Rs./Quintal,3/8/2023
Rajasthan,Jaipur,Chaksu APMC,Cereals,Wheat,Other,FAQ,"2,200.00","2,301.00","2,300.00",Rs./Quintal,2/8/2023
Rajasthan,Jaipur,Chaksu APMC,Cereals,Wheat,Other,FAQ,"2,240.00","2,352.00","2,250.00",Rs./Quintal,1/8/2023
Rajasthan,Jaipur,Chaksu APMC,Cereals,Wheat,Other,FAQ,"2,140.00","2,301.00","2,200.00",Rs./Quintal,31-07-2023
Rajasthan,Jaipur,Chaksu APMC,Cereals,Wheat,Other,FAQ,"2,215.00","2,231.00","2,215.00",Rs./Quintal,29-07-2023
Rajasthan,Jaipur,Chaksu APMC,Cereals,Wheat,Other,FAQ,"2,200.00","2,255.00","2,220.00",Rs./Quintal,28-07-2023
Rajasthan,Jaipur,Chaksu APMC,Cereals,Wheat,Other,FAQ,"2,140.00","2,256.00","2,250.00",Rs./Quintal,27-07-2023
Rajasthan,Jaipur,Chaksu APMC,Cereals,Wheat,Other,FAQ,"1,850.00","2,264.00","2,200.00",Rs./Quintal,26-07-2023
Rajasthan,Jaipur,Chaksu APMC,Cereals,Wheat,Other,FAQ,"2,150.00","2,201.00","2,164.00",Rs./Quintal,25-07-2023
Rajasthan,Jaipur,Chaksu APMC,Cereals,Wheat,Other,FAQ,"2,135.00","2,225.00","2,170.00",Rs./Quintal,24-07-2023
Rajasthan,Jaipur,Chaksu APMC,Cereals,Wheat,Other,FAQ,"2,061.00","2,200.00","2,160.00",Rs./Quintal,22-07-2023
Rajasthan,Jaipur,Chaksu APMC,Cereals,Wheat,Other,FAQ,"2,140.00","2,209.00","2,160.00",Rs./Quintal,21-07-2023
Rajasthan,Jaipur,Chaksu APMC,Cereals,Wheat,Other,FAQ,"1,950.00","2,200.00","2,168.00",Rs./Quintal,19-07-2023
Rajasthan,Jaipur,Chaksu APMC,Cereals,Wheat,Other,FAQ,"2,160.00","2,183.00","2,166.00",Rs./Quintal,18-07-2023
Rajasthan,Jaipur,Chaksu APMC,Cereals,Wheat,Other,FAQ,"2,130.00","2,200.00","2,180.00",Rs./Quintal,17-07-2023
Rajasthan,Jaipur,Chaksu APMC,Cereals,Wheat,Other,FAQ,"2,000.00","2,179.00","2,168.00",Rs./Quintal,15-07-2023
Rajasthan,Jaipur,Chaksu APMC,Cereals,Wheat,Other,FAQ,"2,100.00","2,251.00","2,160.00",Rs./Quintal,14-07-2023
Rajasthan,Jaipur,Chaksu APMC,Cereals,Wheat,Other,FAQ,"2,106.00","2,250.00","2,150.00",Rs./Quintal,12/7/2023
Rajasthan,Jaipur,Chaksu APMC,Cereals,Wheat,Other,FAQ,"2,111.00","2,190.00","2,165.00",Rs./Quintal,11/7/2023
Rajasthan,Jaipur,Chaksu APMC,Cereals,Wheat,Other,FAQ,"2,100.00","2,181.00","2,136.00",Rs./Quintal,10/7/2023
Rajasthan,Jaipur,Chaksu APMC,Cereals,Wheat,Other,FAQ,"2,127.00","2,135.00","2,130.00",Rs./Quintal,8/7/2023
Rajasthan,Jaipur,Chaksu APMC,Cereals,Wheat,Other,FAQ,"2,126.00","2,165.00","2,141.00",Rs./Quintal,7/7/2023
Rajasthan,Jaipur,Chaksu APMC,Cereals,Wheat,Other,FAQ,"2,085.00","2,212.00","2,180.00",Rs./Quintal,6/7/2023
Rajasthan,Jaipur,Chaksu APMC,Cereals,Wheat,Other,FAQ,"2,045.00","2,181.00","2,152.00",Rs./Quintal,5/7/2023
Rajasthan,Jaipur,Chaksu APMC,Cereals,Wheat,Other,FAQ,"2,140.00","2,200.00","2,158.00",Rs./Quintal,4/7/2023
Rajasthan,Jaipur,Chaksu APMC,Cereals,Wheat,Other,FAQ,"1,930.00","2,251.00","2,150.00",Rs./Quintal,3/7/2023
Rajasthan,Jaipur,Chaksu APMC,Cereals,Wheat,Other,FAQ,"2,131.00","2,251.00","2,165.00",Rs./Quintal,1/7/2023
Rajasthan,Jaipur,Chaksu APMC,Cereals,Wheat,Other,FAQ,"2,100.00","2,190.00","2,159.00",Rs./Quintal,30-06-2023
Rajasthan,Jaipur,Chaksu APMC,Cereals,Wheat,Other,FAQ,"2,140.00","2,200.00","2,158.00",Rs./Quintal,29-06-2023
Rajasthan,Jaipur,Chaksu APMC,Cereals,Wheat,Other,FAQ,"1,751.00","2,223.00","2,150.00",Rs./Quintal,28-06-2023
Rajasthan,Jaipur,Chaksu APMC,Cereals,Wheat,Other,FAQ,"2,122.00","2,146.00","2,128.00",Rs./Quintal,27-06-2023
Rajasthan,Jaipur,Chaksu APMC,Cereals,Wheat,Other,FAQ,"2,100.00","2,200.00","2,121.00",Rs./Quintal,26-06-2023
Rajasthan,Jaipur,Chaksu APMC,Cereals,Wheat,Other,FAQ,"2,131.00","2,261.00","2,148.00",Rs./Quintal,24-06-2023
Rajasthan,Jaipur,Chaksu APMC,Cereals,Wheat,Other,FAQ,"2,051.00","2,210.00","2,165.00",Rs./Quintal,23-06-2023
Rajasthan,Jaipur,Chaksu APMC,Cereals,Wheat,Other,FAQ,"2,100.00","2,231.00","2,143.00",Rs./Quintal,22-06-2023
Rajasthan,Jaipur,Chaksu APMC,Cereals,Wheat,Other,FAQ,"2,000.00","2,189.00","2,100.00",Rs./Quintal,20-06-2023
Rajasthan,Jaipur,Chaksu APMC,Cereals,Wheat,Other,FAQ,"2,105.00","2,105.00","2,105.00",Rs./Quintal,19-06-2023
Rajasthan,Jaipur,Chaksu APMC,Cereals,Wheat,Other,FAQ,"2,021.00","2,125.00","2,100.00",Rs./Quintal,16-06-2023
Rajasthan,Jaipur,Chaksu APMC,Cereals,Wheat,Other,FAQ,"1,900.00","2,185.00","2,100.00",Rs./Quintal,15-06-2023
Rajasthan,Jaipur,Chaksu APMC,Cereals,Wheat,Other,FAQ,"2,031.00","2,180.00","2,050.00",Rs./Quintal,14-06-2023
Rajasthan,Jaipur,Chaksu APMC,Cereals,Wheat,Other,FAQ,"2,000.00","2,111.00","2,100.00",Rs./Quintal,13-06-2023
Rajasthan,Jaipur,Chaksu APMC,Cereals,Wheat,Other,FAQ,"2,070.00","2,150.00","2,100.00",Rs./Quintal,10/6/2023
Rajasthan,Jaipur,Chaksu APMC,Cereals,Wheat,Other,FAQ,"2,135.00","2,200.00","2,185.00",Rs./Quintal,7/6/2023
Rajasthan,Jaipur,Chaksu APMC,Cereals,Wheat,Other,FAQ,"2,100.00","2,232.00","2,175.00",Rs./Quintal,6/6/2023
Rajasthan,Jaipur,Chaksu APMC,Cereals,Wheat,Other,FAQ,"2,150.00","2,300.00","2,175.00",Rs./Quintal,14-03-2023
Rajasthan,Jaipur,Chaksu APMC,Cereals,Wheat,Other,FAQ,"2,200.00","2,251.00","2,200.00",Rs./Quintal,13-03-2023
Rajasthan,Jaipur,Chaksu APMC,Cereals,Wheat,Other,FAQ,"2,200.00","2,251.00","2,200.00",Rs./Quintal,11/3/2023
Rajasthan,Jaipur,Chaksu APMC,Cereals,Wheat,Other,FAQ,"2,121.00","2,228.00","2,200.00",Rs./Quintal,10/3/2023
Rajasthan,Jaipur,Chaksu APMC,Cereals,Wheat,Other,FAQ,"2,175.00","2,281.00","2,200.00",Rs./Quintal,8/3/2023
Rajasthan,Jaipur,Chaksu APMC,Cereals,Wheat,Other,FAQ,"2,255.00","2,331.00","2,300.00",Rs./Quintal,15-02-2023
Rajasthan,Jaipur,Chaksu APMC,Cereals,Wheat,Other,FAQ,"2,261.00","2,707.00","2,330.00",Rs./Quintal,14-02-2023
Rajasthan,Jaipur,Chaksu APMC,Cereals,Wheat,Other,FAQ,"2,308.00","2,400.00","2,360.00",Rs./Quintal,13-02-2023
Rajasthan,Jaipur,Chaksu APMC,Cereals,Wheat,Other,FAQ,"2,456.00","2,612.00","2,500.00",Rs./Quintal,11/2/2023
Rajasthan,Jaipur,Chaksu APMC,Cereals,Wheat,Other,FAQ,"2,325.00","2,686.00","2,520.00",Rs./Quintal,10/2/2023
Rajasthan,Jaipur,Chaksu APMC,Cereals,Wheat,Other,FAQ,"2,500.00","2,744.00","2,681.00",Rs./Quintal,8/2/2023
Rajasthan,Jaipur,Chaksu APMC,Cereals,Wheat,Other,FAQ,"2,000.00","2,750.00","2,700.00",Rs./Quintal,7/2/2023
Rajasthan,Jaipur,Chaksu APMC,Cereals,Wheat,Other,FAQ,"2,528.00","2,790.00","2,650.00",Rs./Quintal,6/2/2023
Rajasthan,Jaipur,Chaksu APMC,Cereals,Wheat,Other,FAQ,"2,560.00","2,740.00","2,600.00",Rs./Quintal,4/2/2023
Rajasthan,Jaipur,Chaksu APMC,Cereals,Wheat,Other,FAQ,"2,550.00","2,725.00","2,600.00",Rs./Quintal,3/2/2023
Rajasthan,Jaipur,Chaksu APMC,Cereals,Wheat,Other,FAQ,"2,580.00","2,731.00","2,632.00",Rs./Quintal,28-01-2023
Rajasthan,Jaipur,Chaksu APMC,Cereals,Wheat,Other,FAQ,"2,632.00","2,718.00","2,660.00",Rs./Quintal,27-01-2023
Rajasthan,Jaipur,Chaksu APMC,Cereals,Wheat,Other,FAQ,"2,804.00","2,835.00","2,804.00",Rs./Quintal,25-01-2023
Rajasthan,Jaipur,Chaksu APMC,Cereals,Wheat,Other,FAQ,"2,651.00","2,824.00","2,775.00",Rs./Quintal,23-01-2023
Rajasthan,Jaipur,Chaksu APMC,Cereals,Wheat,Other,FAQ,"2,500.00","2,721.00","2,600.00",Rs./Quintal,10/1/2023
Rajasthan,Jaipur,Chaksu APMC,Cereals,Wheat,Other,FAQ,"2,571.00","2,675.00","2,640.00",Rs./Quintal,9/1/2023
Rajasthan,Jaipur,Chaksu APMC,Cereals,Wheat,Other,FAQ,"2,575.00","2,614.00","2,600.00",Rs./Quintal,7/1/2023
Rajasthan,Jaipur,Chaksu APMC,Cereals,Wheat,Other,FAQ,"2,600.00","2,690.00","2,614.00",Rs./Quintal,6/1/2023
Rajasthan,Jaipur,Chaksu APMC,Cereals,Wheat,Other,FAQ,"2,606.00","2,700.00","2,624.00",Rs./Quintal,5/1/2023
Rajasthan,Jaipur,Chaksu APMC,Cereals,Wheat,Other,FAQ,"2,500.00","2,712.00","2,680.00",Rs./Quintal,4/1/2023
Rajasthan,Jaipur,Chaksu APMC,Cereals,Wheat,Other,FAQ,"2,588.00","2,651.00","2,600.00",Rs./Quintal,3/1/2023
Rajasthan,Jaipur,Chaksu APMC,Cereals,Wheat,Other,FAQ,"2,400.00","2,651.00","2,570.00",Rs./Quintal,2/1/2023
Rajasthan,Jaipur,Chaksu APMC,Cereals,Wheat,Other,FAQ,"2,556.00","2,650.00","2,600.00",Rs./Quintal,31-12-2022
Rajasthan,Jaipur,Chaksu APMC,Cereals,Wheat,Other,FAQ,"2,541.00","2,640.00","2,560.00",Rs./Quintal,30-12-2022
Rajasthan,Jaipur,Chaksu APMC,Cereals,Wheat,Other,FAQ,"2,521.00","2,651.00","2,525.00",Rs./Quintal,29-12-2022
Rajasthan,Jaipur,Chaksu APMC,Cereals,Wheat,Other,FAQ,"2,560.00","2,632.00","2,570.00",Rs./Quintal,28-12-2022
Rajasthan,Jaipur,Chaksu APMC,Cereals,Wheat,Other,FAQ,"2,500.00","2,656.00","2,600.00",Rs./Quintal,27-12-2022
Rajasthan,Jaipur,Chaksu APMC,Cereals,Wheat,Other,FAQ,"2,200.00","2,625.00","2,550.00",Rs./Quintal,24-12-2022
Rajasthan,Jaipur,Chaksu APMC,Cereals,Wheat,Other,FAQ,"2,475.00","2,590.00","2,555.00",Rs./Quintal,23-12-2022
Rajasthan,Jaipur,Chaksu APMC,Cereals,Wheat,Other,FAQ,"2,511.00","2,551.00","2,540.00",Rs./Quintal,21-12-2022
Rajasthan,Jaipur,Chaksu APMC,Cereals,Wheat,Other,FAQ,"2,538.00","2,558.00","2,550.00",Rs./Quintal,20-12-2022
Rajasthan,Jaipur,Chaksu APMC,Cereals,Wheat,Other,FAQ,"2,487.00","2,550.00","2,540.00",Rs./Quintal,19-12-2022
Rajasthan,Jaipur,Chaksu APMC,Cereals,Wheat,Other,FAQ,"2,511.00","2,575.00","2,550.00",Rs./Quintal,17-12-2022
Rajasthan,Jaipur,Chaksu APMC,Cereals,Wheat,Other,FAQ,"2,482.00","2,562.00","2,500.00",Rs./Quintal,16-12-2022
Rajasthan,Jaipur,Chaksu APMC,Cereals,Wheat,Other,FAQ,"2,480.00","2,550.00","2,500.00",Rs./Quintal,15-12-2022
Rajasthan,Jaipur,Chaksu APMC,Cereals,Wheat,Other,FAQ,"2,521.00","2,550.00","2,541.00",Rs./Quintal,14-12-2022
Rajasthan,Jaipur,Chaksu APMC,Cereals,Wheat,Other,FAQ,"2,200.00","2,775.00","2,500.00",Rs./Quintal,13-12-2022
Rajasthan,Jaipur,Chaksu APMC,Cereals,Wheat,Other,FAQ,"2,405.00","2,601.00","2,550.00",Rs./Quintal,12/12/2022
Rajasthan,Jaipur,Chaksu APMC,Cereals,Wheat,Other,FAQ,"2,375.00","2,630.00","2,577.00",Rs./Quintal,9/12/2022
Rajasthan,Jaipur,Chaksu APMC,Cereals,Wheat,Other,FAQ,"2,548.00","2,573.00","2,570.00",Rs./Quintal,8/12/2022
Rajasthan,Jaipur,Chaksu APMC,Cereals,Wheat,Other,FAQ,"2,424.00","2,530.00","2,500.00",Rs./Quintal,7/12/2022
Rajasthan,Jaipur,Chaksu APMC,Cereals,Wheat,Other,FAQ,"2,505.00","2,551.00","2,530.00",Rs./Quintal,6/12/2022
Rajasthan,Jaipur,Chaksu APMC,Cereals,Wheat,Other,FAQ,"2,475.00","2,556.00","2,500.00",Rs./Quintal,5/12/2022
Rajasthan,Jaipur,Chaksu APMC,Cereals,Wheat,Other,FAQ,"2,440.00","2,501.00","2,484.00",Rs./Quintal,3/12/2022
Rajasthan,Jaipur,Chaksu APMC,Cereals,Wheat,Other,FAQ,"2,400.00","2,530.00","2,485.00",Rs./Quintal,2/12/2022
Rajasthan,Jaipur,Chaksu APMC,Cereals,Wheat,Other,FAQ,"2,400.00","2,530.00","2,472.00",Rs./Quintal,1/12/2022
Rajasthan,Jaipur,Chaksu APMC,Cereals,Wheat,Other,FAQ,"2,400.00","2,530.00","2,480.00",Rs./Quintal,29-11-2022
Rajasthan,Jaipur,Chaksu APMC,Cereals,Wheat,Other,FAQ,"2,200.00","2,505.00","2,480.00",Rs./Quintal,28-11-2022
Rajasthan,Jaipur,Chaksu APMC,Cereals,Wheat,Other,FAQ,"2,400.00","2,521.00","2,450.00",Rs./Quintal,26-11-2022
Rajasthan,Jaipur,Chaksu APMC,Cereals,Wheat,Other,FAQ,"2,350.00","2,521.00","2,505.00",Rs./Quintal,25-11-2022
Rajasthan,Jaipur,Chaksu APMC,Cereals,Wheat,Other,FAQ,"2,350.00","2,551.00","2,500.00",Rs./Quintal,24-11-2022
Rajasthan,Jaipur,Chaksu APMC,Cereals,Wheat,Other,FAQ,"2,078.00","2,510.00","2,490.00",Rs./Quintal,23-11-2022
Rajasthan,Jaipur,Chomu Grain APMC,Cereals,Wheat,Other,FAQ,"2,440.00","2,440.00","2,440.00",Rs./Quintal,6/11/2023
Rajasthan,Jaipur,Chomu Grain APMC,Cereals,Wheat,Other,FAQ,"2,200.00","2,200.00","2,200.00",Rs./Quintal,4/11/2023
Rajasthan,Jaipur,Chomu Grain APMC,Cereals,Wheat,Other,FAQ,"2,590.00","2,590.00","2,590.00",Rs./Quintal,31-10-2023
Rajasthan,Jaipur,Chomu Grain APMC,Cereals,Wheat,Other,FAQ,"2,350.00","2,350.00","2,350.00",Rs./Quintal,25-10-2023
Rajasthan,Jaipur,Chomu Grain APMC,Cereals,Wheat,Other,FAQ,"2,550.00","2,550.00","2,550.00",Rs./Quintal,24-10-2023
Rajasthan,Jaipur,Chomu Grain APMC,Cereals,Wheat,Other,FAQ,"2,300.00","2,300.00","2,300.00",Rs./Quintal,18-10-2023
Rajasthan,Jaipur,Chomu Grain APMC,Cereals,Wheat,Other,FAQ,"2,488.00","2,488.00","2,488.00",Rs./Quintal,17-10-2023
Rajasthan,Jaipur,Chomu Grain APMC,Cereals,Wheat,Other,FAQ,"2,390.00","2,420.00","2,400.00",Rs./Quintal,10/10/2023
Rajasthan,Jaipur,Chomu Grain APMC,Cereals,Wheat,Other,FAQ,"2,400.00","2,400.00","2,400.00",Rs./Quintal,7/10/2023
Rajasthan,Jaipur,Chomu Grain APMC,Cereals,Wheat,Other,FAQ,"2,400.00","2,400.00","2,400.00",Rs./Quintal,4/10/2023
Rajasthan,Jaipur,Chomu Grain APMC,Cereals,Wheat,Other,FAQ,"2,200.00","2,200.00","2,200.00",Rs./Quintal,3/10/2023
Rajasthan,Jaipur,Chomu Grain APMC,Cereals,Wheat,Other,FAQ,"2,345.00","2,345.00","2,345.00",Rs./Quintal,2/10/2023
Rajasthan,Jaipur,Chomu Grain APMC,Cereals,Wheat,Other,FAQ,"2,400.00","2,400.00","2,400.00",Rs./Quintal,20-09-2023
Rajasthan,Jaipur,Chomu Grain APMC,Cereals,Wheat,Other,FAQ,"2,411.00","2,426.00","2,420.00",Rs./Quintal,16-09-2023
Rajasthan,Jaipur,Chomu Grain APMC,Cereals,Wheat,Other,FAQ,"2,410.00","2,410.00","2,410.00",Rs./Quintal,14-09-2023
Rajasthan,Jaipur,Chomu Grain APMC,Cereals,Wheat,Other,FAQ,"2,320.00","2,345.00","2,330.00",Rs./Quintal,12/9/2023
Rajasthan,Jaipur,Chomu Grain APMC,Cereals,Wheat,Other,FAQ,"2,440.00","2,440.00","2,440.00",Rs./Quintal,11/9/2023
Rajasthan,Jaipur,Chomu Grain APMC,Cereals,Wheat,Other,FAQ,"2,390.00","2,390.00","2,390.00",Rs./Quintal,9/9/2023
Rajasthan,Jaipur,Chomu Grain APMC,Cereals,Wheat,Other,FAQ,"2,400.00","2,400.00","2,400.00",Rs./Quintal,7/9/2023
Rajasthan,Jaipur,Chomu Grain APMC,Cereals,Wheat,Other,FAQ,"2,300.00","2,338.00","2,320.00",Rs./Quintal,25-08-2023
Rajasthan,Jaipur,Chomu Grain APMC,Cereals,Wheat,Other,FAQ,"2,358.00","2,358.00","2,358.00",Rs./Quintal,19-08-2023
Rajasthan,Jaipur,Chomu Grain APMC,Cereals,Wheat,Other,FAQ,"2,300.00","2,300.00","2,300.00",Rs./Quintal,18-08-2023
Rajasthan,Jaipur,Chomu Grain APMC,Cereals,Wheat,Other,FAQ,"2,371.00","2,371.00","2,371.00",Rs./Quintal,17-08-2023
Rajasthan,Jaipur,Chomu Grain APMC,Cereals,Wheat,Other,FAQ,"2,300.00","2,300.00","2,300.00",Rs./Quintal,16-08-2023
Rajasthan,Jaipur,Chomu Grain APMC,Cereals,Wheat,Other,FAQ,"2,300.00","2,300.00","2,300.00",Rs./Quintal,14-08-2023
Rajasthan,Jaipur,Chomu Grain APMC,Cereals,Wheat,Other,FAQ,"2,370.00","2,370.00","2,370.00",Rs./Quintal,12/8/2023
Rajasthan,Jaipur,Chomu Grain APMC,Cereals,Wheat,Other,FAQ,"2,355.00","2,385.00","2,370.00",Rs./Quintal,10/8/2023
Rajasthan,Jaipur,Chomu Grain APMC,Cereals,Wheat,Other,FAQ,"2,400.00","2,400.00","2,400.00",Rs./Quintal,9/8/2023
Rajasthan,Jaipur,Chomu Grain APMC,Cereals,Wheat,Other,FAQ,"2,360.00","2,475.00","2,400.00",Rs./Quintal,8/8/2023
Rajasthan,Jaipur,Chomu Grain APMC,Cereals,Wheat,Other,FAQ,"2,361.00","2,390.00","2,380.00",Rs./Quintal,3/8/2023
Rajasthan,Jaipur,Chomu Grain APMC,Cereals,Wheat,Other,FAQ,"2,381.00","2,381.00","2,381.00",Rs./Quintal,2/8/2023
Rajasthan,Jaipur,Chomu Grain APMC,Cereals,Wheat,Other,FAQ,"2,271.00","2,295.00","2,280.00",Rs./Quintal,28-07-2023
Rajasthan,Jaipur,Chomu Grain APMC,Cereals,Wheat,Other,FAQ,"2,270.00","2,270.00","2,270.00",Rs./Quintal,27-07-2023
Rajasthan,Jaipur,Chomu Grain APMC,Cereals,Wheat,Other,FAQ,"2,215.00","2,250.00","2,240.00",Rs./Quintal,26-07-2023
Rajasthan,Jaipur,Chomu Grain APMC,Cereals,Wheat,Other,FAQ,"2,211.00","2,260.00","2,240.00",Rs./Quintal,24-07-2023
Rajasthan,Jaipur,Chomu Grain APMC,Cereals,Wheat,Other,FAQ,"2,205.00","2,250.00","2,240.00",Rs./Quintal,18-07-2023
Rajasthan,Jaipur,Chomu Grain APMC,Cereals,Wheat,Other,FAQ,"2,201.00","2,201.00","2,201.00",Rs./Quintal,12/7/2023
Rajasthan,Jaipur,Chomu Grain APMC,Cereals,Wheat,Other,FAQ,"2,185.00","2,185.00","2,185.00",Rs./Quintal,11/7/2023
Rajasthan,Jaipur,Chomu Grain APMC,Cereals,Wheat,Other,FAQ,"2,230.00","2,230.00","2,230.00",Rs./Quintal,4/7/2023
Rajasthan,Jaipur,Chomu Grain APMC,Cereals,Wheat,Other,FAQ,"2,210.00","2,210.00","2,210.00",Rs./Quintal,3/7/2023
Rajasthan,Jaipur,Chomu Grain APMC,Cereals,Wheat,Other,FAQ,"2,215.00","2,215.00","2,215.00",Rs./Quintal,29-06-2023
Rajasthan,Jaipur,Chomu Grain APMC,Cereals,Wheat,Other,FAQ,"2,130.00","2,130.00","2,130.00",Rs./Quintal,28-06-2023
Rajasthan,Jaipur,Chomu Grain APMC,Cereals,Wheat,Other,FAQ,"2,280.00","2,280.00","2,280.00",Rs./Quintal,26-06-2023
Rajasthan,Jaipur,Chomu Grain APMC,Cereals,Wheat,Other,FAQ,"2,100.00","2,100.00","2,100.00",Rs./Quintal,22-06-2023
Rajasthan,Jaipur,Chomu Grain APMC,Cereals,Wheat,Other,FAQ,"2,170.00","2,170.00","2,170.00",Rs./Quintal,21-06-2023
Rajasthan,Jaipur,Chomu Grain APMC,Cereals,Wheat,Other,FAQ,"2,160.00","2,160.00","2,160.00",Rs./Quintal,20-06-2023
Rajasthan,Jaipur,Chomu Grain APMC,Cereals,Wheat,Other,FAQ,"2,310.00","2,310.00","2,310.00",Rs./Quintal,19-06-2023
Rajasthan,Jaipur,Chomu Grain APMC,Cereals,Wheat,Other,FAQ,"2,150.00","2,150.00","2,150.00",Rs./Quintal,16-06-2023
Rajasthan,Jaipur,Chomu Grain APMC,Cereals,Wheat,Other,FAQ,"2,200.00","2,200.00","2,200.00",Rs./Quintal,14-06-2023
Rajasthan,Jaipur,Chomu Grain APMC,Cereals,Wheat,Other,FAQ,"2,237.00","2,237.00","2,237.00",Rs./Quintal,13-06-2023
Rajasthan,Jaipur,Chomu Grain APMC,Cereals,Wheat,Other,FAQ,"2,250.00","2,250.00","2,250.00",Rs./Quintal,12/6/2023
Rajasthan,Jaipur,Chomu Grain APMC,Cereals,Wheat,Other,FAQ,"2,201.00","2,201.00","2,201.00",Rs./Quintal,10/6/2023
Rajasthan,Jaipur,Chomu Grain APMC,Cereals,Wheat,Other,FAQ,"2,250.00","2,250.00","2,250.00",Rs./Quintal,9/6/2023
Rajasthan,Jaipur,Chomu Grain APMC,Cereals,Wheat,Other,FAQ,"2,200.00","2,230.00","2,225.00",Rs./Quintal,8/6/2023
Rajasthan,Jaipur,Chomu Grain APMC,Cereals,Wheat,Other,FAQ,"2,000.00","2,235.00","2,200.00",Rs./Quintal,7/6/2023
Rajasthan,Jaipur,Chomu Grain APMC,Cereals,Wheat,Other,FAQ,"2,240.00","2,240.00","2,240.00",Rs./Quintal,3/6/2023
Rajasthan,Jaipur,Chomu Grain APMC,Cereals,Wheat,Other,FAQ,"2,175.00","2,175.00","2,175.00",Rs./Quintal,31-05-2023
Rajasthan,Jaipur,Chomu Grain APMC,Cereals,Wheat,Other,FAQ,"2,300.00","2,300.00","2,300.00",Rs./Quintal,26-05-2023
Rajasthan,Jaipur,Chomu Grain APMC,Cereals,Wheat,Other,FAQ,"2,290.00","2,290.00","2,290.00",Rs./Quintal,22-05-2023
Rajasthan,Jaipur,Chomu Grain APMC,Cereals,Wheat,Other,FAQ,"2,200.00","2,200.00","2,200.00",Rs./Quintal,18-05-2023
Rajasthan,Jaipur,Chomu Grain APMC,Cereals,Wheat,Other,FAQ,"2,090.00","2,090.00","2,090.00",Rs./Quintal,17-05-2023
Rajasthan,Jaipur,Chomu Grain APMC,Cereals,Wheat,Other,FAQ,"2,060.00","2,060.00","2,060.00",Rs./Quintal,13-05-2023
Rajasthan,Jaipur,Chomu Grain APMC,Cereals,Wheat,Other,FAQ,"2,000.00","2,000.00","2,000.00",Rs./Quintal,11/5/2023
Rajasthan,Jaipur,Chomu Grain APMC,Cereals,Wheat,Other,FAQ,"2,000.00","2,000.00","2,000.00",Rs./Quintal,10/5/2023
Rajasthan,Jaipur,Chomu Grain APMC,Cereals,Wheat,Other,FAQ,"2,500.00","2,500.00","2,500.00",Rs./Quintal,9/5/2023
Rajasthan,Jaipur,Chomu Grain APMC,Cereals,Wheat,Other,FAQ,"2,000.00","2,000.00","2,000.00",Rs./Quintal,8/5/2023
Rajasthan,Jaipur,Chomu Grain APMC,Cereals,Wheat,Other,FAQ,"1,900.00","1,900.00","1,900.00",Rs./Quintal,3/5/2023
Rajasthan,Jaipur,Chomu Grain APMC,Cereals,Wheat,Other,FAQ,"2,190.00","2,190.00","2,190.00",Rs./Quintal,2/5/2023
Rajasthan,Jaipur,Chomu Grain APMC,Cereals,Wheat,Other,FAQ,"2,150.00","2,150.00","2,150.00",Rs./Quintal,29-04-2023
Rajasthan,Jaipur,Chomu Grain APMC,Cereals,Wheat,Other,FAQ,"2,060.00","2,160.00","2,100.00",Rs./Quintal,28-04-2023
Rajasthan,Jaipur,Chomu Grain APMC,Cereals,Wheat,Other,FAQ,"2,155.00","2,155.00","2,155.00",Rs./Quintal,25-04-2023
Rajasthan,Jaipur,Chomu Grain APMC,Cereals,Wheat,Other,FAQ,"1,950.00","1,950.00","1,950.00",Rs./Quintal,20-04-2023
Rajasthan,Jaipur,Chomu Grain APMC,Cereals,Wheat,Other,FAQ,"2,000.00","2,000.00","2,000.00",Rs./Quintal,19-04-2023
Rajasthan,Jaipur,Chomu Grain APMC,Cereals,Wheat,Other,FAQ,"2,050.00","2,070.00","2,060.00",Rs./Quintal,17-04-2023
Rajasthan,Jaipur,Chomu Grain APMC,Cereals,Wheat,Other,FAQ,"2,050.00","2,050.00","2,050.00",Rs./Quintal,15-04-2023
Rajasthan,Jaipur,Chomu Grain APMC,Cereals,Wheat,Other,FAQ,"2,110.00","2,110.00","2,110.00",Rs./Quintal,11/4/2023
Rajasthan,Jaipur,Chomu Grain APMC,Cereals,Wheat,Other,FAQ,"2,000.00","2,085.00","2,050.00",Rs./Quintal,10/4/2023
Rajasthan,Jaipur,Chomu Grain APMC,Cereals,Wheat,Other,FAQ,"1,900.00","1,900.00","1,900.00",Rs./Quintal,3/4/2023
Rajasthan,Jaipur,Chomu Grain APMC,Cereals,Wheat,Other,FAQ,"2,090.00","2,110.00","2,100.00",Rs./Quintal,21-03-2023
Rajasthan,Jaipur,Chomu Grain APMC,Cereals,Wheat,Other,FAQ,"2,115.00","2,115.00","2,115.00",Rs./Quintal,20-03-2023
Rajasthan,Jaipur,Chomu Grain APMC,Cereals,Wheat,Other,FAQ,"2,131.00","2,131.00","2,131.00",Rs./Quintal,16-03-2023
Rajasthan,Jaipur,Chomu Grain APMC,Cereals,Wheat,Other,FAQ,"2,291.00","2,291.00","2,291.00",Rs./Quintal,11/3/2023
Rajasthan,Jaipur,Chomu Grain APMC,Cereals,Wheat,Other,FAQ,"2,560.00","2,560.00","2,560.00",Rs./Quintal,1/3/2023
Rajasthan,Jaipur,Chomu Grain APMC,Cereals,Wheat,Other,FAQ,"2,620.00","2,620.00","2,620.00",Rs./Quintal,10/2/2023
Rajasthan,Jaipur,Chomu Grain APMC,Cereals,Wheat,Other,FAQ,"2,800.00","2,800.00","2,800.00",Rs./Quintal,9/2/2023
Rajasthan,Jaipur,Chomu Grain APMC,Cereals,Wheat,Other,FAQ,"2,601.00","2,601.00","2,601.00",Rs./Quintal,8/2/2023
Rajasthan,Jaipur,Chomu Grain APMC,Cereals,Wheat,Other,FAQ,"2,600.00","2,600.00","2,600.00",Rs./Quintal,7/2/2023
Rajasthan,Jaipur,Chomu Grain APMC,Cereals,Wheat,Other,FAQ,"2,668.00","2,668.00","2,668.00",Rs./Quintal,31-01-2023
Rajasthan,Jaipur,Chomu Grain APMC,Cereals,Wheat,Other,FAQ,"2,790.00","2,790.00","2,790.00",Rs./Quintal,25-01-2023
Rajasthan,Jaipur,Chomu Grain APMC,Cereals,Wheat,Other,FAQ,"2,833.00","2,833.00","2,833.00",Rs./Quintal,23-01-2023
Rajasthan,Jaipur,Chomu Grain APMC,Cereals,Wheat,Other,FAQ,"2,685.00","2,685.00","2,685.00",Rs./Quintal,21-01-2023
Rajasthan,Jaipur,Chomu Grain APMC,Cereals,Wheat,Other,FAQ,"2,671.00","2,671.00","2,671.00",Rs./Quintal,20-01-2023
Rajasthan,Jaipur,Chomu Grain APMC,Cereals,Wheat,Other,FAQ,"2,750.00","2,750.00","2,750.00",Rs./Quintal,26-12-2022
Rajasthan,Jaipur,Chomu Grain APMC,Cereals,Wheat,Other,FAQ,"2,600.00","2,600.00","2,600.00",Rs./Quintal,24-12-2022
Rajasthan,Jaipur,Chomu Grain APMC,Cereals,Wheat,Other,FAQ,"2,550.00","2,550.00","2,550.00",Rs./Quintal,23-12-2022
Rajasthan,Jaipur,Chomu Grain APMC,Cereals,Wheat,Other,FAQ,"2,550.00","2,550.00","2,550.00",Rs./Quintal,21-12-2022
Rajasthan,Jaipur,Chomu Grain APMC,Cereals,Wheat,Other,FAQ,"2,580.00","2,580.00","2,580.00",Rs./Quintal,19-12-2022
Rajasthan,Jaipur,Chomu Grain APMC,Cereals,Wheat,Other,FAQ,"2,521.00","2,521.00","2,521.00",Rs./Quintal,15-12-2022
Rajasthan,Jaipur,Chomu Grain APMC,Cereals,Wheat,Other,FAQ,"2,561.00","2,561.00","2,561.00",Rs./Quintal,13-12-2022
Rajasthan,Jaipur,Chomu Grain APMC,Cereals,Wheat,Other,FAQ,"2,500.00","2,500.00","2,500.00",Rs./Quintal,9/12/2022
Rajasthan,Jaipur,Chomu Grain APMC,Cereals,Wheat,Other,FAQ,"2,500.00","2,500.00","2,500.00",Rs./Quintal,3/12/2022
Rajasthan,Jaipur,Chomu Grain APMC,Cereals,Wheat,Other,FAQ,"2,500.00","2,500.00","2,500.00",Rs./Quintal,1/12/2022
Rajasthan,Jaipur,Chomu Grain APMC,Cereals,Wheat,Other,FAQ,"2,450.00","2,450.00","2,450.00",Rs./Quintal,29-11-2022
Rajasthan,Jaipur,Chomu Grain APMC,Cereals,Wheat,Other,FAQ,"2,500.00","2,500.00","2,500.00",Rs./Quintal,28-11-2022
Rajasthan,Jaipur,Chomu Grain APMC,Cereals,Wheat,Other,FAQ,"2,200.00","2,200.00","2,200.00",Rs./Quintal,21-11-2022
Rajasthan,Jaipur,Chomu Grain APMC,Cereals,Wheat,Other,FAQ,"2,520.00","2,520.00","2,520.00",Rs./Quintal,18-11-2022
Rajasthan,Jaipur,Chomu Grain APMC,Cereals,Wheat,Other,FAQ,"2,200.00","2,200.00","2,200.00",Rs./Quintal,16-11-2022
Rajasthan,Jaipur,Chomu Grain APMC,Cereals,Wheat,Other,FAQ,"2,500.00","2,500.00","2,500.00",Rs./Quintal,12/11/2022
Rajasthan,Jaipur,Chomu Grain APMC,Cereals,Wheat,Other,FAQ,"2,421.00","2,421.00","2,421.00",Rs./Quintal,9/11/2022
Rajasthan,Jaipur,Chomu Grain APMC,Cereals,Wheat,Other,FAQ,"2,441.00","2,441.00","2,441.00",Rs./Quintal,8/11/2022
Rajasthan,Jaipur,Chomu Grain APMC,Cereals,Wheat,Other,FAQ,"2,377.00","2,377.00","2,377.00",Rs./Quintal,7/11/2022
Rajasthan,Jaipur,Bagru APMC,Cereals,Wheat,Other,FAQ,"2,200.00","2,400.00","2,300.00",Rs./Quintal,18-10-2022
Rajasthan,Jaipur,Bagru APMC,Cereals,Wheat,Other,FAQ,"2,000.00","2,400.00","2,200.00",Rs./Quintal,1/8/2022
Rajasthan,Jaipur,Bagru APMC,Cereals,Wheat,Other,FAQ,"2,000.00","2,300.00","2,150.00",Rs./Quintal,25-07-2022
Rajasthan,Jaipur,Bagru APMC,Cereals,Wheat,Other,FAQ,"2,200.00","2,300.00","2,250.00",Rs./Quintal,15-07-2022
Rajasthan,Jaipur,Bagru APMC,Cereals,Wheat,Other,FAQ,"2,100.00","2,300.00","2,200.00",Rs./Quintal,12/7/2022
Rajasthan,Jaipur,Bagru APMC,Cereals,Wheat,Other,FAQ,"2,200.00","2,600.00","2,400.00",Rs./Quintal,2/5/2022
Rajasthan,Jaipur,Bagru APMC,Cereals,Wheat,Other,FAQ,"2,000.00","2,400.00","2,200.00",Rs./Quintal,18-04-2022
Rajasthan,Jaipur,Bagru APMC,Cereals,Wheat,Other,FAQ,"2,000.00","2,500.00","2,250.00",Rs./Quintal,28-03-2022
Rajasthan,Jaipur,Bagru APMC,Cereals,Wheat,Other,FAQ,"2,000.00","2,200.00","2,100.00",Rs./Quintal,21-03-2022
Rajasthan,Jaipur,Bagru APMC,Cereals,Wheat,Other,FAQ,"2,000.00","2,100.00","2,050.00",Rs./Quintal,7/3/2022
Rajasthan,Jaipur,Bagru APMC,Cereals,Wheat,Other,FAQ,"1,900.00","2,100.00","2,000.00",Rs./Quintal,14-02-2022
Rajasthan,Jaipur,Bagru APMC,Cereals,Wheat,Other,FAQ,"2,000.00","2,200.00","2,100.00",Rs./Quintal,3/2/2022
Rajasthan,Jaipur,Bagru APMC,Cereals,Wheat,Other,FAQ,"2,000.00","2,200.00","2,100.00",Rs./Quintal,1/2/2022
Rajasthan,Jaipur,Bagru APMC,Cereals,Wheat,Other,FAQ,"1,900.00","2,100.00","2,000.00",Rs./Quintal,7/1/2022
Rajasthan,Jaipur,Bagru APMC,Cereals,Wheat,Other,FAQ,"1,900.00","2,100.00","2,000.00",Rs./Quintal,3/1/2022
Rajasthan,Jaipur,Bagru APMC,Cereals,Wheat,Other,FAQ,"1,900.00","2,200.00","2,050.00",Rs./Quintal,30-12-2021
Rajasthan,Jaipur,Bagru APMC,Cereals,Wheat,Other,FAQ,"1,800.00","2,200.00","2,000.00",Rs./Quintal,23-12-2021
Rajasthan,Jaipur,Bagru APMC,Cereals,Wheat,Other,FAQ,"2,000.00","2,400.00","2,200.00",Rs./Quintal,21-12-2021
Rajasthan,Jaipur,Bagru APMC,Cereals,Wheat,Other,FAQ,"2,000.00","2,400.00","2,200.00",Rs./Quintal,17-12-2021
Rajasthan,Jaipur,Bagru APMC,Cereals,Wheat,Other,FAQ,"2,000.00","2,400.00","2,200.00",Rs./Quintal,16-12-2021
Rajasthan,Jaipur,Bagru APMC,Cereals,Wheat,Other,FAQ,"2,000.00","2,400.00","2,200.00",Rs./Quintal,14-12-2021
Rajasthan,Jaipur,Bagru APMC,Cereals,Wheat,Other,FAQ,"2,000.00","2,400.00","2,200.00",Rs./Quintal,13-12-2021
Rajasthan,Jaipur,Bagru APMC,Cereals,Wheat,Other,FAQ,"2,000.00","2,200.00","2,100.00",Rs./Quintal,10/12/2021
Rajasthan,Jaipur,Bagru APMC,Cereals,Wheat,Other,FAQ,"2,000.00","2,200.00","2,100.00",Rs./Quintal,9/12/2021
Rajasthan,Jaipur,Bagru APMC,Cereals,Wheat,Other,FAQ,"2,000.00","2,200.00","2,100.00",Rs./Quintal,7/12/2021
Rajasthan,Jaipur,Bagru APMC,Cereals,Wheat,Other,FAQ,"2,000.00","2,100.00","2,050.00",Rs./Quintal,17-11-2021
Rajasthan,Jaipur,Bagru APMC,Cereals,Wheat,Other,FAQ,"2,000.00","2,100.00","2,050.00",Rs./Quintal,15-11-2021
Rajasthan,Jaipur,Bagru APMC,Cereals,Wheat,Other,FAQ,"2,000.00","2,200.00","2,100.00",Rs./Quintal,9/11/2021
Rajasthan,Jaipur,Bassi APMC,Cereals,Wheat,1482,FAQ,"2,250.00","2,392.00","2,321.00",Rs./Quintal,5/11/2022
Rajasthan,Jaipur,Bassi APMC,Cereals,Wheat,1482,FAQ,"2,200.00","2,390.00","2,295.00",Rs./Quintal,4/11/2022
Rajasthan,Jaipur,Bassi APMC,Cereals,Wheat,1482,FAQ,"2,200.00","2,429.00","2,314.00",Rs./Quintal,3/11/2022
Rajasthan,Jaipur,Bassi APMC,Cereals,Wheat,1482,FAQ,"2,121.00","2,469.00","2,295.00",Rs./Quintal,2/11/2022
Rajasthan,Jaipur,Bassi APMC,Cereals,Wheat,1482,FAQ,"2,190.00","2,439.00","2,314.00",Rs./Quintal,1/11/2022
Rajasthan,Jaipur,Bassi APMC,Cereals,Wheat,1482,FAQ,"2,270.00","2,410.00","2,340.00",Rs./Quintal,31-10-2022
Rajasthan,Jaipur,Bassi APMC,Cereals,Wheat,1482,FAQ,"2,294.00","2,350.00","2,322.00",Rs./Quintal,29-10-2022
Rajasthan,Jaipur,Bassi APMC,Cereals,Wheat,1482,FAQ,"2,100.00","2,295.00","2,197.00",Rs./Quintal,22-10-2022
Rajasthan,Jaipur,Bassi APMC,Cereals,Wheat,1482,FAQ,"2,200.00","2,344.00","2,272.00",Rs./Quintal,21-10-2022
Rajasthan,Jaipur,Bassi APMC,Cereals,Wheat,1482,FAQ,"2,130.00","2,320.00","2,225.00",Rs./Quintal,20-10-2022
Rajasthan,Jaipur,Bassi APMC,Cereals,Wheat,1482,FAQ,"2,180.00","2,315.00","2,247.00",Rs./Quintal,19-10-2022
Rajasthan,Jaipur,Bassi APMC,Cereals,Wheat,1482,FAQ,"2,200.00","2,288.00","2,244.00",Rs./Quintal,18-10-2022
Rajasthan,Jaipur,Bassi APMC,Cereals,Wheat,1482,FAQ,"1,980.00","2,300.00","2,140.00",Rs./Quintal,17-10-2022
Rajasthan,Jaipur,Bassi APMC,Cereals,Wheat,1482,FAQ,"2,050.00","2,300.00","2,175.00",Rs./Quintal,15-10-2022
Rajasthan,Jaipur,Bassi APMC,Cereals,Wheat,1482,FAQ,"2,195.00","2,365.00","2,280.00",Rs./Quintal,14-10-2022
Rajasthan,Jaipur,Bassi APMC,Cereals,Wheat,1482,FAQ,"2,150.00","2,326.00","2,238.00",Rs./Quintal,13-10-2022
Rajasthan,Jaipur,Bassi APMC,Cereals,Wheat,1482,FAQ,"2,200.00","2,351.00","2,275.00",Rs./Quintal,12/10/2022
Rajasthan,Jaipur,Bassi APMC,Cereals,Wheat,1482,FAQ,"2,150.00","2,330.00","2,240.00",Rs./Quintal,11/10/2022
Rajasthan,Jaipur,Bassi APMC,Cereals,Wheat,1482,FAQ,"2,230.00","2,277.00","2,253.00",Rs./Quintal,10/10/2022
Rajasthan,Jaipur,Bassi APMC,Cereals,Wheat,1482,FAQ,"2,150.00","2,222.00","2,186.00",Rs./Quintal,7/10/2022
Rajasthan,Jaipur,Bassi APMC,Cereals,Wheat,1482,FAQ,"2,100.00","2,307.00","2,203.00",Rs./Quintal,6/10/2022
Rajasthan,Jaipur,Bassi APMC,Cereals,Wheat,1482,FAQ,"2,154.00","2,350.00","2,252.00",Rs./Quintal,5/10/2022
Rajasthan,Jaipur,Bassi APMC,Cereals,Wheat,1482,FAQ,"2,100.00","2,225.00","2,162.00",Rs./Quintal,4/10/2022
Rajasthan,Jaipur,Bassi APMC,Cereals,Wheat,1482,FAQ,"2,150.00","2,240.00","2,195.00",Rs./Quintal,1/10/2022
Rajasthan,Jaipur,Bassi APMC,Cereals,Wheat,1482,FAQ,"1,955.00","2,238.00","2,096.00",Rs./Quintal,30-09-2022
Rajasthan,Jaipur,Bassi APMC,Cereals,Wheat,1482,FAQ,"2,150.00","2,222.00","2,186.00",Rs./Quintal,29-09-2022
Rajasthan,Jaipur,Bassi APMC,Cereals,Wheat,1482,FAQ,"1,900.00","2,280.00","2,090.00",Rs./Quintal,28-09-2022
Rajasthan,Jaipur,Bassi APMC,Cereals,Wheat,1482,FAQ,"1,955.00","2,321.00","2,138.00",Rs./Quintal,27-09-2022
Rajasthan,Jaipur,Bassi APMC,Cereals,Wheat,1482,FAQ,"2,118.00","2,233.00","2,175.00",Rs./Quintal,22-09-2022
Rajasthan,Jaipur,Bassi APMC,Cereals,Wheat,1482,FAQ,"2,100.00","2,239.00","2,169.00",Rs./Quintal,21-09-2022
Rajasthan,Jaipur,Bassi APMC,Cereals,Wheat,1482,FAQ,"2,000.00","2,219.00","2,109.00",Rs./Quintal,20-09-2022
Rajasthan,Jaipur,Bassi APMC,Cereals,Wheat,1482,FAQ,"2,155.00","2,251.00","2,203.00",Rs./Quintal,19-09-2022
Rajasthan,Jaipur,Bassi APMC,Cereals,Wheat,1482,FAQ,"2,150.00","2,280.00","2,215.00",Rs./Quintal,17-09-2022
Rajasthan,Jaipur,Bassi APMC,Cereals,Wheat,1482,FAQ,"2,057.00","2,288.00","2,172.00",Rs./Quintal,15-09-2022
Rajasthan,Jaipur,Bassi APMC,Cereals,Wheat,1482,FAQ,"2,138.00","2,245.00","2,191.00",Rs./Quintal,14-09-2022
Rajasthan,Jaipur,Bassi APMC,Cereals,Wheat,1482,FAQ,"2,000.00","2,289.00","2,144.00",Rs./Quintal,13-09-2022
Rajasthan,Jaipur,Bassi APMC,Cereals,Wheat,1482,FAQ,"2,046.00","2,231.00","2,138.00",Rs./Quintal,12/9/2022
Rajasthan,Jaipur,Bassi APMC,Cereals,Wheat,1482,FAQ,"2,115.00","2,193.00","2,154.00",Rs./Quintal,10/9/2022
Rajasthan,Jaipur,Bassi APMC,Cereals,Wheat,1482,FAQ,"2,147.00","2,290.00","2,218.00",Rs./Quintal,9/9/2022
Rajasthan,Jaipur,Bassi APMC,Cereals,Wheat,1482,FAQ,"2,004.00","2,200.00","2,102.00",Rs./Quintal,8/9/2022
Rajasthan,Jaipur,Bassi APMC,Cereals,Wheat,1482,FAQ,"2,102.00","2,211.00","2,156.00",Rs./Quintal,7/9/2022
Rajasthan,Jaipur,Bassi APMC,Cereals,Wheat,1482,FAQ,"2,140.00","2,228.00","2,184.00",Rs./Quintal,6/9/2022
Rajasthan,Jaipur,Bassi APMC,Cereals,Wheat,1482,FAQ,"2,159.00","2,272.00","2,215.00",Rs./Quintal,3/9/2022
Rajasthan,Jaipur,Bassi APMC,Cereals,Wheat,1482,FAQ,"2,130.00","2,231.00","2,180.00",Rs./Quintal,2/9/2022
Rajasthan,Jaipur,Bassi APMC,Cereals,Wheat,1482,FAQ,"2,132.00","2,200.00","2,166.00",Rs./Quintal,1/9/2022
Rajasthan,Jaipur,Bassi APMC,Cereals,Wheat,1482,FAQ,"1,985.00","2,263.00","2,124.00",Rs./Quintal,31-08-2022
Rajasthan,Jaipur,Bassi APMC,Cereals,Wheat,1482,FAQ,"2,102.00","2,268.00","2,185.00",Rs./Quintal,30-08-2022
Rajasthan,Jaipur,Bassi APMC,Cereals,Wheat,1482,FAQ,"2,164.00","2,166.00","2,165.00",Rs./Quintal,29-08-2022
Rajasthan,Jaipur,Bassi APMC,Cereals,Wheat,1482,FAQ,"2,008.00","2,267.00","2,137.00",Rs./Quintal,27-08-2022
Rajasthan,Jaipur,Bassi APMC,Cereals,Wheat,1482,FAQ,"2,123.00","2,200.00","2,161.00",Rs./Quintal,26-08-2022
Rajasthan,Jaipur,Bassi APMC,Cereals,Wheat,1482,FAQ,"2,127.00","2,253.00","2,190.00",Rs./Quintal,25-08-2022
Rajasthan,Jaipur,Bassi APMC,Cereals,Wheat,1482,FAQ,"2,193.00","2,256.00","2,224.00",Rs./Quintal,24-08-2022
Rajasthan,Jaipur,Bassi APMC,Cereals,Wheat,1482,FAQ,"2,183.00","2,220.00","2,201.00",Rs./Quintal,23-08-2022
Rajasthan,Jaipur,Bassi APMC,Cereals,Wheat,1482,FAQ,"2,050.00","2,240.00","2,145.00",Rs./Quintal,22-08-2022
Rajasthan,Jaipur,Bassi APMC,Cereals,Wheat,1482,FAQ,"2,166.00","2,244.00","2,205.00",Rs./Quintal,20-08-2022
Rajasthan,Jaipur,Bassi APMC,Cereals,Wheat,1482,FAQ,"2,134.00","2,361.00","2,247.00",Rs./Quintal,19-08-2022
Rajasthan,Jaipur,Bassi APMC,Cereals,Wheat,1482,FAQ,"2,118.00","2,220.00","2,169.00",Rs./Quintal,18-08-2022
Rajasthan,Jaipur,Bassi APMC,Cereals,Wheat,1482,FAQ,"2,050.00","2,130.00","2,090.00",Rs./Quintal,17-08-2022
Rajasthan,Jaipur,Bassi APMC,Cereals,Wheat,1482,FAQ,"2,000.00","2,160.00","2,080.00",Rs./Quintal,16-08-2022
Rajasthan,Jaipur,Bassi APMC,Cereals,Wheat,1482,FAQ,"2,133.00","2,147.00","2,140.00",Rs./Quintal,13-08-2022
Rajasthan,Jaipur,Bassi APMC,Cereals,Wheat,1482,FAQ,"2,006.00","2,300.00","2,153.00",Rs./Quintal,12/8/2022
Rajasthan,Jaipur,Bassi APMC,Cereals,Wheat,1482,FAQ,"2,125.00","2,211.00","2,168.00",Rs./Quintal,10/8/2022
Rajasthan,Jaipur,Bassi APMC,Cereals,Wheat,1482,FAQ,"2,194.00","2,338.00","2,266.00",Rs./Quintal,9/8/2022
Rajasthan,Jaipur,Bassi APMC,Cereals,Wheat,1482,FAQ,"2,197.00","2,266.00","2,231.00",Rs./Quintal,8/8/2022
Rajasthan,Jaipur,Bassi APMC,Cereals,Wheat,1482,FAQ,"2,177.00","2,294.00","2,235.00",Rs./Quintal,6/8/2022
Rajasthan,Jaipur,Bassi APMC,Cereals,Wheat,1482,FAQ,"2,197.00","2,218.00","2,207.00",Rs./Quintal,5/8/2022
Rajasthan,Jaipur,Bassi APMC,Cereals,Wheat,1482,FAQ,"2,295.00","2,333.00","2,314.00",Rs./Quintal,4/8/2022
Rajasthan,Jaipur,Bassi APMC,Cereals,Wheat,1482,FAQ,"2,185.00","2,321.00","2,253.00",Rs./Quintal,3/8/2022
Rajasthan,Jaipur,Bassi APMC,Cereals,Wheat,1482,FAQ,"2,171.00","2,441.00","2,306.00",Rs./Quintal,2/8/2022
Rajasthan,Jaipur,Bassi APMC,Cereals,Wheat,1482,FAQ,"1,940.00","2,263.00","2,110.00",Rs./Quintal,1/8/2022
Rajasthan,Jaipur,Bassi APMC,Cereals,Wheat,1482,FAQ,"1,953.00","2,234.00","2,093.00",Rs./Quintal,30-07-2022
Rajasthan,Jaipur,Bassi APMC,Cereals,Wheat,1482,FAQ,"2,070.00","2,281.00","2,175.00",Rs./Quintal,29-07-2022
Rajasthan,Jaipur,Bassi APMC,Cereals,Wheat,1482,FAQ,"2,210.00","2,273.00","2,241.00",Rs./Quintal,28-07-2022
Rajasthan,Jaipur,Bassi APMC,Cereals,Wheat,1482,FAQ,"2,207.00","2,207.00","2,207.00",Rs./Quintal,27-07-2022
Rajasthan,Jaipur,Bassi APMC,Cereals,Wheat,1482,FAQ,"2,188.00","2,216.00","2,202.00",Rs./Quintal,26-07-2022
Rajasthan,Jaipur,Bassi APMC,Cereals,Wheat,1482,FAQ,"2,014.00","2,160.00","2,087.00",Rs./Quintal,25-07-2022
Rajasthan,Jaipur,Bassi APMC,Cereals,Wheat,1482,FAQ,"2,100.00","2,172.00","2,136.00",Rs./Quintal,23-07-2022
Rajasthan,Jaipur,Bassi APMC,Cereals,Wheat,1482,FAQ,"2,036.00","2,233.00","2,134.00",Rs./Quintal,22-07-2022
Rajasthan,Jaipur,Bassi APMC,Cereals,Wheat,1482,FAQ,"1,951.00","2,250.00","2,100.00",Rs./Quintal,21-07-2022
Rajasthan,Jaipur,Bassi APMC,Cereals,Wheat,1482,FAQ,"2,109.00","2,250.00","2,179.00",Rs./Quintal,20-07-2022
Rajasthan,Jaipur,Bassi APMC,Cereals,Wheat,1482,FAQ,"2,105.00","2,240.00","2,172.00",Rs./Quintal,19-07-2022
Rajasthan,Jaipur,Bassi APMC,Cereals,Wheat,1482,FAQ,"2,065.00","2,187.00","2,126.00",Rs./Quintal,16-07-2022
Rajasthan,Jaipur,Bassi APMC,Cereals,Wheat,1482,FAQ,"2,100.00","2,220.00","2,160.00",Rs./Quintal,15-07-2022
Rajasthan,Jaipur,Bassi APMC,Cereals,Wheat,1482,FAQ,"1,950.00","2,092.00","2,021.00",Rs./Quintal,14-07-2022
Rajasthan,Jaipur,Bassi APMC,Cereals,Wheat,1482,FAQ,"2,090.00","2,150.00","2,120.00",Rs./Quintal,13-07-2022
Rajasthan,Jaipur,Bassi APMC,Cereals,Wheat,1482,FAQ,"2,045.00","2,200.00","2,122.00",Rs./Quintal,12/7/2022
Rajasthan,Jaipur,Bassi APMC,Cereals,Wheat,1482,FAQ,"2,070.00","2,240.00","2,155.00",Rs./Quintal,11/7/2022
Rajasthan,Jaipur,Bassi APMC,Cereals,Wheat,1482,FAQ,"2,100.00","2,300.00","2,200.00",Rs./Quintal,9/7/2022
Rajasthan,Jaipur,Bassi APMC,Cereals,Wheat,1482,FAQ,"2,086.00","2,237.00","2,161.00",Rs./Quintal,8/7/2022
Rajasthan,Jaipur,Bassi APMC,Cereals,Wheat,1482,FAQ,"2,085.00","2,351.00","2,218.00",Rs./Quintal,7/7/2022
Rajasthan,Jaipur,Bassi APMC,Cereals,Wheat,1482,FAQ,"2,036.00","2,241.00","2,138.00",Rs./Quintal,6/7/2022
Rajasthan,Jaipur,Bassi APMC,Cereals,Wheat,1482,FAQ,"1,995.00","2,252.00","2,123.00",Rs./Quintal,5/7/2022
Rajasthan,Jaipur,Bassi APMC,Cereals,Wheat,1482,FAQ,"2,195.00","2,271.00","2,233.00",Rs./Quintal,4/7/2022
Rajasthan,Jaipur,Bassi APMC,Cereals,Wheat,1482,FAQ,"2,056.00","2,180.00","2,118.00",Rs./Quintal,30-06-2022
Rajasthan,Jaipur,Bassi APMC,Cereals,Wheat,1482,FAQ,"2,000.00","2,303.00","2,151.00",Rs./Quintal,29-06-2022
Rajasthan,Jaipur,Bassi APMC,Cereals,Wheat,1482,FAQ,"1,940.00","2,150.00","2,045.00",Rs./Quintal,28-06-2022
Rajasthan,Jaipur,Bassi APMC,Cereals,Wheat,1482,FAQ,"2,050.00","2,127.00","2,088.00",Rs./Quintal,27-06-2022
Rajasthan,Jaipur,Bassi APMC,Cereals,Wheat,1482,FAQ,"2,007.00","2,076.00","2,041.00",Rs./Quintal,25-06-2022
Rajasthan,Jaipur,Bassi APMC,Cereals,Wheat,1482,FAQ,"1,926.00","2,047.00","1,986.00",Rs./Quintal,24-06-2022
Rajasthan,Jaipur,Bassi APMC,Cereals,Wheat,1482,FAQ,"1,963.00","2,137.00","2,050.00",Rs./Quintal,23-06-2022
Rajasthan,Jaipur,Bassi APMC,Cereals,Wheat,1482,FAQ,"1,926.00","2,116.00","2,021.00",Rs./Quintal,22-06-2022
Rajasthan,Jaipur,Bassi APMC,Cereals,Wheat,1482,FAQ,"1,950.00","2,100.00","2,025.00",Rs./Quintal,21-06-2022
Rajasthan,Jaipur,Bassi APMC,Cereals,Wheat,1482,FAQ,"2,018.00","2,130.00","2,074.00",Rs./Quintal,20-06-2022
Rajasthan,Jaipur,Bassi APMC,Cereals,Wheat,1482,FAQ,"1,925.00","2,178.00","2,051.00",Rs./Quintal,18-06-2022
Rajasthan,Jaipur,Bassi APMC,Cereals,Wheat,1482,FAQ,"1,990.00","2,290.00","2,140.00",Rs./Quintal,17-06-2022
Rajasthan,Jaipur,Bassi APMC,Cereals,Wheat,1482,FAQ,"2,036.00","2,140.00","2,088.00",Rs./Quintal,16-06-2022
Rajasthan,Jaipur,Bassi APMC,Cereals,Wheat,1482,FAQ,"2,008.00","2,290.00","2,149.00",Rs./Quintal,15-06-2022
Rajasthan,Jaipur,Bassi APMC,Cereals,Wheat,1482,FAQ,"2,031.00","2,245.00","2,138.00",Rs./Quintal,14-06-2022
Rajasthan,Jaipur,Bassi APMC,Cereals,Wheat,1482,FAQ,"2,214.00","2,344.00","2,279.00",Rs./Quintal,13-06-2022
Rajasthan,Jaipur,Bassi APMC,Cereals,Wheat,1482,FAQ,"2,050.00","2,440.00","2,245.00",Rs./Quintal,11/6/2022
Rajasthan,Jaipur,Bassi APMC,Cereals,Wheat,1482,FAQ,"2,053.00","2,441.00","2,247.00",Rs./Quintal,7/6/2022
Rajasthan,Jaipur,Bassi APMC,Cereals,Wheat,1482,FAQ,"2,013.00","2,327.00","2,170.00",Rs./Quintal,4/6/2022
Rajasthan,Jaipur,Bassi APMC,Cereals,Wheat,1482,FAQ,"2,000.00","2,400.00","2,200.00",Rs./Quintal,3/6/2022
Rajasthan,Jaipur,Bassi APMC,Cereals,Wheat,1482,FAQ,"2,140.00","2,370.00","2,255.00",Rs./Quintal,2/6/2022
Rajasthan,Jaipur,Bassi APMC,Cereals,Wheat,1482,FAQ,"2,050.00","2,406.00","2,228.00",Rs./Quintal,1/6/2022
Rajasthan,Jaipur,Bassi APMC,Cereals,Wheat,1482,FAQ,"2,050.00","2,250.00","2,150.00",Rs./Quintal,31-05-2022
Rajasthan,Jaipur,Bassi APMC,Cereals,Wheat,1482,FAQ,"2,140.00","2,346.00","2,243.00",Rs./Quintal,30-05-2022
Rajasthan,Jaipur,Bassi APMC,Cereals,Wheat,1482,FAQ,"2,140.00","2,373.00","2,256.00",Rs./Quintal,28-05-2022
Rajasthan,Jaipur,Bassi APMC,Cereals,Wheat,1482,FAQ,"2,126.00","2,367.00","2,246.00",Rs./Quintal,27-05-2022
Rajasthan,Jaipur,Bassi APMC,Cereals,Wheat,1482,FAQ,"2,101.00","2,400.00","2,250.00",Rs./Quintal,26-05-2022
Rajasthan,Jaipur,Bassi APMC,Cereals,Wheat,1482,FAQ,"2,271.00","2,435.00","2,353.00",Rs./Quintal,25-05-2022
Rajasthan,Jaipur,Bassi APMC,Cereals,Wheat,1482,FAQ,"2,254.00","2,440.00","2,347.00",Rs./Quintal,24-05-2022
Rajasthan,Jaipur,Bassi APMC,Cereals,Wheat,1482,FAQ,"2,100.00","2,450.00","2,275.00",Rs./Quintal,23-05-2022
Rajasthan,Jaipur,Bassi APMC,Cereals,Wheat,1482,FAQ,"2,080.00","2,305.00","2,192.00",Rs./Quintal,20-05-2022
Rajasthan,Jaipur,Bassi APMC,Cereals,Wheat,1482,FAQ,"2,150.00","2,350.00","2,250.00",Rs./Quintal,18-05-2022
Rajasthan,Jaipur,Bassi APMC,Cereals,Wheat,1482,FAQ,"2,080.00","2,315.00","2,197.00",Rs./Quintal,17-05-2022
Rajasthan,Jaipur,Bassi APMC,Cereals,Wheat,1482,FAQ,"2,156.00","2,324.00","2,240.00",Rs./Quintal,13-05-2022
Rajasthan,Jaipur,Bassi APMC,Cereals,Wheat,1482,FAQ,"2,081.00","2,471.00","2,276.00",Rs./Quintal,6/5/2022
Rajasthan,Jaipur,Bassi APMC,Cereals,Wheat,1482,FAQ,"2,071.00","2,422.00","2,246.00",Rs./Quintal,5/5/2022
Rajasthan,Jaipur,Bassi APMC,Cereals,Wheat,1482,FAQ,"2,158.00","2,386.00","2,272.00",Rs./Quintal,4/5/2022
Rajasthan,Jaipur,Bassi APMC,Cereals,Wheat,1482,FAQ,"2,005.00","2,420.00","2,212.00",Rs./Quintal,3/5/2022
Rajasthan,Jaipur,Bassi APMC,Cereals,Wheat,1482,FAQ,"2,030.00","2,420.00","2,225.00",Rs./Quintal,26-04-2022
Rajasthan,Jaipur,Bassi APMC,Cereals,Wheat,1482,FAQ,"2,081.00","2,260.00","2,170.00",Rs./Quintal,25-04-2022
Rajasthan,Jaipur,Bassi APMC,Cereals,Wheat,1482,FAQ,"2,064.00","2,331.00","2,197.00",Rs./Quintal,23-04-2022
Rajasthan,Jaipur,Bassi APMC,Cereals,Wheat,1482,FAQ,"2,054.00","2,350.00","2,202.00",Rs./Quintal,22-04-2022
Rajasthan,Jaipur,Bassi APMC,Cereals,Wheat,1482,FAQ,"2,014.00","2,401.00","2,207.00",Rs./Quintal,20-04-2022
Rajasthan,Jaipur,Bassi APMC,Cereals,Wheat,1482,FAQ,"2,106.00","2,330.00","2,218.00",Rs./Quintal,19-04-2022
Rajasthan,Jaipur,Bassi APMC,Cereals,Wheat,1482,FAQ,"1,976.00","2,360.00","2,168.00",Rs./Quintal,16-04-2022
Rajasthan,Jaipur,Bassi APMC,Cereals,Wheat,1482,FAQ,"2,000.00","2,087.00","2,043.00",Rs./Quintal,15-04-2022
Rajasthan,Jaipur,Bassi APMC,Cereals,Wheat,1482,FAQ,"1,976.00","2,300.00","2,138.00",Rs./Quintal,14-04-2022
Rajasthan,Jaipur,Bassi APMC,Cereals,Wheat,1482,FAQ,"1,950.00","2,300.00","2,125.00",Rs./Quintal,13-04-2022
Rajasthan,Jaipur,Bassi APMC,Cereals,Wheat,1482,FAQ,"2,096.00","2,275.00","2,185.00",Rs./Quintal,12/4/2022
Rajasthan,Jaipur,Bassi APMC,Cereals,Wheat,1482,FAQ,"1,990.00","2,075.00","2,032.00",Rs./Quintal,11/4/2022
Rajasthan,Jaipur,Bassi APMC,Cereals,Wheat,1482,FAQ,"1,950.00","2,150.00","2,050.00",Rs./Quintal,5/4/2022
Rajasthan,Jaipur,Bassi APMC,Cereals,Wheat,1482,FAQ,"2,050.00","2,296.00","2,173.00",Rs./Quintal,4/4/2022
Rajasthan,Jaipur,Bassi APMC,Cereals,Wheat,1482,FAQ,"2,081.00","2,200.00","2,140.00",Rs./Quintal,30-03-2022
Rajasthan,Jaipur,Bassi APMC,Cereals,Wheat,1482,FAQ,"2,154.00","2,250.00","2,202.00",Rs./Quintal,28-03-2022
Rajasthan,Jaipur,Bassi APMC,Cereals,Wheat,1482,FAQ,"2,121.00","2,170.00","2,145.00",Rs./Quintal,26-03-2022
Rajasthan,Jaipur,Bassi APMC,Cereals,Wheat,1482,FAQ,"1,968.00","2,021.00","1,994.00",Rs./Quintal,24-03-2022
Rajasthan,Jaipur,Bassi APMC,Cereals,Wheat,1482,FAQ,"2,060.00","2,115.00","2,087.00",Rs./Quintal,21-03-2022
Rajasthan,Jaipur,Bassi APMC,Cereals,Wheat,1482,FAQ,"2,100.00","2,425.00","2,262.00",Rs./Quintal,16-03-2022
Rajasthan,Jaipur,Bassi APMC,Cereals,Wheat,1482,FAQ,"2,150.00","2,350.00","2,250.00",Rs./Quintal,15-03-2022
Rajasthan,Jaipur,Bassi APMC,Cereals,Wheat,1482,FAQ,"2,155.00","2,490.00","2,322.00",Rs./Quintal,14-03-2022
Rajasthan,Jaipur,Bassi APMC,Cereals,Wheat,1482,FAQ,"2,040.00","2,425.00","2,232.00",Rs./Quintal,12/3/2022
Rajasthan,Jaipur,Bassi APMC,Cereals,Wheat,1482,FAQ,"2,150.00","2,650.00","2,400.00",Rs./Quintal,11/3/2022
Rajasthan,Jaipur,Bassi APMC,Cereals,Wheat,1482,FAQ,"2,235.00","2,363.00","2,299.00",Rs./Quintal,9/3/2022
Rajasthan,Jaipur,Bassi APMC,Cereals,Wheat,1482,FAQ,"2,220.00","2,432.00","2,326.00",Rs./Quintal,8/3/2022
Rajasthan,Jaipur,Bassi APMC,Cereals,Wheat,1482,FAQ,"2,152.00","2,163.00","2,157.00",Rs./Quintal,7/3/2022
Rajasthan,Jaipur,Bassi APMC,Cereals,Wheat,1482,FAQ,"2,121.00","2,175.00","2,148.00",Rs./Quintal,5/3/2022
Rajasthan,Jaipur,Bassi APMC,Cereals,Wheat,1482,FAQ,"2,075.00","2,336.00","2,205.00",Rs./Quintal,4/3/2022
Rajasthan,Jaipur,Bassi APMC,Cereals,Wheat,1482,FAQ,"2,055.00","2,260.00","2,157.00",Rs./Quintal,3/3/2022
Rajasthan,Jaipur,Bassi APMC,Cereals,Wheat,1482,FAQ,"2,075.00","2,075.00","2,075.00",Rs./Quintal,2/3/2022
Rajasthan,Jaipur,Bassi APMC,Cereals,Wheat,1482,FAQ,"2,000.00","2,239.00","2,119.00",Rs./Quintal,1/3/2022
Rajasthan,Jaipur,Bassi APMC,Cereals,Wheat,1482,FAQ,"1,990.00","2,100.00","2,045.00",Rs./Quintal,26-02-2022
Rajasthan,Jaipur,Bassi APMC,Cereals,Wheat,1482,FAQ,"2,110.00","2,115.00","2,112.00",Rs./Quintal,25-02-2022
Rajasthan,Jaipur,Bassi APMC,Cereals,Wheat,1482,FAQ,"1,995.00","2,063.00","2,029.00",Rs./Quintal,23-02-2022
Rajasthan,Jaipur,Bassi APMC,Cereals,Wheat,1482,FAQ,"1,980.00","2,028.00","2,004.00",Rs./Quintal,22-02-2022
Rajasthan,Jaipur,Bassi APMC,Cereals,Wheat,1482,FAQ,"2,041.00","2,092.00","2,066.00",Rs./Quintal,21-02-2022
Rajasthan,Jaipur,Bassi APMC,Cereals,Wheat,1482,FAQ,"2,055.00","2,055.00","2,055.00",Rs./Quintal,19-02-2022
Rajasthan,Jaipur,Bassi APMC,Cereals,Wheat,1482,FAQ,"2,026.00","2,040.00","2,033.00",Rs./Quintal,18-02-2022
Rajasthan,Jaipur,Bassi APMC,Cereals,Wheat,1482,FAQ,"1,981.00","2,090.00","2,035.00",Rs./Quintal,16-02-2022
Rajasthan,Jaipur,Bassi APMC,Cereals,Wheat,1482,FAQ,"2,038.00","2,070.00","2,054.00",Rs./Quintal,15-02-2022
Rajasthan,Jaipur,Bassi APMC,Cereals,Wheat,1482,FAQ,"1,886.00","2,068.00","1,977.00",Rs./Quintal,12/2/2022
Rajasthan,Jaipur,Bassi APMC,Cereals,Wheat,1482,FAQ,"2,032.00","2,150.00","2,091.00",Rs./Quintal,11/2/2022
Rajasthan,Jaipur,Bassi APMC,Cereals,Wheat,1482,FAQ,"2,040.00","2,091.00","2,065.00",Rs./Quintal,10/2/2022
Rajasthan,Jaipur,Bassi APMC,Cereals,Wheat,1482,FAQ,"2,016.00","2,150.00","2,083.00",Rs./Quintal,9/2/2022
Rajasthan,Jaipur,Bassi APMC,Cereals,Wheat,1482,FAQ,"2,010.00","2,304.00","2,157.00",Rs./Quintal,8/2/2022
Rajasthan,Jaipur,Bassi APMC,Cereals,Wheat,1482,FAQ,"2,061.00","2,150.00","2,105.00",Rs./Quintal,7/2/2022
Rajasthan,Jaipur,Bassi APMC,Cereals,Wheat,1482,FAQ,"2,000.00","2,371.00","2,185.00",Rs./Quintal,5/2/2022
Rajasthan,Jaipur,Bassi APMC,Cereals,Wheat,1482,FAQ,"1,891.00","2,350.00","2,120.00",Rs./Quintal,4/2/2022
Rajasthan,Jaipur,Bassi APMC,Cereals,Wheat,1482,FAQ,"2,060.00","2,160.00","2,110.00",Rs./Quintal,3/2/2022
Rajasthan,Jaipur,Bassi APMC,Cereals,Wheat,1482,FAQ,"1,920.00","2,102.00","2,011.00",Rs./Quintal,1/2/2022
Rajasthan,Jaipur,Bassi APMC,Cereals,Wheat,1482,FAQ,"2,112.00","2,330.00","2,221.00",Rs./Quintal,31-01-2022
Rajasthan,Jaipur,Bassi APMC,Cereals,Wheat,1482,FAQ,"2,080.00","2,420.00","2,250.00",Rs./Quintal,29-01-2022
Rajasthan,Jaipur,Bassi APMC,Cereals,Wheat,1482,FAQ,"2,075.00","2,272.00","2,173.00",Rs./Quintal,28-01-2022
Rajasthan,Jaipur,Bassi APMC,Cereals,Wheat,1482,FAQ,"2,096.00","2,237.00","2,166.00",Rs./Quintal,27-01-2022
Rajasthan,Jaipur,Bassi APMC,Cereals,Wheat,1482,FAQ,"1,940.00","2,070.00","2,005.00",Rs./Quintal,25-01-2022
Rajasthan,Jaipur,Bassi APMC,Cereals,Wheat,1482,FAQ,"2,073.00","2,170.00","2,121.00",Rs./Quintal,24-01-2022
Rajasthan,Jaipur,Bassi APMC,Cereals,Wheat,1482,FAQ,"2,000.00","2,400.00","2,200.00",Rs./Quintal,22-01-2022
Rajasthan,Jaipur,Bassi APMC,Cereals,Wheat,1482,FAQ,"2,056.00","2,122.00","2,089.00",Rs./Quintal,21-01-2022
Rajasthan,Jaipur,Bassi APMC,Cereals,Wheat,1482,FAQ,"2,035.00","2,101.00","2,068.00",Rs./Quintal,20-01-2022
Rajasthan,Jaipur,Bassi APMC,Cereals,Wheat,1482,FAQ,"2,034.00","2,100.00","2,067.00",Rs./Quintal,19-01-2022
Rajasthan,Jaipur,Bassi APMC,Cereals,Wheat,1482,FAQ,"1,972.00","2,128.00","2,050.00",Rs./Quintal,18-01-2022
Rajasthan,Jaipur,Bassi APMC,Cereals,Wheat,1482,FAQ,"1,952.00","2,110.00","2,031.00",Rs./Quintal,13-01-2022
Rajasthan,Jaipur,Bassi APMC,Cereals,Wheat,1482,FAQ,"2,003.00","2,129.00","2,066.00",Rs./Quintal,12/1/2022
Rajasthan,Jaipur,Bassi APMC,Cereals,Wheat,1482,FAQ,"1,950.00","2,025.00","1,987.00",Rs./Quintal,11/1/2022
Rajasthan,Jaipur,Bassi APMC,Cereals,Wheat,1482,FAQ,"2,000.00","2,106.00","2,053.00",Rs./Quintal,8/1/2022
Rajasthan,Jaipur,Bassi APMC,Cereals,Wheat,1482,FAQ,"1,955.00","2,073.00","2,014.00",Rs./Quintal,7/1/2022
Rajasthan,Jaipur,Bassi APMC,Cereals,Wheat,1482,FAQ,"1,965.00","2,082.00","2,023.00",Rs./Quintal,6/1/2022
Rajasthan,Jaipur,Bassi APMC,Cereals,Wheat,1482,FAQ,"1,873.00","2,035.00","1,954.00",Rs./Quintal,5/1/2022
Rajasthan,Jaipur,Bassi APMC,Cereals,Wheat,1482,FAQ,"1,990.00","2,035.00","2,012.00",Rs./Quintal,4/1/2022
Rajasthan,Jaipur,Bassi APMC,Cereals,Wheat,1482,FAQ,"1,945.00","1,979.00","1,962.00",Rs./Quintal,3/1/2022
Rajasthan,Jaipur,Bassi APMC,Cereals,Wheat,1482,FAQ,"1,961.00","2,137.00","2,049.00",Rs./Quintal,1/1/2022
Rajasthan,Jaipur,Chaksu APMC,Cereals,Wheat,Other,FAQ,"2,051.00","2,256.00","2,232.00",Rs./Quintal,14-10-2022
Rajasthan,Jaipur,Chaksu APMC,Cereals,Wheat,Other,FAQ,"2,171.00","2,251.00","2,200.00",Rs./Quintal,13-10-2022
Rajasthan,Jaipur,Chaksu APMC,Cereals,Wheat,Other,FAQ,"2,140.00","2,256.00","2,241.00",Rs./Quintal,12/10/2022
Rajasthan,Jaipur,Chaksu APMC,Cereals,Wheat,Other,FAQ,"2,160.00","2,255.00","2,230.00",Rs./Quintal,10/10/2022
Rajasthan,Jaipur,Chaksu APMC,Cereals,Wheat,Other,FAQ,"2,221.00","2,248.00","2,226.00",Rs./Quintal,8/10/2022
Rajasthan,Jaipur,Chaksu APMC,Cereals,Wheat,Other,FAQ,"2,150.00","2,290.00","2,230.00",Rs./Quintal,28-09-2022
Rajasthan,Jaipur,Chaksu APMC,Cereals,Wheat,Other,FAQ,"2,100.00","2,255.00","2,180.00",Rs./Quintal,27-09-2022
Rajasthan,Jaipur,Chaksu APMC,Cereals,Wheat,Other,FAQ,"2,180.00","2,201.00","2,200.00",Rs./Quintal,23-09-2022
Rajasthan,Jaipur,Chaksu APMC,Cereals,Wheat,Other,FAQ,"2,151.00","2,200.00","2,170.00",Rs./Quintal,22-09-2022
Rajasthan,Jaipur,Chaksu APMC,Cereals,Wheat,Other,FAQ,"2,100.00","2,242.00","2,200.00",Rs./Quintal,21-09-2022
Rajasthan,Jaipur,Chaksu APMC,Cereals,Wheat,Other,FAQ,"2,131.00","2,216.00","2,200.00",Rs./Quintal,20-09-2022
Rajasthan,Jaipur,Chaksu APMC,Cereals,Wheat,Other,FAQ,"2,161.00","2,213.00","2,190.00",Rs./Quintal,19-09-2022
Rajasthan,Jaipur,Chaksu APMC,Cereals,Wheat,Other,FAQ,"2,150.00","2,196.00","2,186.00",Rs./Quintal,17-09-2022
Rajasthan,Jaipur,Chaksu APMC,Cereals,Wheat,Other,FAQ,"2,150.00","2,225.00","2,170.00",Rs./Quintal,16-09-2022
Rajasthan,Jaipur,Chaksu APMC,Cereals,Wheat,Other,FAQ,"2,165.00","2,211.00","2,175.00",Rs./Quintal,14-09-2022
Rajasthan,Jaipur,Chaksu APMC,Cereals,Wheat,Other,FAQ,"2,100.00","2,235.00","2,200.00",Rs./Quintal,13-09-2022
Rajasthan,Jaipur,Chaksu APMC,Cereals,Wheat,Other,FAQ,"2,149.00","2,212.00","2,180.00",Rs./Quintal,12/9/2022
Rajasthan,Jaipur,Chaksu APMC,Cereals,Wheat,Other,FAQ,"2,161.00","2,200.00","2,187.00",Rs./Quintal,10/9/2022
Rajasthan,Jaipur,Chaksu APMC,Cereals,Wheat,Other,FAQ,"2,150.00","2,185.00","2,165.00",Rs./Quintal,9/9/2022
Rajasthan,Jaipur,Chaksu APMC,Cereals,Wheat,Other,FAQ,"2,150.00","2,185.00","2,180.00",Rs./Quintal,8/9/2022
Rajasthan,Jaipur,Chaksu APMC,Cereals,Wheat,Other,FAQ,"2,157.00","2,201.00","2,171.00",Rs./Quintal,7/9/2022
Rajasthan,Jaipur,Chaksu APMC,Cereals,Wheat,Other,FAQ,"2,040.00","2,200.00","2,161.00",Rs./Quintal,6/9/2022
Rajasthan,Jaipur,Chaksu APMC,Cereals,Wheat,Other,FAQ,"2,071.00","2,175.00","2,160.00",Rs./Quintal,5/9/2022
Rajasthan,Jaipur,Chaksu APMC,Cereals,Wheat,Other,FAQ,"2,125.00","2,181.00","2,175.00",Rs./Quintal,3/9/2022
Rajasthan,Jaipur,Chaksu APMC,Cereals,Wheat,Other,FAQ,"2,160.00","2,215.00","2,200.00",Rs./Quintal,2/9/2022
Rajasthan,Jaipur,Chaksu APMC,Cereals,Wheat,Other,FAQ,"2,172.00","2,205.00","2,190.00",Rs./Quintal,1/9/2022
Rajasthan,Jaipur,Chaksu APMC,Cereals,Wheat,Other,FAQ,"2,150.00","2,205.00","2,195.00",Rs./Quintal,30-08-2022
Rajasthan,Jaipur,Chaksu APMC,Cereals,Wheat,Other,FAQ,"2,100.00","2,216.00","2,180.00",Rs./Quintal,29-08-2022
Rajasthan,Jaipur,Chaksu APMC,Cereals,Wheat,Other,FAQ,"2,051.00","2,200.00","2,165.00",Rs./Quintal,27-08-2022
Rajasthan,Jaipur,Chaksu APMC,Cereals,Wheat,Other,FAQ,"2,125.00","2,200.00","2,161.00",Rs./Quintal,26-08-2022
Rajasthan,Jaipur,Chaksu APMC,Cereals,Wheat,Other,FAQ,"2,160.00","2,215.00","2,200.00",Rs./Quintal,24-08-2022
Rajasthan,Jaipur,Chaksu APMC,Cereals,Wheat,Other,FAQ,"1,825.00","2,200.00","2,180.00",Rs./Quintal,23-08-2022
Rajasthan,Jaipur,Chaksu APMC,Cereals,Wheat,Other,FAQ,"2,200.00","2,251.00","2,231.00",Rs./Quintal,22-08-2022
Rajasthan,Jaipur,Chaksu APMC,Cereals,Wheat,Other,FAQ,"1,800.00","2,245.00","2,200.00",Rs./Quintal,20-08-2022
Rajasthan,Jaipur,Chaksu APMC,Cereals,Wheat,Other,FAQ,"2,162.00","2,230.00","2,175.00",Rs./Quintal,17-08-2022
Rajasthan,Jaipur,Chaksu APMC,Cereals,Wheat,Other,FAQ,"2,106.00","2,225.00","2,111.00",Rs./Quintal,16-08-2022
Rajasthan,Jaipur,Chaksu APMC,Cereals,Wheat,Other,FAQ,"2,160.00","2,180.00","2,180.00",Rs./Quintal,13-08-2022
Rajasthan,Jaipur,Chaksu APMC,Cereals,Wheat,Other,FAQ,"2,170.00","2,211.00","2,205.00",Rs./Quintal,6/8/2022
Rajasthan,Jaipur,Chaksu APMC,Cereals,Wheat,Other,FAQ,"2,000.00","2,236.00","2,200.00",Rs./Quintal,5/8/2022
Rajasthan,Jaipur,Chaksu APMC,Cereals,Wheat,Other,FAQ,"2,160.00","2,225.00","2,200.00",Rs./Quintal,4/8/2022
Rajasthan,Jaipur,Chaksu APMC,Cereals,Wheat,Other,FAQ,"2,175.00","2,240.00","2,201.00",Rs./Quintal,3/8/2022
Rajasthan,Jaipur,Chaksu APMC,Cereals,Wheat,Other,FAQ,"2,225.00","2,294.00","2,241.00",Rs./Quintal,30-07-2022
Rajasthan,Jaipur,Chaksu APMC,Cereals,Wheat,Other,FAQ,"2,185.00","2,285.00","2,251.00",Rs./Quintal,29-07-2022
Rajasthan,Jaipur,Chaksu APMC,Cereals,Wheat,Other,FAQ,"2,160.00","2,288.00","2,236.00",Rs./Quintal,28-07-2022
Rajasthan,Jaipur,Chaksu APMC,Cereals,Wheat,Other,FAQ,"2,121.00","2,168.00","2,150.00",Rs./Quintal,27-07-2022
Rajasthan,Jaipur,Chaksu APMC,Cereals,Wheat,Other,FAQ,"2,156.00","2,198.00","2,178.00",Rs./Quintal,26-07-2022
Rajasthan,Jaipur,Chaksu APMC,Cereals,Wheat,Other,FAQ,"2,100.00","2,162.00","2,162.00",Rs./Quintal,25-07-2022
Rajasthan,Jaipur,Chaksu APMC,Cereals,Wheat,Other,FAQ,"1,950.00","2,161.00","2,100.00",Rs./Quintal,22-07-2022
Rajasthan,Jaipur,Chaksu APMC,Cereals,Wheat,Other,FAQ,"2,116.00","2,290.00","2,135.00",Rs./Quintal,21-07-2022
Rajasthan,Jaipur,Chaksu APMC,Cereals,Wheat,Other,FAQ,"2,100.00","2,200.00","2,160.00",Rs./Quintal,20-07-2022
Rajasthan,Jaipur,Chaksu APMC,Cereals,Wheat,Other,FAQ,"2,079.00","2,200.00","2,125.00",Rs./Quintal,19-07-2022
Rajasthan,Jaipur,Chaksu APMC,Cereals,Wheat,Other,FAQ,"2,081.00","2,188.00","2,101.00",Rs./Quintal,18-07-2022
Rajasthan,Jaipur,Chaksu APMC,Cereals,Wheat,Other,FAQ,"2,051.00","2,180.00","2,111.00",Rs./Quintal,15-07-2022
Rajasthan,Jaipur,Chaksu APMC,Cereals,Wheat,Other,FAQ,"2,021.00","2,131.00","2,051.00",Rs./Quintal,14-07-2022
Rajasthan,Jaipur,Chaksu APMC,Cereals,Wheat,Other,FAQ,"2,000.00","2,075.00","2,050.00",Rs./Quintal,13-07-2022
Rajasthan,Jaipur,Chaksu APMC,Cereals,Wheat,Other,FAQ,"2,021.00","2,102.00","2,061.00",Rs./Quintal,12/7/2022
Rajasthan,Jaipur,Chaksu APMC,Cereals,Wheat,Other,FAQ,"2,055.00","2,080.00","2,080.00",Rs./Quintal,11/7/2022
Rajasthan,Jaipur,Chaksu APMC,Cereals,Wheat,Other,FAQ,"2,000.00","2,061.00","2,050.00",Rs./Quintal,9/7/2022
Rajasthan,Jaipur,Chaksu APMC,Cereals,Wheat,Other,FAQ,"1,995.00","2,125.00","2,015.00",Rs./Quintal,8/7/2022
Rajasthan,Jaipur,Chaksu APMC,Cereals,Wheat,Other,FAQ,"2,081.00","2,232.00","2,135.00",Rs./Quintal,7/7/2022
Rajasthan,Jaipur,Chaksu APMC,Cereals,Wheat,Other,FAQ,"2,065.00","2,116.00","2,100.00",Rs./Quintal,6/7/2022
Rajasthan,Jaipur,Chaksu APMC,Cereals,Wheat,Other,FAQ,"2,040.00","2,201.00","2,150.00",Rs./Quintal,5/7/2022
Rajasthan,Jaipur,Chaksu APMC,Cereals,Wheat,Other,FAQ,"2,000.00","2,101.00","2,075.00",Rs./Quintal,4/7/2022
Rajasthan,Jaipur,Chaksu APMC,Cereals,Wheat,Other,FAQ,"2,025.00","2,190.00","2,065.00",Rs./Quintal,2/7/2022
Rajasthan,Jaipur,Chaksu APMC,Cereals,Wheat,Other,FAQ,"2,030.00","2,030.00","2,030.00",Rs./Quintal,1/7/2022
Rajasthan,Jaipur,Chaksu APMC,Cereals,Wheat,Other,FAQ,"1,900.00","2,070.00","2,000.00",Rs./Quintal,29-06-2022
Rajasthan,Jaipur,Chaksu APMC,Cereals,Wheat,Other,FAQ,"1,975.00","2,150.00","2,050.00",Rs./Quintal,28-06-2022
Rajasthan,Jaipur,Chaksu APMC,Cereals,Wheat,Other,FAQ,"1,950.00","2,051.00","2,010.00",Rs./Quintal,27-06-2022
Rajasthan,Jaipur,Chaksu APMC,Cereals,Wheat,Other,FAQ,"1,950.00","2,000.00","1,992.00",Rs./Quintal,25-06-2022
Rajasthan,Jaipur,Chaksu APMC,Cereals,Wheat,Other,FAQ,"1,950.00","2,160.00","2,000.00",Rs./Quintal,24-06-2022
Rajasthan,Jaipur,Chaksu APMC,Cereals,Wheat,Other,FAQ,"1,962.00","2,120.00","1,983.00",Rs./Quintal,23-06-2022
Rajasthan,Jaipur,Chaksu APMC,Cereals,Wheat,Other,FAQ,"1,640.00","1,989.00","1,950.00",Rs./Quintal,22-06-2022
Rajasthan,Jaipur,Chaksu APMC,Cereals,Wheat,Other,FAQ,"1,900.00","1,946.00","1,942.00",Rs./Quintal,21-06-2022
Rajasthan,Jaipur,Chaksu APMC,Cereals,Wheat,Other,FAQ,"1,800.00","1,946.00","1,930.00",Rs./Quintal,20-06-2022
Rajasthan,Jaipur,Chaksu APMC,Cereals,Wheat,Other,FAQ,"1,900.00","2,126.00","1,950.00",Rs./Quintal,17-06-2022
Rajasthan,Jaipur,Chaksu APMC,Cereals,Wheat,Other,FAQ,"1,900.00","2,100.00","2,040.00",Rs./Quintal,16-06-2022
Rajasthan,Jaipur,Chaksu APMC,Cereals,Wheat,Other,FAQ,"2,025.00","2,270.00","2,045.00",Rs./Quintal,15-06-2022
Rajasthan,Jaipur,Chaksu APMC,Cereals,Wheat,Other,FAQ,"2,051.00","2,269.00","2,111.00",Rs./Quintal,14-06-2022
Rajasthan,Jaipur,Chaksu APMC,Cereals,Wheat,Other,FAQ,"2,050.00","2,250.00","2,171.00",Rs./Quintal,13-06-2022
Rajasthan,Jaipur,Chaksu APMC,Cereals,Wheat,Other,FAQ,"2,000.00","2,250.00","2,071.00",Rs./Quintal,11/6/2022
Rajasthan,Jaipur,Chaksu APMC,Cereals,Wheat,Other,FAQ,"2,022.00","2,235.00","2,030.00",Rs./Quintal,10/6/2022
Rajasthan,Jaipur,Chaksu APMC,Cereals,Wheat,Other,FAQ,"4,225.00","4,525.00","4,470.00",Rs./Quintal,9/6/2022
Rajasthan,Jaipur,Chaksu APMC,Cereals,Wheat,Other,FAQ,"2,000.00","2,238.00","2,138.00",Rs./Quintal,8/6/2022
Rajasthan,Jaipur,Chaksu APMC,Cereals,Wheat,Other,FAQ,"2,001.00","2,184.00","2,100.00",Rs./Quintal,7/6/2022
Rajasthan,Jaipur,Chaksu APMC,Cereals,Wheat,Other,FAQ,"2,055.00","2,125.00","2,085.00",Rs./Quintal,6/6/2022
Rajasthan,Jaipur,Chaksu APMC,Cereals,Wheat,Other,FAQ,"2,050.00","2,231.00","2,100.00",Rs./Quintal,4/6/2022
Rajasthan,Jaipur,Chaksu APMC,Cereals,Wheat,Other,FAQ,"2,051.00","2,216.00","2,081.00",Rs./Quintal,3/6/2022
Rajasthan,Jaipur,Chaksu APMC,Cereals,Wheat,Other,FAQ,"2,000.00","2,230.00","2,100.00",Rs./Quintal,2/6/2022
Rajasthan,Jaipur,Chaksu APMC,Cereals,Wheat,Other,FAQ,"2,051.00","2,268.00","2,100.00",Rs./Quintal,1/6/2022
Rajasthan,Jaipur,Chaksu APMC,Cereals,Wheat,Other,FAQ,"2,050.00","2,230.00","2,100.00",Rs./Quintal,31-05-2022
Rajasthan,Jaipur,Chaksu APMC,Cereals,Wheat,Other,FAQ,"2,000.00","2,200.00","2,100.00",Rs./Quintal,28-05-2022
Rajasthan,Jaipur,Chaksu APMC,Cereals,Wheat,Other,FAQ,"2,064.00","2,202.00","2,145.00",Rs./Quintal,27-05-2022
Rajasthan,Jaipur,Chaksu APMC,Cereals,Wheat,Other,FAQ,"2,050.00","2,280.00","2,100.00",Rs./Quintal,26-05-2022
Rajasthan,Jaipur,Chaksu APMC,Cereals,Wheat,Other,FAQ,"2,031.00","2,331.00","2,100.00",Rs./Quintal,25-05-2022
Rajasthan,Jaipur,Chaksu APMC,Cereals,Wheat,Other,FAQ,"2,040.00","2,309.00","2,100.00",Rs./Quintal,24-05-2022
Rajasthan,Jaipur,Chaksu APMC,Cereals,Wheat,Other,FAQ,"2,000.00","2,155.00","2,070.00",Rs./Quintal,23-05-2022
Rajasthan,Jaipur,Chaksu APMC,Cereals,Wheat,Other,FAQ,"2,601.00","2,925.00","2,900.00",Rs./Quintal,21-05-2022
Rajasthan,Jaipur,Chaksu APMC,Cereals,Wheat,Other,FAQ,"2,165.00","2,360.00","2,200.00",Rs./Quintal,20-05-2022
Rajasthan,Jaipur,Chaksu APMC,Cereals,Wheat,Other,FAQ,"2,100.00","2,450.00","2,250.00",Rs./Quintal,19-05-2022
Rajasthan,Jaipur,Chaksu APMC,Cereals,Wheat,Other,FAQ,"2,000.00","2,240.00","2,220.00",Rs./Quintal,18-05-2022
Rajasthan,Jaipur,Chaksu APMC,Cereals,Wheat,Other,FAQ,"2,100.00","2,260.00","2,226.00",Rs./Quintal,17-05-2022
Rajasthan,Jaipur,Chaksu APMC,Cereals,Wheat,Other,FAQ,"2,075.00","2,200.00","2,175.00",Rs./Quintal,16-05-2022
Rajasthan,Jaipur,Chaksu APMC,Cereals,Wheat,Other,FAQ,"2,038.00","2,400.00","2,265.00",Rs./Quintal,12/5/2022
Rajasthan,Jaipur,Chaksu APMC,Cereals,Wheat,Other,FAQ,"2,225.00","2,500.00","2,334.00",Rs./Quintal,11/5/2022
Rajasthan,Jaipur,Chaksu APMC,Cereals,Wheat,Other,FAQ,"2,235.00","2,339.00","2,290.00",Rs./Quintal,10/5/2022
Rajasthan,Jaipur,Chaksu APMC,Cereals,Wheat,Other,FAQ,"2,250.00","2,401.00","2,271.00",Rs./Quintal,9/5/2022
Rajasthan,Jaipur,Chaksu APMC,Cereals,Wheat,Other,FAQ,"2,250.00","2,440.00","2,300.00",Rs./Quintal,7/5/2022
Rajasthan,Jaipur,Chaksu APMC,Cereals,Wheat,Other,FAQ,"2,211.00","2,400.00","2,280.00",Rs./Quintal,6/5/2022
Rajasthan,Jaipur,Chaksu APMC,Cereals,Wheat,Other,FAQ,"2,175.00","2,392.00","2,250.00",Rs./Quintal,5/5/2022
Rajasthan,Jaipur,Chaksu APMC,Cereals,Wheat,Other,FAQ,"2,050.00","2,461.00","2,250.00",Rs./Quintal,4/5/2022
Rajasthan,Jaipur,Chaksu APMC,Cereals,Wheat,Other,FAQ,"1,500.00","2,371.00","2,275.00",Rs./Quintal,2/5/2022
Rajasthan,Jaipur,Chaksu APMC,Cereals,Wheat,Other,FAQ,"1,950.00","2,454.00","2,260.00",Rs./Quintal,29-04-2022
Rajasthan,Jaipur,Chaksu APMC,Cereals,Wheat,Other,FAQ,"2,170.00","2,420.00","2,250.00",Rs./Quintal,28-04-2022
Rajasthan,Jaipur,Chaksu APMC,Cereals,Wheat,Other,FAQ,"2,165.00","2,402.00","2,240.00",Rs./Quintal,27-04-2022
Rajasthan,Jaipur,Chaksu APMC,Cereals,Wheat,Other,FAQ,"2,115.00","2,380.00","2,225.00",Rs./Quintal,26-04-2022
Rajasthan,Jaipur,Chaksu APMC,Cereals,Wheat,Other,FAQ,"2,150.00","2,330.00","2,230.00",Rs./Quintal,25-04-2022
Rajasthan,Jaipur,Chaksu APMC,Cereals,Wheat,Other,FAQ,"2,141.00","2,330.00","2,250.00",Rs./Quintal,23-04-2022
Rajasthan,Jaipur,Chaksu APMC,Cereals,Wheat,Other,FAQ,"2,100.00","2,286.00","2,166.00",Rs./Quintal,21-04-2022
Rajasthan,Jaipur,Chaksu APMC,Cereals,Wheat,Other,FAQ,"2,100.00","2,290.00","2,220.00",Rs./Quintal,20-04-2022
Rajasthan,Jaipur,Chaksu APMC,Cereals,Wheat,Other,FAQ,"2,100.00","2,345.00","2,250.00",Rs./Quintal,19-04-2022
Rajasthan,Jaipur,Chaksu APMC,Cereals,Wheat,Other,FAQ,"1,600.00","2,345.00","2,200.00",Rs./Quintal,18-04-2022
Rajasthan,Jaipur,Chaksu APMC,Cereals,Wheat,Other,FAQ,"2,050.00","2,218.00","2,100.00",Rs./Quintal,16-04-2022
Rajasthan,Jaipur,Chaksu APMC,Cereals,Wheat,Other,FAQ,"2,000.00","2,211.00","2,100.00",Rs./Quintal,13-04-2022
Rajasthan,Jaipur,Chaksu APMC,Cereals,Wheat,Other,FAQ,"2,000.00","2,216.00","2,108.00",Rs./Quintal,12/4/2022
Rajasthan,Jaipur,Chaksu APMC,Cereals,Wheat,Other,FAQ,"1,971.00","2,231.00","2,135.00",Rs./Quintal,11/4/2022
Rajasthan,Jaipur,Chaksu APMC,Cereals,Wheat,Other,FAQ,"1,961.00","2,283.00","2,100.00",Rs./Quintal,9/4/2022
Rajasthan,Jaipur,Chaksu APMC,Cereals,Wheat,Other,FAQ,"1,976.00","2,300.00","2,080.00",Rs./Quintal,8/4/2022
Rajasthan,Jaipur,Chaksu APMC,Cereals,Wheat,Other,FAQ,"1,900.00","2,269.00","2,100.00",Rs./Quintal,7/4/2022
Rajasthan,Jaipur,Chaksu APMC,Cereals,Wheat,Other,FAQ,"2,000.00","2,212.00","2,100.00",Rs./Quintal,6/4/2022
Rajasthan,Jaipur,Chaksu APMC,Cereals,Wheat,Other,FAQ,"2,000.00","2,200.00","2,100.00",Rs./Quintal,5/4/2022
Rajasthan,Jaipur,Chaksu APMC,Cereals,Wheat,Other,FAQ,"1,900.00","2,255.00","2,100.00",Rs./Quintal,4/4/2022
Rajasthan,Jaipur,Chaksu APMC,Cereals,Wheat,Other,FAQ,"2,000.00","2,300.00","2,146.00",Rs./Quintal,28-03-2022
Rajasthan,Jaipur,Chaksu APMC,Cereals,Wheat,Other,FAQ,"1,551.00","2,069.00","2,025.00",Rs./Quintal,24-03-2022
Rajasthan,Jaipur,Chaksu APMC,Cereals,Wheat,Other,FAQ,"1,551.00","2,069.00","2,025.00",Rs./Quintal,23-03-2022
Rajasthan,Jaipur,Chaksu APMC,Cereals,Wheat,Other,FAQ,"1,755.00","2,064.00","2,021.00",Rs./Quintal,22-03-2022
Rajasthan,Jaipur,Chaksu APMC,Cereals,Wheat,Other,FAQ,"1,900.00","2,050.00","2,031.00",Rs./Quintal,21-03-2022
Rajasthan,Jaipur,Chaksu APMC,Cereals,Wheat,Other,FAQ,"2,130.00","2,200.00","2,140.00",Rs./Quintal,12/3/2022
Rajasthan,Jaipur,Chaksu APMC,Cereals,Wheat,Other,FAQ,"2,060.00","2,100.00","2,090.00",Rs./Quintal,4/3/2022
Rajasthan,Jaipur,Chaksu APMC,Cereals,Wheat,Other,FAQ,"1,927.00","2,100.00","2,042.00",Rs./Quintal,3/3/2022
Rajasthan,Jaipur,Chaksu APMC,Cereals,Wheat,Other,FAQ,"1,910.00","2,100.00","2,046.00",Rs./Quintal,2/3/2022
Rajasthan,Jaipur,Chaksu APMC,Cereals,Wheat,Other,FAQ,"1,900.00","2,016.00","1,998.00",Rs./Quintal,1/3/2022
Rajasthan,Jaipur,Chaksu APMC,Cereals,Wheat,Other,FAQ,"1,971.00","2,013.00","2,002.00",Rs./Quintal,24-02-2022
Rajasthan,Jaipur,Chaksu APMC,Cereals,Wheat,Other,FAQ,"1,980.00","2,010.00","1,990.00",Rs./Quintal,23-02-2022
Rajasthan,Jaipur,Chaksu APMC,Cereals,Wheat,Other,FAQ,"1,590.00","2,040.00","1,960.00",Rs./Quintal,22-02-2022
Rajasthan,Jaipur,Chaksu APMC,Cereals,Wheat,Other,FAQ,"1,850.00","2,011.00","2,000.00",Rs./Quintal,21-02-2022
Rajasthan,Jaipur,Chaksu APMC,Cereals,Wheat,Other,FAQ,"1,935.00","2,001.00","1,970.00",Rs./Quintal,19-02-2022
Rajasthan,Jaipur,Chaksu APMC,Cereals,Wheat,Other,FAQ,"1,871.00","2,022.00","2,000.00",Rs./Quintal,18-02-2022
Rajasthan,Jaipur,Chaksu APMC,Cereals,Wheat,Other,FAQ,"2,005.00","2,077.00","2,045.00",Rs./Quintal,16-02-2022
Rajasthan,Jaipur,Chaksu APMC,Cereals,Wheat,Other,FAQ,"2,021.00","2,035.00","2,032.00",Rs./Quintal,15-02-2022
Rajasthan,Jaipur,Chaksu APMC,Cereals,Wheat,Other,FAQ,"2,000.00","2,060.00","2,040.00",Rs./Quintal,14-02-2022
Rajasthan,Jaipur,Chaksu APMC,Cereals,Wheat,Other,FAQ,"1,405.00","2,065.00","2,048.00",Rs./Quintal,12/2/2022
Rajasthan,Jaipur,Chaksu APMC,Cereals,Wheat,Other,FAQ,"1,931.00","2,050.00","2,021.00",Rs./Quintal,10/2/2022
Rajasthan,Jaipur,Chaksu APMC,Cereals,Wheat,Other,FAQ,"2,045.00","2,045.00","2,045.00",Rs./Quintal,9/2/2022
Rajasthan,Jaipur,Chaksu APMC,Cereals,Wheat,Other,FAQ,"2,025.00","2,045.00","2,042.00",Rs./Quintal,8/2/2022
Rajasthan,Jaipur,Chaksu APMC,Cereals,Wheat,Other,FAQ,"1,880.00","2,061.00","2,030.00",Rs./Quintal,7/2/2022
Rajasthan,Jaipur,Chaksu APMC,Cereals,Wheat,Other,FAQ,"2,020.00","2,057.00","2,036.00",Rs./Quintal,5/2/2022
Rajasthan,Jaipur,Chaksu APMC,Cereals,Wheat,Other,FAQ,"1,975.00","2,070.00","2,038.00",Rs./Quintal,4/2/2022
Rajasthan,Jaipur,Chaksu APMC,Cereals,Wheat,Other,FAQ,"2,005.00","2,125.00","2,062.00",Rs./Quintal,3/2/2022
Rajasthan,Jaipur,Chaksu APMC,Cereals,Wheat,Other,FAQ,"2,000.00","2,061.00","2,050.00",Rs./Quintal,2/2/2022
Rajasthan,Jaipur,Chaksu APMC,Cereals,Wheat,Other,FAQ,"2,016.00","2,081.00","2,046.00",Rs./Quintal,1/2/2022
Rajasthan,Jaipur,Chaksu APMC,Cereals,Wheat,Other,FAQ,"2,000.00","2,056.00","2,025.00",Rs./Quintal,31-01-2022
Rajasthan,Jaipur,Chaksu APMC,Cereals,Wheat,Other,FAQ,"1,981.00","2,035.00","2,000.00",Rs./Quintal,29-01-2022
Rajasthan,Jaipur,Chaksu APMC,Cereals,Wheat,Other,FAQ,"1,990.00","2,046.00","2,010.00",Rs./Quintal,28-01-2022
Rajasthan,Jaipur,Chaksu APMC,Cereals,Wheat,Other,FAQ,"1,916.00","2,070.00","2,000.00",Rs./Quintal,27-01-2022
Rajasthan,Jaipur,Chaksu APMC,Cereals,Wheat,Other,FAQ,"1,850.00","2,056.00","1,986.00",Rs./Quintal,25-01-2022
Rajasthan,Jaipur,Chaksu APMC,Cereals,Wheat,Other,FAQ,"1,900.00","2,040.00","1,996.00",Rs./Quintal,24-01-2022
Rajasthan,Jaipur,Chaksu APMC,Cereals,Wheat,Other,FAQ,"1,800.00","2,022.00","2,011.00",Rs./Quintal,22-01-2022
Rajasthan,Jaipur,Chaksu APMC,Cereals,Wheat,Other,FAQ,"1,965.00","2,051.00","2,026.00",Rs./Quintal,21-01-2022
Rajasthan,Jaipur,Chaksu APMC,Cereals,Wheat,Other,FAQ,"1,800.00","2,020.00","2,000.00",Rs./Quintal,20-01-2022
Rajasthan,Jaipur,Chaksu APMC,Cereals,Wheat,Other,FAQ,"1,911.00","2,040.00","2,000.00",Rs./Quintal,19-01-2022
Rajasthan,Jaipur,Chaksu APMC,Cereals,Wheat,Other,FAQ,"1,970.00","2,070.00","2,000.00",Rs./Quintal,18-01-2022
Rajasthan,Jaipur,Chaksu APMC,Cereals,Wheat,Other,FAQ,"1,970.00","2,036.00","2,000.00",Rs./Quintal,17-01-2022
Rajasthan,Jaipur,Chaksu APMC,Cereals,Wheat,Other,FAQ,"1,971.00","2,028.00","1,981.00",Rs./Quintal,11/1/2022
Rajasthan,Jaipur,Chaksu APMC,Cereals,Wheat,Other,FAQ,"1,850.00","2,000.00","1,970.00",Rs./Quintal,10/1/2022
Rajasthan,Jaipur,Chaksu APMC,Cereals,Wheat,Other,FAQ,"1,700.00","2,012.00","1,951.00",Rs./Quintal,7/1/2022
Rajasthan,Jaipur,Chaksu APMC,Cereals,Wheat,Other,FAQ,"1,941.00","1,941.00","1,941.00",Rs./Quintal,6/1/2022
Rajasthan,Jaipur,Chaksu APMC,Cereals,Wheat,Other,FAQ,"1,984.00","1,984.00","1,984.00",Rs./Quintal,5/1/2022
Rajasthan,Jaipur,Chaksu APMC,Cereals,Wheat,Other,FAQ,"1,911.00","1,971.00","1,950.00",Rs./Quintal,4/1/2022
Rajasthan,Jaipur,Chaksu APMC,Cereals,Wheat,Other,FAQ,"1,940.00","1,968.00","1,950.00",Rs./Quintal,3/1/2022
Rajasthan,Jaipur,Chaksu APMC,Cereals,Wheat,Other,FAQ,"1,845.00","1,951.00","1,948.00",Rs./Quintal,1/1/2022
Rajasthan,Jaipur,Chaksu APMC,Cereals,Wheat,Other,FAQ,"1,681.00","1,969.00","1,950.00",Rs./Quintal,31-12-2021
Rajasthan,Jaipur,Chaksu APMC,Cereals,Wheat,Other,FAQ,"1,900.00","1,984.00","1,960.00",Rs./Quintal,30-12-2021
Rajasthan,Jaipur,Chaksu APMC,Cereals,Wheat,Other,FAQ,"1,900.00","1,965.00","1,940.00",Rs./Quintal,29-12-2021
Rajasthan,Jaipur,Chaksu APMC,Cereals,Wheat,Other,FAQ,"1,928.00","1,961.00","1,948.00",Rs./Quintal,28-12-2021
Rajasthan,Jaipur,Chaksu APMC,Cereals,Wheat,Other,FAQ,"1,945.00","1,960.00","1,955.00",Rs./Quintal,27-12-2021
Rajasthan,Jaipur,Chaksu APMC,Cereals,Wheat,Other,FAQ,"1,875.00","2,020.00","1,938.00",Rs./Quintal,25-12-2021
Rajasthan,Jaipur,Chaksu APMC,Cereals,Wheat,Other,FAQ,"1,821.00","1,992.00","1,930.00",Rs./Quintal,24-12-2021
Rajasthan,Jaipur,Chaksu APMC,Cereals,Wheat,Other,FAQ,"1,831.00","1,982.00","1,940.00",Rs./Quintal,23-12-2021
Rajasthan,Jaipur,Chaksu APMC,Cereals,Wheat,Other,FAQ,"1,942.00","1,951.00","1,942.00",Rs./Quintal,22-12-2021
Rajasthan,Jaipur,Chaksu APMC,Cereals,Wheat,Other,FAQ,"1,900.00","1,961.00","1,940.00",Rs./Quintal,21-12-2021
Rajasthan,Jaipur,Chaksu APMC,Cereals,Wheat,Other,FAQ,"1,920.00","1,995.00","1,947.00",Rs./Quintal,20-12-2021
Rajasthan,Jaipur,Chaksu APMC,Cereals,Wheat,Other,FAQ,"1,939.00","1,974.00","1,941.00",Rs./Quintal,17-12-2021
Rajasthan,Jaipur,Chaksu APMC,Cereals,Wheat,Other,FAQ,"1,875.00","2,001.00","1,961.00",Rs./Quintal,16-12-2021
Rajasthan,Jaipur,Chaksu APMC,Cereals,Wheat,Other,FAQ,"1,971.00","1,982.00","1,975.00",Rs./Quintal,15-12-2021
Rajasthan,Jaipur,Chaksu APMC,Cereals,Wheat,Other,FAQ,"1,900.00","2,071.00","1,970.00",Rs./Quintal,14-12-2021
Rajasthan,Jaipur,Chaksu APMC,Cereals,Wheat,Other,FAQ,"1,931.00","2,035.00","2,000.00",Rs./Quintal,13-12-2021
Rajasthan,Jaipur,Chaksu APMC,Cereals,Wheat,Other,FAQ,"1,941.00","2,012.00","1,960.00",Rs./Quintal,11/12/2021
Rajasthan,Jaipur,Chaksu APMC,Cereals,Wheat,Other,FAQ,"1,950.00","2,031.00","2,000.00",Rs./Quintal,10/12/2021
Rajasthan,Jaipur,Chaksu APMC,Cereals,Wheat,Other,FAQ,"1,920.00","2,042.00","2,000.00",Rs./Quintal,9/12/2021
Rajasthan,Jaipur,Chaksu APMC,Cereals,Wheat,Other,FAQ,"1,925.00","2,064.00","2,023.00",Rs./Quintal,8/12/2021
Rajasthan,Jaipur,Chaksu APMC,Cereals,Wheat,Other,FAQ,"1,990.00","2,051.00","2,021.00",Rs./Quintal,7/12/2021
Rajasthan,Jaipur,Chaksu APMC,Cereals,Wheat,Other,FAQ,"1,985.00","2,071.00","2,024.00",Rs./Quintal,6/12/2021
Rajasthan,Jaipur,Chaksu APMC,Cereals,Wheat,Other,FAQ,"2,019.00","2,061.00","2,035.00",Rs./Quintal,4/12/2021
Rajasthan,Jaipur,Chaksu APMC,Cereals,Wheat,Other,FAQ,"1,900.00","2,041.00","2,015.00",Rs./Quintal,2/12/2021
Rajasthan,Jaipur,Chaksu APMC,Cereals,Wheat,Other,FAQ,"1,970.00","2,080.00","2,040.00",Rs./Quintal,30-11-2021
Rajasthan,Jaipur,Chaksu APMC,Cereals,Wheat,Other,FAQ,"1,950.00","2,030.00","2,000.00",Rs./Quintal,29-11-2021
Rajasthan,Jaipur,Chaksu APMC,Cereals,Wheat,Other,FAQ,"1,972.00","2,010.00","2,000.00",Rs./Quintal,27-11-2021
Rajasthan,Jaipur,Chaksu APMC,Cereals,Wheat,Other,FAQ,"1,900.00","2,074.00","2,035.00",Rs./Quintal,24-11-2021
Rajasthan,Jaipur,Chaksu APMC,Cereals,Wheat,Other,FAQ,"1,957.00","2,059.00","2,030.00",Rs./Quintal,23-11-2021
Rajasthan,Jaipur,Chaksu APMC,Cereals,Wheat,Other,FAQ,"2,000.00","2,035.00","2,025.00",Rs./Quintal,22-11-2021
Rajasthan,Jaipur,Chaksu APMC,Cereals,Wheat,Other,FAQ,"2,000.00","2,035.00","2,025.00",Rs./Quintal,20-11-2021
Rajasthan,Jaipur,Chaksu APMC,Cereals,Wheat,Other,FAQ,"1,980.00","2,031.00","2,010.00",Rs./Quintal,19-11-2021
Rajasthan,Jaipur,Chaksu APMC,Cereals,Wheat,Other,FAQ,"1,900.00","2,035.00","2,025.00",Rs./Quintal,18-11-2021
Rajasthan,Jaipur,Chaksu APMC,Cereals,Wheat,Other,FAQ,"1,925.00","2,045.00","2,025.00",Rs./Quintal,17-11-2021
Rajasthan,Jaipur,Chaksu APMC,Cereals,Wheat,Other,FAQ,"1,950.00","2,050.00","2,020.00",Rs./Quintal,16-11-2021
Rajasthan,Jaipur,Chaksu APMC,Cereals,Wheat,Other,FAQ,"2,000.00","2,047.00","2,025.00",Rs./Quintal,15-11-2021
Rajasthan,Jaipur,Chaksu APMC,Cereals,Wheat,Other,FAQ,"1,931.00","2,081.00","2,020.00",Rs./Quintal,13-11-2021
Rajasthan,Jaipur,Chaksu APMC,Cereals,Wheat,Other,FAQ,"1,981.00","2,052.00","2,020.00",Rs./Quintal,12/11/2021
Rajasthan,Jaipur,Chaksu APMC,Cereals,Wheat,Other,FAQ,"1,700.00","2,064.00","2,020.00",Rs./Quintal,11/11/2021
Rajasthan,Jaipur,Chaksu APMC,Cereals,Wheat,Other,FAQ,"1,800.00","2,021.00","2,000.00",Rs./Quintal,10/11/2021
Rajasthan,Jaipur,Chaksu APMC,Cereals,Wheat,Other,FAQ,"1,861.00","2,000.00","1,995.00",Rs./Quintal,9/11/2021
Rajasthan,Jaipur,Chaksu APMC,Cereals,Wheat,Other,FAQ,"1,930.00","2,040.00","1,985.00",Rs./Quintal,8/11/2021
Rajasthan,Jaipur,Chomu Grain APMC,Cereals,Wheat,Other,FAQ,"2,320.00","2,320.00","2,320.00",Rs./Quintal,20-10-2022
Rajasthan,Jaipur,Chomu Grain APMC,Cereals,Wheat,Other,FAQ,"2,311.00","2,311.00","2,311.00",Rs./Quintal,19-10-2022
Rajasthan,Jaipur,Chomu Grain APMC,Cereals,Wheat,Other,FAQ,"2,330.00","2,330.00","2,330.00",Rs./Quintal,18-10-2022
Rajasthan,Jaipur,Chomu Grain APMC,Cereals,Wheat,Other,FAQ,"2,311.00","2,311.00","2,311.00",Rs./Quintal,15-10-2022
Rajasthan,Jaipur,Chomu Grain APMC,Cereals,Wheat,Other,FAQ,"2,180.00","2,180.00","2,180.00",Rs./Quintal,13-10-2022
Rajasthan,Jaipur,Chomu Grain APMC,Cereals,Wheat,Other,FAQ,"2,200.00","2,200.00","2,200.00",Rs./Quintal,10/10/2022
Rajasthan,Jaipur,Chomu Grain APMC,Cereals,Wheat,Other,FAQ,"2,200.00","2,200.00","2,200.00",Rs./Quintal,7/10/2022
Rajasthan,Jaipur,Chomu Grain APMC,Cereals,Wheat,Other,FAQ,"2,330.00","2,330.00","2,330.00",Rs./Quintal,6/10/2022
Rajasthan,Jaipur,Chomu Grain APMC,Cereals,Wheat,Other,FAQ,"2,050.00","2,100.00","2,080.00",Rs./Quintal,29-09-2022
Rajasthan,Jaipur,Chomu Grain APMC,Cereals,Wheat,Other,FAQ,"2,370.00","2,370.00","2,370.00",Rs./Quintal,28-09-2022
Rajasthan,Jaipur,Chomu Grain APMC,Cereals,Wheat,Other,FAQ,"2,246.00","2,246.00","2,246.00",Rs./Quintal,22-09-2022
Rajasthan,Jaipur,Chomu Grain APMC,Cereals,Wheat,Other,FAQ,"1,950.00","1,950.00","1,950.00",Rs./Quintal,21-09-2022
Rajasthan,Jaipur,Chomu Grain APMC,Cereals,Wheat,Other,FAQ,"2,100.00","2,120.00","2,110.00",Rs./Quintal,20-09-2022
Rajasthan,Jaipur,Chomu Grain APMC,Cereals,Wheat,Other,FAQ,"2,281.00","2,281.00","2,281.00",Rs./Quintal,19-09-2022
Rajasthan,Jaipur,Chomu Grain APMC,Cereals,Wheat,Other,FAQ,"2,211.00","2,211.00","2,211.00",Rs./Quintal,15-09-2022
Rajasthan,Jaipur,Chomu Grain APMC,Cereals,Wheat,Other,FAQ,"2,190.00","2,190.00","2,190.00",Rs./Quintal,14-09-2022
Rajasthan,Jaipur,Chomu Grain APMC,Cereals,Wheat,Other,FAQ,"2,211.00","2,211.00","2,211.00",Rs./Quintal,13-09-2022
Rajasthan,Jaipur,Chomu Grain APMC,Cereals,Wheat,Other,FAQ,"2,170.00","2,270.00","2,220.00",Rs./Quintal,12/9/2022
Rajasthan,Jaipur,Chomu Grain APMC,Cereals,Wheat,Other,FAQ,"2,000.00","2,050.00","2,030.00",Rs./Quintal,10/9/2022
Rajasthan,Jaipur,Chomu Grain APMC,Cereals,Wheat,Other,FAQ,"2,150.00","2,150.00","2,150.00",Rs./Quintal,9/9/2022
Rajasthan,Jaipur,Chomu Grain APMC,Cereals,Wheat,Other,FAQ,"2,160.00","2,160.00","2,160.00",Rs./Quintal,7/9/2022
Rajasthan,Jaipur,Chomu Grain APMC,Cereals,Wheat,Other,FAQ,"2,222.00","2,222.00","2,222.00",Rs./Quintal,5/9/2022
Rajasthan,Jaipur,Chomu Grain APMC,Cereals,Wheat,Other,FAQ,"2,200.00","2,200.00","2,200.00",Rs./Quintal,1/9/2022
Rajasthan,Jaipur,Chomu Grain APMC,Cereals,Wheat,Other,FAQ,"2,200.00","2,200.00","2,200.00",Rs./Quintal,29-08-2022
Rajasthan,Jaipur,Chomu Grain APMC,Cereals,Wheat,Other,FAQ,"2,280.00","2,280.00","2,280.00",Rs./Quintal,27-08-2022
Rajasthan,Jaipur,Chomu Grain APMC,Cereals,Wheat,Other,FAQ,"2,222.00","2,222.00","2,222.00",Rs./Quintal,22-08-2022
Rajasthan,Jaipur,Chomu Grain APMC,Cereals,Wheat,Other,FAQ,"2,235.00","2,235.00","2,235.00",Rs./Quintal,20-08-2022
Rajasthan,Jaipur,Chomu Grain APMC,Cereals,Wheat,Other,FAQ,"2,262.00","2,262.00","2,262.00",Rs./Quintal,18-08-2022
Rajasthan,Jaipur,Chomu Grain APMC,Cereals,Wheat,Other,FAQ,"2,200.00","2,200.00","2,200.00",Rs./Quintal,17-08-2022
Rajasthan,Jaipur,Chomu Grain APMC,Cereals,Wheat,Other,FAQ,"2,170.00","2,250.00","2,200.00",Rs./Quintal,16-08-2022
Rajasthan,Jaipur,Chomu Grain APMC,Cereals,Wheat,Other,FAQ,"2,200.00","2,200.00","2,200.00",Rs./Quintal,8/8/2022
Rajasthan,Jaipur,Chomu Grain APMC,Cereals,Wheat,Other,FAQ,"2,150.00","2,150.00","2,150.00",Rs./Quintal,6/8/2022
Rajasthan,Jaipur,Chomu Grain APMC,Cereals,Wheat,Other,FAQ,"2,150.00","2,238.00","2,200.00",Rs./Quintal,5/8/2022
Rajasthan,Jaipur,Chomu Grain APMC,Cereals,Wheat,Other,FAQ,"2,165.00","2,165.00","2,165.00",Rs./Quintal,4/8/2022
Rajasthan,Jaipur,Chomu Grain APMC,Cereals,Wheat,Other,FAQ,"2,100.00","2,100.00","2,100.00",Rs./Quintal,27-07-2022
Rajasthan,Jaipur,Chomu Grain APMC,Cereals,Wheat,Other,FAQ,"2,205.00","2,205.00","2,205.00",Rs./Quintal,25-07-2022
Rajasthan,Jaipur,Chomu Grain APMC,Cereals,Wheat,Other,FAQ,"2,141.00","2,141.00","2,141.00",Rs./Quintal,22-07-2022
Rajasthan,Jaipur,Chomu Grain APMC,Cereals,Wheat,Other,FAQ,"2,190.00","2,190.00","2,190.00",Rs./Quintal,20-07-2022
Rajasthan,Jaipur,Chomu Grain APMC,Cereals,Wheat,Other,FAQ,"1,985.00","1,985.00","1,985.00",Rs./Quintal,18-07-2022
Rajasthan,Jaipur,Chomu Grain APMC,Cereals,Wheat,Other,FAQ,"2,090.00","2,090.00","2,090.00",Rs./Quintal,12/7/2022
Rajasthan,Jaipur,Chomu Grain APMC,Cereals,Wheat,Other,FAQ,"2,100.00","2,100.00","2,100.00",Rs./Quintal,9/7/2022
Rajasthan,Jaipur,Chomu Grain APMC,Cereals,Wheat,Other,FAQ,"2,070.00","2,070.00","2,070.00",Rs./Quintal,8/7/2022
Rajasthan,Jaipur,Chomu Grain APMC,Cereals,Wheat,Other,FAQ,"2,100.00","2,100.00","2,100.00",Rs./Quintal,6/7/2022
Rajasthan,Jaipur,Chomu Grain APMC,Cereals,Wheat,Other,FAQ,"1,930.00","1,930.00","1,930.00",Rs./Quintal,2/7/2022
Rajasthan,Jaipur,Chomu Grain APMC,Cereals,Wheat,Other,FAQ,"2,065.00","2,100.00","2,090.00",Rs./Quintal,29-06-2022
Rajasthan,Jaipur,Chomu Grain APMC,Cereals,Wheat,Other,FAQ,"1,900.00","1,900.00","1,900.00",Rs./Quintal,28-06-2022
Rajasthan,Jaipur,Chomu Grain APMC,Cereals,Wheat,Other,FAQ,"1,931.00","1,931.00","1,931.00",Rs./Quintal,27-06-2022
Rajasthan,Jaipur,Chomu Grain APMC,Cereals,Wheat,Other,FAQ,"1,900.00","1,900.00","1,900.00",Rs./Quintal,24-06-2022
Rajasthan,Jaipur,Chomu Grain APMC,Cereals,Wheat,Other,FAQ,"1,911.00","1,911.00","1,911.00",Rs./Quintal,23-06-2022
Rajasthan,Jaipur,Chomu Grain APMC,Cereals,Wheat,Other,FAQ,"1,950.00","1,950.00","1,950.00",Rs./Quintal,22-06-2022
Rajasthan,Jaipur,Chomu Grain APMC,Cereals,Wheat,Other,FAQ,"1,950.00","1,950.00","1,950.00",Rs./Quintal,20-06-2022
Rajasthan,Jaipur,Chomu Grain APMC,Cereals,Wheat,Other,FAQ,"2,078.00","2,078.00","2,078.00",Rs./Quintal,13-06-2022
Rajasthan,Jaipur,Chomu Grain APMC,Cereals,Wheat,Other,FAQ,"2,020.00","2,020.00","2,020.00",Rs./Quintal,11/6/2022
Rajasthan,Jaipur,Chomu Grain APMC,Cereals,Wheat,Other,FAQ,"2,075.00","2,075.00","2,075.00",Rs./Quintal,10/6/2022
Rajasthan,Jaipur,Chomu Grain APMC,Cereals,Wheat,Other,FAQ,"2,015.00","2,015.00","2,015.00",Rs./Quintal,9/6/2022
Rajasthan,Jaipur,Chomu Grain APMC,Cereals,Wheat,Other,FAQ,"2,060.00","2,060.00","2,060.00",Rs./Quintal,8/6/2022
Rajasthan,Jaipur,Chomu Grain APMC,Cereals,Wheat,Other,FAQ,"2,000.00","2,000.00","2,000.00",Rs./Quintal,31-05-2022
Rajasthan,Jaipur,Chomu Grain APMC,Cereals,Wheat,Other,FAQ,"1,890.00","1,890.00","1,890.00",Rs./Quintal,28-05-2022
Rajasthan,Jaipur,Chomu Grain APMC,Cereals,Wheat,Other,FAQ,"2,066.00","2,500.00","2,400.00",Rs./Quintal,27-05-2022
Rajasthan,Jaipur,Chomu Grain APMC,Cereals,Wheat,Other,FAQ,"2,115.00","2,115.00","2,115.00",Rs./Quintal,25-05-2022
Rajasthan,Jaipur,Chomu Grain APMC,Cereals,Wheat,Other,FAQ,"2,135.00","2,135.00","2,135.00",Rs./Quintal,24-05-2022
Rajasthan,Jaipur,Chomu Grain APMC,Cereals,Wheat,Other,FAQ,"2,151.00","2,151.00","2,151.00",Rs./Quintal,23-05-2022
Rajasthan,Jaipur,Chomu Grain APMC,Cereals,Wheat,Other,FAQ,"2,150.00","2,150.00","2,150.00",Rs./Quintal,21-05-2022
Rajasthan,Jaipur,Chomu Grain APMC,Cereals,Wheat,Other,FAQ,"2,100.00","2,100.00","2,100.00",Rs./Quintal,20-05-2022
Rajasthan,Jaipur,Chomu Grain APMC,Cereals,Wheat,Other,FAQ,"1,920.00","1,920.00","1,920.00",Rs./Quintal,18-05-2022
Rajasthan,Jaipur,Chomu Grain APMC,Cereals,Wheat,Other,FAQ,"2,230.00","2,230.00","2,230.00",Rs./Quintal,17-05-2022
Rajasthan,Jaipur,Chomu Grain APMC,Cereals,Wheat,Other,FAQ,"2,200.00","2,200.00","2,200.00",Rs./Quintal,16-05-2022
Rajasthan,Jaipur,Chomu Grain APMC,Cereals,Wheat,Other,FAQ,"2,190.00","2,190.00","2,190.00",Rs./Quintal,14-05-2022
Rajasthan,Jaipur,Chomu Grain APMC,Cereals,Wheat,Other,FAQ,"2,190.00","2,190.00","2,190.00",Rs./Quintal,13-05-2022
Rajasthan,Jaipur,Chomu Grain APMC,Cereals,Wheat,Other,FAQ,"2,240.00","2,240.00","2,240.00",Rs./Quintal,12/5/2022
Rajasthan,Jaipur,Chomu Grain APMC,Cereals,Wheat,Other,FAQ,"2,100.00","2,200.00","2,150.00",Rs./Quintal,11/5/2022
Rajasthan,Jaipur,Chomu Grain APMC,Cereals,Wheat,Other,FAQ,"2,150.00","2,150.00","2,150.00",Rs./Quintal,10/5/2022
Rajasthan,Jaipur,Chomu Grain APMC,Cereals,Wheat,Other,FAQ,"2,200.00","2,200.00","2,200.00",Rs./Quintal,9/5/2022
Rajasthan,Jaipur,Chomu Grain APMC,Cereals,Wheat,Other,FAQ,"2,100.00","2,100.00","2,100.00",Rs./Quintal,5/5/2022
Rajasthan,Jaipur,Chomu Grain APMC,Cereals,Wheat,Other,FAQ,"2,425.00","2,425.00","2,425.00",Rs./Quintal,3/5/2022
Rajasthan,Jaipur,Chomu Grain APMC,Cereals,Wheat,Other,FAQ,"2,100.00","2,100.00","2,100.00",Rs./Quintal,2/5/2022
Rajasthan,Jaipur,Chomu Grain APMC,Cereals,Wheat,Other,FAQ,"2,290.00","2,290.00","2,290.00",Rs./Quintal,30-04-2022
Rajasthan,Jaipur,Chomu Grain APMC,Cereals,Wheat,Other,FAQ,"2,280.00","2,280.00","2,280.00",Rs./Quintal,29-04-2022
Rajasthan,Jaipur,Chomu Grain APMC,Cereals,Wheat,Other,FAQ,"2,211.00","2,211.00","2,211.00",Rs./Quintal,28-04-2022
Rajasthan,Jaipur,Chomu Grain APMC,Cereals,Wheat,Other,FAQ,"2,285.00","2,285.00","2,285.00",Rs./Quintal,27-04-2022
Rajasthan,Jaipur,Chomu Grain APMC,Cereals,Wheat,Other,FAQ,"2,450.00","2,450.00","2,450.00",Rs./Quintal,26-04-2022
Rajasthan,Jaipur,Chomu Grain APMC,Cereals,Wheat,Other,FAQ,"2,075.00","2,075.00","2,075.00",Rs./Quintal,25-04-2022
Rajasthan,Jaipur,Chomu Grain APMC,Cereals,Wheat,Other,FAQ,"2,200.00","2,200.00","2,200.00",Rs./Quintal,23-04-2022
Rajasthan,Jaipur,Chomu Grain APMC,Cereals,Wheat,Other,FAQ,"2,280.00","2,280.00","2,280.00",Rs./Quintal,22-04-2022
Rajasthan,Jaipur,Chomu Grain APMC,Cereals,Wheat,Other,FAQ,"3,100.00","3,100.00","3,100.00",Rs./Quintal,20-04-2022
Rajasthan,Jaipur,Chomu Grain APMC,Cereals,Wheat,Other,FAQ,"2,200.00","2,200.00","2,200.00",Rs./Quintal,19-04-2022
Rajasthan,Jaipur,Chomu Grain APMC,Cereals,Wheat,Other,FAQ,"2,100.00","2,100.00","2,100.00",Rs./Quintal,18-04-2022
Rajasthan,Jaipur,Chomu Grain APMC,Cereals,Wheat,Other,FAQ,"1,911.00","1,911.00","1,911.00",Rs./Quintal,16-04-2022
Rajasthan,Jaipur,Chomu Grain APMC,Cereals,Wheat,Other,FAQ,"2,040.00","2,040.00","2,040.00",Rs./Quintal,14-04-2022
Rajasthan,Jaipur,Chomu Grain APMC,Cereals,Wheat,Other,FAQ,"2,100.00","2,100.00","2,100.00",Rs./Quintal,13-04-2022
Rajasthan,Jaipur,Chomu Grain APMC,Cereals,Wheat,Other,FAQ,"2,000.00","2,000.00","2,000.00",Rs./Quintal,12/4/2022
Rajasthan,Jaipur,Chomu Grain APMC,Cereals,Wheat,Other,FAQ,"2,001.00","2,001.00","2,001.00",Rs./Quintal,11/4/2022
Rajasthan,Jaipur,Chomu Grain APMC,Cereals,Wheat,Other,FAQ,"2,085.00","2,085.00","2,085.00",Rs./Quintal,8/4/2022
Rajasthan,Jaipur,Chomu Grain APMC,Cereals,Wheat,Other,FAQ,"2,030.00","2,030.00","2,030.00",Rs./Quintal,7/4/2022
Rajasthan,Jaipur,Chomu Grain APMC,Cereals,Wheat,Other,FAQ,"2,070.00","2,070.00","2,070.00",Rs./Quintal,30-03-2022
Rajasthan,Jaipur,Chomu Grain APMC,Cereals,Wheat,Other,FAQ,"2,225.00","2,225.00","2,225.00",Rs./Quintal,25-03-2022
Rajasthan,Jaipur,Chomu Grain APMC,Cereals,Wheat,Other,FAQ,"2,100.00","2,100.00","2,100.00",Rs./Quintal,24-03-2022
Rajasthan,Jaipur,Chomu Grain APMC,Cereals,Wheat,Other,FAQ,"2,220.00","2,220.00","2,220.00",Rs./Quintal,14-03-2022
Rajasthan,Jaipur,Chomu Grain APMC,Cereals,Wheat,Other,FAQ,"2,100.00","2,150.00","2,130.00",Rs./Quintal,10/3/2022
Rajasthan,Jaipur,Chomu Grain APMC,Cereals,Wheat,Other,FAQ,"2,248.00","2,248.00","2,248.00",Rs./Quintal,8/3/2022
Rajasthan,Jaipur,Chomu Grain APMC,Cereals,Wheat,Other,FAQ,"2,100.00","2,100.00","2,100.00",Rs./Quintal,5/3/2022
Rajasthan,Jaipur,Chomu Grain APMC,Cereals,Wheat,Other,FAQ,"2,000.00","2,000.00","2,000.00",Rs./Quintal,25-02-2022
Rajasthan,Jaipur,Chomu Grain APMC,Cereals,Wheat,Other,FAQ,"2,000.00","2,000.00","2,000.00",Rs./Quintal,17-02-2022
Rajasthan,Jaipur,Chomu Grain APMC,Cereals,Wheat,Other,FAQ,"2,135.00","2,135.00","2,135.00",Rs./Quintal,15-02-2022
Rajasthan,Jaipur,Chomu Grain APMC,Cereals,Wheat,Other,FAQ,"2,045.00","2,045.00","2,045.00",Rs./Quintal,14-02-2022
Rajasthan,Jaipur,Chomu Grain APMC,Cereals,Wheat,Other,FAQ,"2,070.00","2,070.00","2,070.00",Rs./Quintal,12/2/2022
Rajasthan,Jaipur,Chomu Grain APMC,Cereals,Wheat,Other,FAQ,"2,280.00","2,280.00","2,280.00",Rs./Quintal,11/2/2022
Rajasthan,Jaipur,Chomu Grain APMC,Cereals,Wheat,Other,FAQ,"1,800.00","1,800.00","1,800.00",Rs./Quintal,3/2/2022
Rajasthan,Jaipur,Chomu Grain APMC,Cereals,Wheat,Other,FAQ,"2,030.00","2,030.00","2,030.00",Rs./Quintal,31-01-2022
Rajasthan,Jaipur,Chomu Grain APMC,Cereals,Wheat,Other,FAQ,"2,000.00","2,000.00","2,000.00",Rs./Quintal,29-01-2022
Rajasthan,Jaipur,Chomu Grain APMC,Cereals,Wheat,Other,FAQ,"2,110.00","2,110.00","2,110.00",Rs./Quintal,22-01-2022
Rajasthan,Jaipur,Chomu Grain APMC,Cereals,Wheat,Other,FAQ,"2,050.00","2,050.00","2,050.00",Rs./Quintal,20-01-2022
Rajasthan,Jaipur,Chomu Grain APMC,Cereals,Wheat,Other,FAQ,"2,040.00","2,040.00","2,040.00",Rs./Quintal,19-01-2022
Rajasthan,Jaipur,Chomu Grain APMC,Cereals,Wheat,Other,FAQ,"2,075.00","2,075.00","2,075.00",Rs./Quintal,18-01-2022
Rajasthan,Jaipur,Chomu Grain APMC,Cereals,Wheat,Other,FAQ,"1,820.00","1,820.00","1,820.00",Rs./Quintal,11/1/2022
Rajasthan,Jaipur,Chomu Grain APMC,Cereals,Wheat,Other,FAQ,"2,100.00","2,100.00","2,100.00",Rs./Quintal,10/1/2022
Rajasthan,Jaipur,Chomu Grain APMC,Cereals,Wheat,Other,FAQ,"2,030.00","2,030.00","2,030.00",Rs./Quintal,4/1/2022
Rajasthan,Jaipur,Chomu Grain APMC,Cereals,Wheat,Other,FAQ,"2,000.00","2,000.00","2,000.00",Rs./Quintal,23-12-2021
Rajasthan,Jaipur,Chomu Grain APMC,Cereals,Wheat,Other,FAQ,"2,100.00","2,100.00","2,100.00",Rs./Quintal,21-12-2021
Rajasthan,Jaipur,Chomu Grain APMC,Cereals,Wheat,Other,FAQ,"2,000.00","2,000.00","2,000.00",Rs./Quintal,20-12-2021
Rajasthan,Jaipur,Chomu Grain APMC,Cereals,Wheat,Other,FAQ,"2,000.00","2,000.00","2,000.00",Rs./Quintal,18-12-2021
Rajasthan,Jaipur,Chomu Grain APMC,Cereals,Wheat,Other,FAQ,"2,050.00","2,050.00","2,050.00",Rs./Quintal,17-12-2021
Rajasthan,Jaipur,Chomu Grain APMC,Cereals,Wheat,Other,FAQ,"2,075.00","2,075.00","2,075.00",Rs./Quintal,11/12/2021
Rajasthan,Jaipur,Chomu Grain APMC,Cereals,Wheat,Other,FAQ,"2,100.00","2,100.00","2,100.00",Rs./Quintal,9/12/2021
Rajasthan,Jaipur,Chomu Grain APMC,Cereals,Wheat,Other,FAQ,"2,200.00","2,200.00","2,200.00",Rs./Quintal,7/12/2021
Rajasthan,Jaipur,Chomu Grain APMC,Cereals,Wheat,Other,FAQ,"2,200.00","2,200.00","2,200.00",Rs./Quintal,3/12/2021
Rajasthan,Jaipur,Chomu Grain APMC,Cereals,Wheat,Other,FAQ,"2,000.00","2,000.00","2,000.00",Rs./Quintal,30-11-2021
Rajasthan,Jaipur,Chomu Grain APMC,Cereals,Wheat,Other,FAQ,"2,000.00","2,000.00","2,000.00",Rs./Quintal,25-11-2021
Rajasthan,Jaipur,Chomu Grain APMC,Cereals,Wheat,Other,FAQ,"1,950.00","1,950.00","1,950.00",Rs./Quintal,23-11-2021
Rajasthan,Jaipur,Chomu Grain APMC,Cereals,Wheat,Other,FAQ,"2,100.00","2,100.00","2,100.00",Rs./Quintal,13-11-2021
Rajasthan,Jaipur,Chomu Grain APMC,Cereals,Wheat,Other,FAQ,"1,950.00","1,950.00","1,950.00",Rs./Quintal,12/11/2021
Rajasthan,Jaipur,Chomu Grain APMC,Cereals,Wheat,Other,FAQ,"2,080.00","2,080.00","2,080.00",Rs./Quintal,9/11/2021
Rajasthan,Jaipur,Chomu Grain APMC,Cereals,Wheat,Other,FAQ,"2,020.00","2,020.00","2,020.00",Rs./Quintal,8/11/2021
Rajasthan,Jaipur,Jaipur (Grain) APMC,Cereals,Wheat,1482,FAQ,"2,400.00","2,600.00","2,500.00",Rs./Quintal,16-08-2022
Rajasthan,Jaipur,Jaipur (Grain) APMC,Cereals,Wheat,1482,FAQ,"2,200.00","2,600.00","2,400.00",Rs./Quintal,1/8/2022
Rajasthan,Jaipur,Jaipur (Grain) APMC,Cereals,Wheat,1482,FAQ,"2,100.00","2,600.00","2,350.00",Rs./Quintal,29-07-2022
Rajasthan,Jaipur,Jaipur (Grain) APMC,Cereals,Wheat,1482,FAQ,"2,200.00","2,600.00","2,400.00",Rs./Quintal,27-07-2022
Rajasthan,Jaipur,Jaipur (Grain) APMC,Cereals,Wheat,1482,FAQ,"2,200.00","2,600.00","2,400.00",Rs./Quintal,26-07-2022
Rajasthan,Jaipur,Jaipur (Grain) APMC,Cereals,Wheat,1482,FAQ,"2,100.00","2,600.00","2,350.00",Rs./Quintal,25-07-2022
Rajasthan,Jaipur,Jaipur (Grain) APMC,Cereals,Wheat,1482,FAQ,"2,300.00","2,700.00","2,500.00",Rs./Quintal,22-06-2022
Rajasthan,Jaipur,Jaipur (Grain) APMC,Cereals,Wheat,1482,FAQ,"2,300.00","2,700.00","2,525.00",Rs./Quintal,21-06-2022
Rajasthan,Jaipur,Jaipur (Grain) APMC,Cereals,Wheat,1482,FAQ,"2,450.00","2,750.00","2,600.00",Rs./Quintal,30-05-2022
Rajasthan,Jaipur,Jaipur (Grain) APMC,Cereals,Wheat,1482,FAQ,"2,400.00","2,800.00","2,600.00",Rs./Quintal,2/5/2022
Rajasthan,Jaipur,Jaipur (Grain) APMC,Cereals,Wheat,1482,FAQ,"2,200.00","2,600.00","2,400.00",Rs./Quintal,27-04-2022
Rajasthan,Jaipur,Jaipur (Grain) APMC,Cereals,Wheat,1482,FAQ,"2,000.00","2,400.00","2,200.00",Rs./Quintal,26-04-2022
Rajasthan,Jaipur,Jaipur (Grain) APMC,Cereals,Wheat,1482,FAQ,"2,000.00","2,400.00","2,200.00",Rs./Quintal,25-04-2022
Rajasthan,Jaipur,Jaipur (Grain) APMC,Cereals,Wheat,1482,FAQ,"2,000.00","2,400.00","2,200.00",Rs./Quintal,18-04-2022
Rajasthan,Jaipur,Jaipur (Grain) APMC,Cereals,Wheat,1482,FAQ,"2,100.00","2,500.00","2,300.00",Rs./Quintal,28-03-2022
Rajasthan,Jaipur,Jaipur (Grain) APMC,Cereals,Wheat,1482,FAQ,"2,200.00","2,500.00","2,350.00",Rs./Quintal,23-03-2022
Rajasthan,Jaipur,Jaipur (Grain) APMC,Cereals,Wheat,1482,FAQ,"2,200.00","2,500.00","2,350.00",Rs./Quintal,22-03-2022
Rajasthan,Jaipur,Jaipur (Grain) APMC,Cereals,Wheat,1482,FAQ,"2,150.00","2,500.00","2,325.00",Rs./Quintal,21-03-2022
Rajasthan,Jaipur,Jaipur (Grain) APMC,Cereals,Wheat,1482,FAQ,"2,200.00","2,500.00","2,350.00",Rs./Quintal,14-03-2022
Rajasthan,Jaipur,Jaipur (Grain) APMC,Cereals,Wheat,1482,FAQ,"2,200.00","2,500.00","2,350.00",Rs./Quintal,11/3/2022
Rajasthan,Jaipur,Jaipur (Grain) APMC,Cereals,Wheat,1482,FAQ,"2,250.00","2,500.00","2,375.00",Rs./Quintal,8/3/2022
Rajasthan,Jaipur,Jaipur (Grain) APMC,Cereals,Wheat,1482,FAQ,"2,100.00","2,500.00","2,300.00",Rs./Quintal,7/3/2022
Rajasthan,Jaipur,Jaipur (Grain) APMC,Cereals,Wheat,1482,FAQ,"2,100.00","2,500.00","2,300.00",Rs./Quintal,3/3/2022
Rajasthan,Jaipur,Jaipur (Grain) APMC,Cereals,Wheat,1482,FAQ,"2,100.00","2,500.00","2,300.00",Rs./Quintal,2/3/2022
Rajasthan,Jaipur,Jaipur (Grain) APMC,Cereals,Wheat,1482,FAQ,"2,100.00","2,500.00","2,300.00",Rs./Quintal,28-02-2022
Rajasthan,Jaipur,Jaipur (Grain) APMC,Cereals,Wheat,1482,FAQ,"2,150.00","2,500.00","2,325.00",Rs./Quintal,25-02-2022
Rajasthan,Jaipur,Jaipur (Grain) APMC,Cereals,Wheat,1482,FAQ,"2,100.00","2,500.00","2,300.00",Rs./Quintal,24-02-2022
Rajasthan,Jaipur,Jaipur (Grain) APMC,Cereals,Wheat,1482,FAQ,"2,150.00","2,500.00","2,325.00",Rs./Quintal,23-02-2022
Rajasthan,Jaipur,Jaipur (Grain) APMC,Cereals,Wheat,1482,FAQ,"2,200.00","2,500.00","2,350.00",Rs./Quintal,22-02-2022
Rajasthan,Jaipur,Jaipur (Grain) APMC,Cereals,Wheat,1482,FAQ,"2,200.00","2,500.00","2,350.00",Rs./Quintal,21-02-2022
Rajasthan,Jaipur,Jaipur (Grain) APMC,Cereals,Wheat,1482,FAQ,"2,100.00","2,500.00","2,300.00",Rs./Quintal,15-02-2022
Rajasthan,Jaipur,Jaipur (Grain) APMC,Cereals,Wheat,1482,FAQ,"2,100.00","2,500.00","2,300.00",Rs./Quintal,14-02-2022
Rajasthan,Jaipur,Jaipur (Grain) APMC,Cereals,Wheat,1482,FAQ,"2,100.00","2,500.00","2,300.00",Rs./Quintal,4/2/2022
Rajasthan,Jaipur,Jaipur (Grain) APMC,Cereals,Wheat,1482,FAQ,"2,200.00","2,500.00","2,350.00",Rs./Quintal,3/2/2022
Rajasthan,Jaipur,Jaipur (Grain) APMC,Cereals,Wheat,1482,FAQ,"2,400.00","2,600.00","2,500.00",Rs./Quintal,2/2/2022
Rajasthan,Jaipur,Jaipur (Grain) APMC,Cereals,Wheat,1482,FAQ,"2,200.00","2,500.00","2,350.00",Rs./Quintal,1/2/2022
Rajasthan,Jaipur,Jaipur (Grain) APMC,Cereals,Wheat,1482,FAQ,"2,200.00","2,500.00","2,325.00",Rs./Quintal,27-01-2022
Rajasthan,Jaipur,Jaipur (Grain) APMC,Cereals,Wheat,1482,FAQ,"2,200.00","2,500.00","2,350.00",Rs./Quintal,25-01-2022
Rajasthan,Jaipur,Jaipur (Grain) APMC,Cereals,Wheat,1482,FAQ,"2,100.00","2,500.00","2,300.00",Rs./Quintal,19-01-2022
Rajasthan,Jaipur,Jaipur (Grain) APMC,Cereals,Wheat,1482,FAQ,"2,200.00","2,500.00","2,350.00",Rs./Quintal,11/1/2022
Rajasthan,Jaipur,Jaipur (Grain) APMC,Cereals,Wheat,1482,FAQ,"2,100.00","2,500.00","2,300.00",Rs./Quintal,7/1/2022
Rajasthan,Jaipur,Jaipur (Grain) APMC,Cereals,Wheat,1482,FAQ,"2,100.00","2,300.00","2,200.00",Rs./Quintal,6/1/2022
Rajasthan,Jaipur,Jaipur (Grain) APMC,Cereals,Wheat,1482,FAQ,"2,200.00","2,500.00","2,350.00",Rs./Quintal,5/1/2022
Rajasthan,Jaipur,Jaipur (Grain) APMC,Cereals,Wheat,1482,FAQ,"2,100.00","2,500.00","2,300.00",Rs./Quintal,3/1/2022
Rajasthan,Jaipur,Jaipur (Grain) APMC,Cereals,Wheat,Farmi,FAQ,0,0,"2,300.00",Rs./Quintal,15-12-2021
Rajasthan,Jaipur,Bagru APMC,Cereals,Wheat,Other,FAQ,"1,900.00","2,200.00","2,000.00",Rs./Quintal,28-09-2021
Rajasthan,Jaipur,Bagru APMC,Cereals,Wheat,Other,FAQ,"1,900.00","2,200.00","2,000.00",Rs./Quintal,27-09-2021
Rajasthan,Jaipur,Bagru APMC,Cereals,Wheat,Other,FAQ,"1,800.00","2,100.00","1,950.00",Rs./Quintal,17-09-2021
Rajasthan,Jaipur,Bagru APMC,Cereals,Wheat,Other,FAQ,"1,800.00","2,000.00","1,900.00",Rs./Quintal,13-09-2021
Rajasthan,Jaipur,Bagru APMC,Cereals,Wheat,Other,FAQ,"1,800.00","2,000.00","1,900.00",Rs./Quintal,9/9/2021
Rajasthan,Jaipur,Bagru APMC,Cereals,Wheat,Other,FAQ,"1,800.00","2,000.00","1,900.00",Rs./Quintal,6/9/2021
Rajasthan,Jaipur,Bagru APMC,Cereals,Wheat,Other,FAQ,"1,800.00","2,000.00","1,900.00",Rs./Quintal,3/9/2021
Rajasthan,Jaipur,Bagru APMC,Cereals,Wheat,Other,FAQ,"1,800.00","2,000.00","1,900.00",Rs./Quintal,27-08-2021
Rajasthan,Jaipur,Bagru APMC,Cereals,Wheat,Other,FAQ,"1,800.00","2,000.00","1,900.00",Rs./Quintal,24-08-2021
Rajasthan,Jaipur,Bagru APMC,Cereals,Wheat,Other,FAQ,"1,800.00","2,000.00","1,900.00",Rs./Quintal,16-08-2021
Rajasthan,Jaipur,Bagru APMC,Cereals,Wheat,Other,FAQ,"1,800.00","2,000.00","1,900.00",Rs./Quintal,10/8/2021
Rajasthan,Jaipur,Bagru APMC,Cereals,Wheat,Other,FAQ,"1,700.00","2,000.00","1,850.00",Rs./Quintal,5/8/2021
Rajasthan,Jaipur,Bagru APMC,Cereals,Wheat,Other,FAQ,"1,700.00","1,900.00","1,800.00",Rs./Quintal,27-07-2021
Rajasthan,Jaipur,Bagru APMC,Cereals,Wheat,Other,FAQ,"1,700.00","1,900.00","1,800.00",Rs./Quintal,15-07-2021
Rajasthan,Jaipur,Bagru APMC,Cereals,Wheat,Other,FAQ,"1,800.00","2,000.00","1,900.00",Rs./Quintal,6/7/2021
Rajasthan,Jaipur,Bagru APMC,Cereals,Wheat,Other,FAQ,"1,800.00","2,000.00","1,900.00",Rs./Quintal,5/7/2021
Rajasthan,Jaipur,Bagru APMC,Cereals,Wheat,Other,FAQ,"1,700.00","2,000.00","1,850.00",Rs./Quintal,15-06-2021
Rajasthan,Jaipur,Bagru APMC,Cereals,Wheat,Other,FAQ,"1,700.00","2,000.00","1,850.00",Rs./Quintal,14-06-2021
Rajasthan,Jaipur,Bagru APMC,Cereals,Wheat,Other,FAQ,"1,800.00","2,200.00","2,000.00",Rs./Quintal,20-04-2021
Rajasthan,Jaipur,Bagru APMC,Cereals,Wheat,Other,FAQ,"1,800.00","2,000.00","1,900.00",Rs./Quintal,16-04-2021
Rajasthan,Jaipur,Bagru APMC,Cereals,Wheat,Other,FAQ,"1,800.00","2,000.00","1,900.00",Rs./Quintal,15-04-2021
Rajasthan,Jaipur,Bagru APMC,Cereals,Wheat,Other,FAQ,"1,800.00","2,000.00","1,900.00",Rs./Quintal,12/4/2021
Rajasthan,Jaipur,Bagru APMC,Cereals,Wheat,Other,FAQ,"1,700.00","2,000.00","1,850.00",Rs./Quintal,9/4/2021
Rajasthan,Jaipur,Bagru APMC,Cereals,Wheat,Other,FAQ,"1,800.00","2,000.00","1,900.00",Rs./Quintal,6/4/2021
Rajasthan,Jaipur,Bagru APMC,Cereals,Wheat,Other,FAQ,"1,800.00","2,000.00","1,900.00",Rs./Quintal,5/4/2021
Rajasthan,Jaipur,Bagru APMC,Cereals,Wheat,Other,FAQ,"1,700.00","2,000.00","1,850.00",Rs./Quintal,31-03-2021
Rajasthan,Jaipur,Bagru APMC,Cereals,Wheat,Other,FAQ,"1,650.00","2,100.00","1,875.00",Rs./Quintal,26-03-2021
Rajasthan,Jaipur,Bagru APMC,Cereals,Wheat,Other,FAQ,"1,700.00","2,000.00","1,850.00",Rs./Quintal,25-03-2021
Rajasthan,Jaipur,Bagru APMC,Cereals,Wheat,Other,FAQ,"1,800.00","2,200.00","2,000.00",Rs./Quintal,15-03-2021
Rajasthan,Jaipur,Bagru APMC,Cereals,Wheat,Other,FAQ,"1,800.00","2,200.00","2,000.00",Rs./Quintal,12/3/2021
Rajasthan,Jaipur,Bagru APMC,Cereals,Wheat,Other,FAQ,"1,800.00","2,000.00","1,900.00",Rs./Quintal,9/3/2021
Rajasthan,Jaipur,Bagru APMC,Cereals,Wheat,Other,FAQ,"1,800.00","2,200.00","2,000.00",Rs./Quintal,8/3/2021
Rajasthan,Jaipur,Bagru APMC,Cereals,Wheat,Other,FAQ,"1,900.00","1,900.00","1,900.00",Rs./Quintal,5/3/2021
Rajasthan,Jaipur,Bagru APMC,Cereals,Wheat,Other,FAQ,"1,700.00","2,000.00","1,850.00",Rs./Quintal,4/3/2021
Rajasthan,Jaipur,Bagru APMC,Cereals,Wheat,Other,FAQ,"1,800.00","2,100.00","1,950.00",Rs./Quintal,2/3/2021
Rajasthan,Jaipur,Bagru APMC,Cereals,Wheat,Other,FAQ,"1,800.00","2,100.00","1,950.00",Rs./Quintal,23-02-2021
Rajasthan,Jaipur,Bagru APMC,Cereals,Wheat,Other,FAQ,"1,800.00","2,100.00","1,950.00",Rs./Quintal,22-02-2021
Rajasthan,Jaipur,Bagru APMC,Cereals,Wheat,Other,FAQ,"1,800.00","2,200.00","2,000.00",Rs./Quintal,15-02-2021
Rajasthan,Jaipur,Bagru APMC,Cereals,Wheat,Other,FAQ,"1,800.00","2,200.00","2,000.00",Rs./Quintal,11/2/2021
Rajasthan,Jaipur,Bagru APMC,Cereals,Wheat,Other,FAQ,"1,800.00","2,000.00","1,900.00",Rs./Quintal,9/2/2021
Rajasthan,Jaipur,Bagru APMC,Cereals,Wheat,Other,FAQ,"1,800.00","2,000.00","1,900.00",Rs./Quintal,8/2/2021
Rajasthan,Jaipur,Bagru APMC,Cereals,Wheat,Other,FAQ,"1,600.00","1,900.00","1,750.00",Rs./Quintal,29-01-2021
Rajasthan,Jaipur,Bagru APMC,Cereals,Wheat,Other,FAQ,"1,800.00","2,000.00","1,900.00",Rs./Quintal,25-01-2021
Rajasthan,Jaipur,Bagru APMC,Cereals,Wheat,Other,FAQ,"1,800.00","2,000.00","1,900.00",Rs./Quintal,21-01-2021
Rajasthan,Jaipur,Bagru APMC,Cereals,Wheat,Other,FAQ,"1,600.00","1,900.00","1,750.00",Rs./Quintal,12/1/2021
Rajasthan,Jaipur,Bagru APMC,Cereals,Wheat,Other,FAQ,"1,600.00","1,900.00","1,750.00",Rs./Quintal,11/1/2021
Rajasthan,Jaipur,Bagru APMC,Cereals,Wheat,Other,FAQ,"1,600.00","1,900.00","1,750.00",Rs./Quintal,7/1/2021
Rajasthan,Jaipur,Chaksu APMC,Cereals,Wheat,Other,FAQ,"1,900.00","1,990.00","1,970.00",Rs./Quintal,30-10-2021
Rajasthan,Jaipur,Chaksu APMC,Cereals,Wheat,Other,FAQ,"1,850.00","2,000.00","1,970.00",Rs./Quintal,29-10-2021
Rajasthan,Jaipur,Chaksu APMC,Cereals,Wheat,Other,FAQ,"1,840.00","1,991.00","1,960.00",Rs./Quintal,27-10-2021
Rajasthan,Jaipur,Chaksu APMC,Cereals,Wheat,Other,FAQ,"1,925.00","1,980.00","1,960.00",Rs./Quintal,26-10-2021
Rajasthan,Jaipur,Chaksu APMC,Cereals,Wheat,Other,FAQ,"1,900.00","2,011.00","1,980.00",Rs./Quintal,22-10-2021
Rajasthan,Jaipur,Chaksu APMC,Cereals,Wheat,Other,FAQ,"1,945.00","2,029.00","1,990.00",Rs./Quintal,21-10-2021
Rajasthan,Jaipur,Chaksu APMC,Cereals,Wheat,Other,FAQ,"1,975.00","2,030.00","2,010.00",Rs./Quintal,20-10-2021
Rajasthan,Jaipur,Chaksu APMC,Cereals,Wheat,Other,FAQ,"1,900.00","2,032.00","2,015.00",Rs./Quintal,19-10-2021
Rajasthan,Jaipur,Chaksu APMC,Cereals,Wheat,Other,FAQ,"1,700.00","2,063.00","2,030.00",Rs./Quintal,16-10-2021
Rajasthan,Jaipur,Chaksu APMC,Cereals,Wheat,Other,FAQ,"1,911.00","2,030.00","2,015.00",Rs./Quintal,14-10-2021
Rajasthan,Jaipur,Chaksu APMC,Cereals,Wheat,Other,FAQ,"1,800.00","2,023.00","1,990.00",Rs./Quintal,9/10/2021
Rajasthan,Jaipur,Chaksu APMC,Cereals,Wheat,Other,FAQ,"1,854.00","1,960.00","1,945.00",Rs./Quintal,8/10/2021
Rajasthan,Jaipur,Chaksu APMC,Cereals,Wheat,Other,FAQ,"1,800.00","1,901.00","1,880.00",Rs./Quintal,5/10/2021
Rajasthan,Jaipur,Chaksu APMC,Cereals,Wheat,Other,FAQ,"1,601.00","1,900.00","1,870.00",Rs./Quintal,4/10/2021
Rajasthan,Jaipur,Chaksu APMC,Cereals,Wheat,Other,FAQ,"1,750.00","1,918.00","1,885.00",Rs./Quintal,30-09-2021
Rajasthan,Jaipur,Chaksu APMC,Cereals,Wheat,Other,FAQ,"1,755.00","1,905.00","1,890.00",Rs./Quintal,29-09-2021
Rajasthan,Jaipur,Chaksu APMC,Cereals,Wheat,Other,FAQ,"1,850.00","1,910.00","1,900.00",Rs./Quintal,28-09-2021
Rajasthan,Jaipur,Chaksu APMC,Cereals,Wheat,Other,FAQ,"1,870.00","1,933.00","1,900.00",Rs./Quintal,27-09-2021
Rajasthan,Jaipur,Chaksu APMC,Cereals,Wheat,Other,FAQ,"1,881.00","1,916.00","1,900.00",Rs./Quintal,24-09-2021
Rajasthan,Jaipur,Chaksu APMC,Cereals,Wheat,Other,FAQ,"1,872.00","1,914.00","1,900.00",Rs./Quintal,23-09-2021
Rajasthan,Jaipur,Chaksu APMC,Cereals,Wheat,Other,FAQ,"1,880.00","1,920.00","1,910.00",Rs./Quintal,22-09-2021
Rajasthan,Jaipur,Chaksu APMC,Cereals,Wheat,Other,FAQ,"1,876.00","1,919.00","1,910.00",Rs./Quintal,21-09-2021
Rajasthan,Jaipur,Chaksu APMC,Cereals,Wheat,Other,FAQ,"1,811.00","1,925.00","1,875.00",Rs./Quintal,17-09-2021
Rajasthan,Jaipur,Chaksu APMC,Cereals,Wheat,Other,FAQ,"1,876.00","1,918.00","1,910.00",Rs./Quintal,16-09-2021
Rajasthan,Jaipur,Chaksu APMC,Cereals,Wheat,Other,FAQ,"1,651.00","1,934.00","1,910.00",Rs./Quintal,15-09-2021
Rajasthan,Jaipur,Chaksu APMC,Cereals,Wheat,Other,FAQ,"1,885.00","1,925.00","1,910.00",Rs./Quintal,14-09-2021
Rajasthan,Jaipur,Chaksu APMC,Cereals,Wheat,Other,FAQ,"1,873.00","1,921.00","1,900.00",Rs./Quintal,13-09-2021
Rajasthan,Jaipur,Chaksu APMC,Cereals,Wheat,Other,FAQ,"1,700.00","1,931.00","1,910.00",Rs./Quintal,11/9/2021
Rajasthan,Jaipur,Chaksu APMC,Cereals,Wheat,Other,FAQ,"1,800.00","1,925.00","1,900.00",Rs./Quintal,9/9/2021
Rajasthan,Jaipur,Chaksu APMC,Cereals,Wheat,Other,FAQ,"1,784.00","1,940.00","1,910.00",Rs./Quintal,8/9/2021
Rajasthan,Jaipur,Chaksu APMC,Cereals,Wheat,Other,FAQ,"1,870.00","1,931.00","1,910.00",Rs./Quintal,7/9/2021
Rajasthan,Jaipur,Chaksu APMC,Cereals,Wheat,Other,FAQ,"1,600.00","1,938.00","1,900.00",Rs./Quintal,6/9/2021
Rajasthan,Jaipur,Chaksu APMC,Cereals,Wheat,Other,FAQ,"1,880.00","1,925.00","1,910.00",Rs./Quintal,4/9/2021
Rajasthan,Jaipur,Chaksu APMC,Cereals,Wheat,Other,FAQ,"1,700.00","1,927.00","1,910.00",Rs./Quintal,3/9/2021
Rajasthan,Jaipur,Chaksu APMC,Cereals,Wheat,Other,FAQ,"1,850.00","1,928.00","1,900.00",Rs./Quintal,31-08-2021
Rajasthan,Jaipur,Chaksu APMC,Cereals,Wheat,Other,FAQ,"1,860.00","1,935.00","1,910.00",Rs./Quintal,28-08-2021
Rajasthan,Jaipur,Chaksu APMC,Cereals,Wheat,Other,FAQ,"1,725.00","1,881.00","1,875.00",Rs./Quintal,26-08-2021
Rajasthan,Jaipur,Chaksu APMC,Cereals,Wheat,Other,FAQ,"1,756.00","1,881.00","1,850.00",Rs./Quintal,25-08-2021
Rajasthan,Jaipur,Chaksu APMC,Cereals,Wheat,Other,FAQ,"1,750.00","1,831.00","1,810.00",Rs./Quintal,24-08-2021
Rajasthan,Jaipur,Chaksu APMC,Cereals,Wheat,Other,FAQ,"1,666.00","1,835.00","1,800.00",Rs./Quintal,23-08-2021
Rajasthan,Jaipur,Chaksu APMC,Cereals,Wheat,Other,FAQ,"1,741.00","1,826.00","1,800.00",Rs./Quintal,21-08-2021
Rajasthan,Jaipur,Chaksu APMC,Cereals,Wheat,Other,FAQ,"1,701.00","1,796.00","1,790.00",Rs./Quintal,20-08-2021
Rajasthan,Jaipur,Chaksu APMC,Cereals,Wheat,Other,FAQ,"1,741.00","1,825.00","1,785.00",Rs./Quintal,19-08-2021
Rajasthan,Jaipur,Chaksu APMC,Cereals,Wheat,Other,FAQ,"1,721.00","1,848.00","1,785.00",Rs./Quintal,17-08-2021
Rajasthan,Jaipur,Chaksu APMC,Cereals,Wheat,Other,FAQ,"1,725.00","1,801.00","1,775.00",Rs./Quintal,16-08-2021
Rajasthan,Jaipur,Chaksu APMC,Cereals,Wheat,Other,FAQ,"1,690.00","1,798.00","1,770.00",Rs./Quintal,14-08-2021
Rajasthan,Jaipur,Chaksu APMC,Cereals,Wheat,Other,FAQ,"1,720.00","1,800.00","1,775.00",Rs./Quintal,12/8/2021
Rajasthan,Jaipur,Chaksu APMC,Cereals,Wheat,Other,FAQ,"1,680.00","1,801.00","1,765.00",Rs./Quintal,11/8/2021
Rajasthan,Jaipur,Chaksu APMC,Cereals,Wheat,Other,FAQ,"1,700.00","1,800.00","1,775.00",Rs./Quintal,9/8/2021
Rajasthan,Jaipur,Chaksu APMC,Cereals,Wheat,Other,FAQ,"1,731.00","1,800.00","1,770.00",Rs./Quintal,7/8/2021
Rajasthan,Jaipur,Chaksu APMC,Cereals,Wheat,Other,FAQ,"1,741.00","1,797.00","1,790.00",Rs./Quintal,4/8/2021
Rajasthan,Jaipur,Chaksu APMC,Cereals,Wheat,Other,FAQ,"1,700.00","1,790.00","1,770.00",Rs./Quintal,3/8/2021
Rajasthan,Jaipur,Chaksu APMC,Cereals,Wheat,Other,FAQ,"1,780.00","1,790.00","1,790.00",Rs./Quintal,31-07-2021
Rajasthan,Jaipur,Chaksu APMC,Cereals,Wheat,Other,FAQ,"1,744.00","1,801.00","1,785.00",Rs./Quintal,30-07-2021
Rajasthan,Jaipur,Chaksu APMC,Cereals,Wheat,Other,FAQ,"1,700.00","1,819.00","1,790.00",Rs./Quintal,29-07-2021
Rajasthan,Jaipur,Chaksu APMC,Cereals,Wheat,Other,FAQ,"1,740.00","1,832.00","1,815.00",Rs./Quintal,28-07-2021
Rajasthan,Jaipur,Chaksu APMC,Cereals,Wheat,Other,FAQ,"1,762.00","1,805.00","1,795.00",Rs./Quintal,27-07-2021
Rajasthan,Jaipur,Chaksu APMC,Cereals,Wheat,Other,FAQ,"1,735.00","1,826.00","1,800.00",Rs./Quintal,26-07-2021
Rajasthan,Jaipur,Chaksu APMC,Cereals,Wheat,Other,FAQ,"1,735.00","1,846.00","1,800.00",Rs./Quintal,24-07-2021
Rajasthan,Jaipur,Chaksu APMC,Cereals,Wheat,Other,FAQ,"1,700.00","1,830.00","1,785.00",Rs./Quintal,23-07-2021
Rajasthan,Jaipur,Chaksu APMC,Cereals,Wheat,Other,FAQ,"1,760.00","1,836.00","1,790.00",Rs./Quintal,22-07-2021
Rajasthan,Jaipur,Chaksu APMC,Cereals,Wheat,Other,FAQ,"1,740.00","1,821.00","1,780.00",Rs./Quintal,21-07-2021
Rajasthan,Jaipur,Chaksu APMC,Cereals,Wheat,Other,FAQ,"1,745.00","1,777.00","1,770.00",Rs./Quintal,20-07-2021
Rajasthan,Jaipur,Chaksu APMC,Cereals,Wheat,Other,FAQ,"1,746.00","1,760.00","1,750.00",Rs./Quintal,19-07-2021
Rajasthan,Jaipur,Chaksu APMC,Cereals,Wheat,Other,FAQ,"1,700.00","1,800.00","1,760.00",Rs./Quintal,17-07-2021
Rajasthan,Jaipur,Chaksu APMC,Cereals,Wheat,Other,FAQ,"1,718.00","1,788.00","1,760.00",Rs./Quintal,15-07-2021
Rajasthan,Jaipur,Chaksu APMC,Cereals,Wheat,Other,FAQ,"1,450.00","1,794.00","1,760.00",Rs./Quintal,14-07-2021
Rajasthan,Jaipur,Chaksu APMC,Cereals,Wheat,Other,FAQ,"1,660.00","1,771.00","1,760.00",Rs./Quintal,13-07-2021
Rajasthan,Jaipur,Chaksu APMC,Cereals,Wheat,Other,FAQ,"1,695.00","1,785.00","1,750.00",Rs./Quintal,12/7/2021
Rajasthan,Jaipur,Chaksu APMC,Cereals,Wheat,Other,FAQ,"1,600.00","1,788.00","1,750.00",Rs./Quintal,10/7/2021
Rajasthan,Jaipur,Chaksu APMC,Cereals,Wheat,Other,FAQ,"1,670.00","1,800.00","1,760.00",Rs./Quintal,9/7/2021
Rajasthan,Jaipur,Chaksu APMC,Cereals,Wheat,Other,FAQ,"1,650.00","1,811.00","1,760.00",Rs./Quintal,8/7/2021
Rajasthan,Jaipur,Chaksu APMC,Cereals,Wheat,Other,FAQ,"1,696.00","1,766.00","1,750.00",Rs./Quintal,5/7/2021
Rajasthan,Jaipur,Chaksu APMC,Cereals,Wheat,Other,FAQ,"1,645.00","1,771.00","1,750.00",Rs./Quintal,3/7/2021
Rajasthan,Jaipur,Chaksu APMC,Cereals,Wheat,Other,FAQ,"1,675.00","1,755.00","1,735.00",Rs./Quintal,2/7/2021
Rajasthan,Jaipur,Chaksu APMC,Cereals,Wheat,Other,FAQ,"1,611.00","1,735.00","1,720.00",Rs./Quintal,30-06-2021
Rajasthan,Jaipur,Chaksu APMC,Cereals,Wheat,Other,FAQ,"1,650.00","1,777.00","1,730.00",Rs./Quintal,28-06-2021
Rajasthan,Jaipur,Chaksu APMC,Cereals,Wheat,Other,FAQ,"1,665.00","1,754.00","1,730.00",Rs./Quintal,26-06-2021
Rajasthan,Jaipur,Chaksu APMC,Cereals,Wheat,Other,FAQ,"1,625.00","1,766.00","1,740.00",Rs./Quintal,25-06-2021
Rajasthan,Jaipur,Chaksu APMC,Cereals,Wheat,Other,FAQ,"1,600.00","1,838.00","1,750.00",Rs./Quintal,24-06-2021
Rajasthan,Jaipur,Chaksu APMC,Cereals,Wheat,Other,FAQ,"1,425.00","1,801.00","1,750.00",Rs./Quintal,23-06-2021
Rajasthan,Jaipur,Chaksu APMC,Cereals,Wheat,Other,FAQ,"1,500.00","1,851.00","1,750.00",Rs./Quintal,22-06-2021
Rajasthan,Jaipur,Chaksu APMC,Cereals,Wheat,Other,FAQ,"1,575.00","1,824.00","1,725.00",Rs./Quintal,21-06-2021
Rajasthan,Jaipur,Chaksu APMC,Cereals,Wheat,Other,FAQ,"1,565.00","1,776.00","1,700.00",Rs./Quintal,19-06-2021
Rajasthan,Jaipur,Chaksu APMC,Cereals,Wheat,Other,FAQ,"1,600.00","1,795.00","1,680.00",Rs./Quintal,18-06-2021
Rajasthan,Jaipur,Chaksu APMC,Cereals,Wheat,Other,FAQ,"1,525.00","1,747.00","1,690.00",Rs./Quintal,17-06-2021
Rajasthan,Jaipur,Chaksu APMC,Cereals,Wheat,Other,FAQ,"1,635.00","1,740.00","1,710.00",Rs./Quintal,16-06-2021
Rajasthan,Jaipur,Chaksu APMC,Cereals,Wheat,Other,FAQ,"1,596.00","1,900.00","1,700.00",Rs./Quintal,15-06-2021
Rajasthan,Jaipur,Chaksu APMC,Cereals,Wheat,Other,FAQ,"1,614.00","1,764.00","1,700.00",Rs./Quintal,14-06-2021
Rajasthan,Jaipur,Chaksu APMC,Cereals,Wheat,Other,FAQ,"1,650.00","1,783.00","1,700.00",Rs./Quintal,12/6/2021
Rajasthan,Jaipur,Chaksu APMC,Cereals,Wheat,Other,FAQ,"1,611.00","1,798.00","1,685.00",Rs./Quintal,11/6/2021
Rajasthan,Jaipur,Chaksu APMC,Cereals,Wheat,Other,FAQ,"1,625.00","1,839.00","1,750.00",Rs./Quintal,8/6/2021
Rajasthan,Jaipur,Chaksu APMC,Cereals,Wheat,Other,FAQ,"1,631.00","1,835.00","1,735.00",Rs./Quintal,7/6/2021
Rajasthan,Jaipur,Chaksu APMC,Cereals,Wheat,Other,FAQ,"1,650.00","1,815.00","1,770.00",Rs./Quintal,4/6/2021
Rajasthan,Jaipur,Chaksu APMC,Cereals,Wheat,Other,FAQ,"1,697.00","1,808.00","1,770.00",Rs./Quintal,3/6/2021
Rajasthan,Jaipur,Chaksu APMC,Cereals,Wheat,Other,FAQ,"1,541.00","1,800.00","1,740.00",Rs./Quintal,2/6/2021
Rajasthan,Jaipur,Chaksu APMC,Cereals,Wheat,Other,FAQ,"1,550.00","1,785.00","1,740.00",Rs./Quintal,26-04-2021
Rajasthan,Jaipur,Chaksu APMC,Cereals,Wheat,Other,FAQ,"1,650.00","1,870.00","1,770.00",Rs./Quintal,23-04-2021
Rajasthan,Jaipur,Chaksu APMC,Cereals,Wheat,Other,FAQ,"1,650.00","1,872.00","1,790.00",Rs./Quintal,22-04-2021
Rajasthan,Jaipur,Chaksu APMC,Cereals,Wheat,Other,FAQ,"1,660.00","1,877.00","1,780.00",Rs./Quintal,20-04-2021
Rajasthan,Jaipur,Chaksu APMC,Cereals,Wheat,Other,FAQ,"1,625.00","1,813.00","1,780.00",Rs./Quintal,19-04-2021
Rajasthan,Jaipur,Chaksu APMC,Cereals,Wheat,Other,FAQ,"1,650.00","1,818.00","1,790.00",Rs./Quintal,16-04-2021
Rajasthan,Jaipur,Chaksu APMC,Cereals,Wheat,Other,FAQ,"1,700.00","1,867.00","1,825.00",Rs./Quintal,12/4/2021
Rajasthan,Jaipur,Chaksu APMC,Cereals,Wheat,Other,FAQ,"1,649.00","1,825.00","1,795.00",Rs./Quintal,10/4/2021
Rajasthan,Jaipur,Chaksu APMC,Cereals,Wheat,Other,FAQ,"1,650.00","1,831.00","1,780.00",Rs./Quintal,9/4/2021
Rajasthan,Jaipur,Chaksu APMC,Cereals,Wheat,Other,FAQ,"1,600.00","1,780.00","1,735.00",Rs./Quintal,8/4/2021
Rajasthan,Jaipur,Chaksu APMC,Cereals,Wheat,Other,FAQ,"1,650.00","1,761.00","1,725.00",Rs./Quintal,7/4/2021
Rajasthan,Jaipur,Chaksu APMC,Cereals,Wheat,Other,FAQ,"1,600.00","1,751.00","1,700.00",Rs./Quintal,6/4/2021
Rajasthan,Jaipur,Chaksu APMC,Cereals,Wheat,Other,FAQ,"1,625.00","1,737.00","1,690.00",Rs./Quintal,5/4/2021
Rajasthan,Jaipur,Chaksu APMC,Cereals,Wheat,Other,FAQ,"1,500.00","1,697.00","1,660.00",Rs./Quintal,1/4/2021
Rajasthan,Jaipur,Chaksu APMC,Cereals,Wheat,Other,FAQ,"1,600.00","1,671.00","1,665.00",Rs./Quintal,27-03-2021
Rajasthan,Jaipur,Chaksu APMC,Cereals,Wheat,Other,FAQ,"1,630.00","1,700.00","1,680.00",Rs./Quintal,24-03-2021
Rajasthan,Jaipur,Chaksu APMC,Cereals,Wheat,Other,FAQ,"1,625.00","1,686.00","1,670.00",Rs./Quintal,22-03-2021
Rajasthan,Jaipur,Chaksu APMC,Cereals,Wheat,Other,FAQ,"1,600.00","1,688.00","1,680.00",Rs./Quintal,20-03-2021
Rajasthan,Jaipur,Chaksu APMC,Cereals,Wheat,Other,FAQ,"1,400.00","1,690.00","1,680.00",Rs./Quintal,19-03-2021
Rajasthan,Jaipur,Chaksu APMC,Cereals,Wheat,Other,FAQ,"1,635.00","1,687.00","1,680.00",Rs./Quintal,17-03-2021
Rajasthan,Jaipur,Chaksu APMC,Cereals,Wheat,Other,FAQ,"1,640.00","1,690.00","1,680.00",Rs./Quintal,16-03-2021
Rajasthan,Jaipur,Chaksu APMC,Cereals,Wheat,Other,FAQ,"1,620.00","1,675.00","1,670.00",Rs./Quintal,15-03-2021
Rajasthan,Jaipur,Chaksu APMC,Cereals,Wheat,Other,FAQ,"1,570.00","1,650.00","1,640.00",Rs./Quintal,12/3/2021
Rajasthan,Jaipur,Chaksu APMC,Cereals,Wheat,Other,FAQ,"1,600.00","1,660.00","1,645.00",Rs./Quintal,10/3/2021
Rajasthan,Jaipur,Chaksu APMC,Cereals,Wheat,Other,FAQ,"1,571.00","1,662.00","1,650.00",Rs./Quintal,9/3/2021
Rajasthan,Jaipur,Chaksu APMC,Cereals,Wheat,Other,FAQ,"1,450.00","1,641.00","1,635.00",Rs./Quintal,6/3/2021
Rajasthan,Jaipur,Chaksu APMC,Cereals,Wheat,Other,FAQ,"1,550.00","1,638.00","1,630.00",Rs./Quintal,5/3/2021
Rajasthan,Jaipur,Chaksu APMC,Cereals,Wheat,Other,FAQ,"1,490.00","1,643.00","1,635.00",Rs./Quintal,4/3/2021
Rajasthan,Jaipur,Chaksu APMC,Cereals,Wheat,Other,FAQ,"1,610.00","1,645.00","1,640.00",Rs./Quintal,3/3/2021
Rajasthan,Jaipur,Chaksu APMC,Cereals,Wheat,Other,FAQ,"1,600.00","1,631.00","1,625.00",Rs./Quintal,2/3/2021
Rajasthan,Jaipur,Chaksu APMC,Cereals,Wheat,Other,FAQ,"1,500.00","1,660.00","1,630.00",Rs./Quintal,27-02-2021
Rajasthan,Jaipur,Chaksu APMC,Cereals,Wheat,Other,FAQ,"1,511.00","1,611.00","1,605.00",Rs./Quintal,26-02-2021
Rajasthan,Jaipur,Chaksu APMC,Cereals,Wheat,Other,FAQ,"1,575.00","1,615.00","1,611.00",Rs./Quintal,25-02-2021
Rajasthan,Jaipur,Chaksu APMC,Cereals,Wheat,Other,FAQ,"1,611.00","1,651.00","1,640.00",Rs./Quintal,24-02-2021
Rajasthan,Jaipur,Chaksu APMC,Cereals,Wheat,Other,FAQ,"1,575.00","1,651.00","1,630.00",Rs./Quintal,23-02-2021
Rajasthan,Jaipur,Chaksu APMC,Cereals,Wheat,Other,FAQ,"1,600.00","1,661.00","1,645.00",Rs./Quintal,20-02-2021
Rajasthan,Jaipur,Chaksu APMC,Cereals,Wheat,Other,FAQ,"1,610.00","1,650.00","1,650.00",Rs./Quintal,19-02-2021
Rajasthan,Jaipur,Chaksu APMC,Cereals,Wheat,Other,FAQ,"1,600.00","1,650.00","1,640.00",Rs./Quintal,18-02-2021
Rajasthan,Jaipur,Chaksu APMC,Cereals,Wheat,Other,FAQ,"1,600.00","1,641.00","1,630.00",Rs./Quintal,17-02-2021
Rajasthan,Jaipur,Chaksu APMC,Cereals,Wheat,Other,FAQ,"1,561.00","1,636.00","1,630.00",Rs./Quintal,15-02-2021
Rajasthan,Jaipur,Chaksu APMC,Cereals,Wheat,Other,FAQ,"1,535.00","1,636.00","1,635.00",Rs./Quintal,12/2/2021
Rajasthan,Jaipur,Chaksu APMC,Cereals,Wheat,Other,FAQ,"1,591.00","1,638.00","1,625.00",Rs./Quintal,11/2/2021
Rajasthan,Jaipur,Chaksu APMC,Cereals,Wheat,Other,FAQ,"1,525.00","1,671.00","1,670.00",Rs./Quintal,10/2/2021
Rajasthan,Jaipur,Chaksu APMC,Cereals,Wheat,Other,FAQ,"1,611.00","1,689.00","1,670.00",Rs./Quintal,9/2/2021
Rajasthan,Jaipur,Chaksu APMC,Cereals,Wheat,Other,FAQ,"1,600.00","1,684.00","1,675.00",Rs./Quintal,8/2/2021
Rajasthan,Jaipur,Chaksu APMC,Cereals,Wheat,Other,FAQ,"1,660.00","1,726.00","1,685.00",Rs./Quintal,6/2/2021
Rajasthan,Jaipur,Chaksu APMC,Cereals,Wheat,Other,FAQ,"1,651.00","1,677.00","1,670.00",Rs./Quintal,5/2/2021
Rajasthan,Jaipur,Chaksu APMC,Cereals,Wheat,Other,FAQ,"1,625.00","1,673.00","1,665.00",Rs./Quintal,4/2/2021
Rajasthan,Jaipur,Chaksu APMC,Cereals,Wheat,Other,FAQ,"1,625.00","1,678.00","1,660.00",Rs./Quintal,30-01-2021
Rajasthan,Jaipur,Chaksu APMC,Cereals,Wheat,Other,FAQ,"1,550.00","1,675.00","1,655.00",Rs./Quintal,29-01-2021
Rajasthan,Jaipur,Chaksu APMC,Cereals,Wheat,Other,FAQ,"1,500.00","1,674.00","1,670.00",Rs./Quintal,28-01-2021
Rajasthan,Jaipur,Chaksu APMC,Cereals,Wheat,Other,FAQ,"1,600.00","1,685.00","1,675.00",Rs./Quintal,27-01-2021
Rajasthan,Jaipur,Chaksu APMC,Cereals,Wheat,Other,FAQ,"1,698.00","1,721.00","1,715.00",Rs./Quintal,23-01-2021
Rajasthan,Jaipur,Chaksu APMC,Cereals,Wheat,Other,FAQ,"1,451.00","1,746.00","1,735.00",Rs./Quintal,22-01-2021
Rajasthan,Jaipur,Chaksu APMC,Cereals,Wheat,Other,FAQ,"1,740.00","1,785.00","1,770.00",Rs./Quintal,21-01-2021
Rajasthan,Jaipur,Chaksu APMC,Cereals,Wheat,Other,FAQ,"1,730.00","1,768.00","1,760.00",Rs./Quintal,20-01-2021
Rajasthan,Jaipur,Chaksu APMC,Cereals,Wheat,Other,FAQ,"1,751.00","1,770.00","1,760.00",Rs./Quintal,19-01-2021
Rajasthan,Jaipur,Chaksu APMC,Cereals,Wheat,Other,FAQ,"1,551.00","1,769.00","1,750.00",Rs./Quintal,18-01-2021
Rajasthan,Jaipur,Chaksu APMC,Cereals,Wheat,Other,FAQ,"1,621.00","1,747.00","1,720.00",Rs./Quintal,16-01-2021
Rajasthan,Jaipur,Chaksu APMC,Cereals,Wheat,Other,FAQ,"1,690.00","1,720.00","1,715.00",Rs./Quintal,13-01-2021
Rajasthan,Jaipur,Chaksu APMC,Cereals,Wheat,Other,FAQ,"1,660.00","1,721.00","1,700.00",Rs./Quintal,12/1/2021
Rajasthan,Jaipur,Chaksu APMC,Cereals,Wheat,Other,FAQ,"1,640.00","1,715.00","1,695.00",Rs./Quintal,11/1/2021
Rajasthan,Jaipur,Chaksu APMC,Cereals,Wheat,Other,FAQ,"1,600.00","1,722.00","1,705.00",Rs./Quintal,9/1/2021
Rajasthan,Jaipur,Chaksu APMC,Cereals,Wheat,Other,FAQ,"1,651.00","1,728.00","1,710.00",Rs./Quintal,8/1/2021
Rajasthan,Jaipur,Chaksu APMC,Cereals,Wheat,Other,FAQ,"1,695.00","1,715.00","1,713.00",Rs./Quintal,7/1/2021
Rajasthan,Jaipur,Chaksu APMC,Cereals,Wheat,Other,FAQ,"1,680.00","1,730.00","1,715.00",Rs./Quintal,6/1/2021
Rajasthan,Jaipur,Chaksu APMC,Cereals,Wheat,Other,FAQ,"1,590.00","1,679.00","1,670.00",Rs./Quintal,5/1/2021
Rajasthan,Jaipur,Chaksu APMC,Cereals,Wheat,Other,FAQ,"1,515.00","1,651.00","1,640.00",Rs./Quintal,4/1/2021
Rajasthan,Jaipur,Chaksu APMC,Cereals,Wheat,Other,FAQ,"1,520.00","1,590.00","1,585.00",Rs./Quintal,2/1/2021
Rajasthan,Jaipur,Chaksu APMC,Cereals,Wheat,Other,FAQ,"1,500.00","1,613.00","1,595.00",Rs./Quintal,1/1/2021
Rajasthan,Jaipur,Chomu Grain APMC,Cereals,Wheat,Other,FAQ,"2,021.00","2,021.00","2,021.00",Rs./Quintal,28-10-2021
Rajasthan,Jaipur,Chomu Grain APMC,Cereals,Wheat,Other,FAQ,"2,021.00","2,021.00","2,021.00",Rs./Quintal,22-10-2021
Rajasthan,Jaipur,Chomu Grain APMC,Cereals,Wheat,Other,FAQ,"2,000.00","2,000.00","2,000.00",Rs./Quintal,21-10-2021
Rajasthan,Jaipur,Chomu Grain APMC,Cereals,Wheat,Other,FAQ,"1,960.00","1,960.00","1,960.00",Rs./Quintal,18-10-2021
Rajasthan,Jaipur,Chomu Grain APMC,Cereals,Wheat,Other,FAQ,"1,900.00","1,900.00","1,900.00",Rs./Quintal,16-10-2021
Rajasthan,Jaipur,Chomu Grain APMC,Cereals,Wheat,Other,FAQ,"1,910.00","1,910.00","1,910.00",Rs./Quintal,14-10-2021
Rajasthan,Jaipur,Chomu Grain APMC,Cereals,Wheat,Other,FAQ,"2,020.00","2,020.00","2,020.00",Rs./Quintal,13-10-2021
Rajasthan,Jaipur,Chomu Grain APMC,Cereals,Wheat,Other,FAQ,"1,900.00","1,900.00","1,900.00",Rs./Quintal,11/10/2021
Rajasthan,Jaipur,Chomu Grain APMC,Cereals,Wheat,Other,FAQ,"1,850.00","1,850.00","1,850.00",Rs./Quintal,9/10/2021
Rajasthan,Jaipur,Chomu Grain APMC,Cereals,Wheat,Other,FAQ,"1,921.00","1,921.00","1,921.00",Rs./Quintal,7/10/2021
Rajasthan,Jaipur,Chomu Grain APMC,Cereals,Wheat,Other,FAQ,"1,900.00","1,900.00","1,900.00",Rs./Quintal,2/10/2021
Rajasthan,Jaipur,Chomu Grain APMC,Cereals,Wheat,Other,FAQ,"1,930.00","1,930.00","1,930.00",Rs./Quintal,1/10/2021
Rajasthan,Jaipur,Chomu Grain APMC,Cereals,Wheat,Other,FAQ,"1,335.00","1,335.00","1,335.00",Rs./Quintal,30-09-2021
Rajasthan,Jaipur,Chomu Grain APMC,Cereals,Wheat,Other,FAQ,"1,930.00","1,930.00","1,930.00",Rs./Quintal,29-09-2021
Rajasthan,Jaipur,Chomu Grain APMC,Cereals,Wheat,Other,FAQ,"1,908.00","1,908.00","1,908.00",Rs./Quintal,28-09-2021
Rajasthan,Jaipur,Chomu Grain APMC,Cereals,Wheat,Other,FAQ,"1,840.00","1,840.00","1,840.00",Rs./Quintal,24-09-2021
Rajasthan,Jaipur,Chomu Grain APMC,Cereals,Wheat,Other,FAQ,"1,925.00","1,925.00","1,925.00",Rs./Quintal,22-09-2021
Rajasthan,Jaipur,Chomu Grain APMC,Cereals,Wheat,Other,FAQ,"1,920.00","1,920.00","1,920.00",Rs./Quintal,21-09-2021
Rajasthan,Jaipur,Chomu Grain APMC,Cereals,Wheat,Other,FAQ,"1,926.00","1,926.00","1,926.00",Rs./Quintal,17-09-2021
Rajasthan,Jaipur,Chomu Grain APMC,Cereals,Wheat,Other,FAQ,"1,915.00","1,915.00","1,915.00",Rs./Quintal,16-09-2021
Rajasthan,Jaipur,Chomu Grain APMC,Cereals,Wheat,Other,FAQ,"1,923.00","1,923.00","1,923.00",Rs./Quintal,13-09-2021
Rajasthan,Jaipur,Chomu Grain APMC,Cereals,Wheat,Other,FAQ,"1,965.00","1,965.00","1,965.00",Rs./Quintal,10/9/2021
Rajasthan,Jaipur,Chomu Grain APMC,Cereals,Wheat,Other,FAQ,"1,850.00","1,900.00","1,880.00",Rs./Quintal,9/9/2021
Rajasthan,Jaipur,Chomu Grain APMC,Cereals,Wheat,Other,FAQ,"1,957.00","1,957.00","1,957.00",Rs./Quintal,7/9/2021
Rajasthan,Jaipur,Chomu Grain APMC,Cereals,Wheat,Other,FAQ,"1,900.00","1,900.00","1,900.00",Rs./Quintal,6/9/2021
Rajasthan,Jaipur,Chomu Grain APMC,Cereals,Wheat,Other,FAQ,"1,966.00","1,966.00","1,966.00",Rs./Quintal,4/9/2021
Rajasthan,Jaipur,Chomu Grain APMC,Cereals,Wheat,Other,FAQ,"1,890.00","1,890.00","1,890.00",Rs./Quintal,3/9/2021
Rajasthan,Jaipur,Chomu Grain APMC,Cereals,Wheat,Other,FAQ,"1,940.00","1,940.00","1,940.00",Rs./Quintal,1/9/2021
Rajasthan,Jaipur,Chomu Grain APMC,Cereals,Wheat,Other,FAQ,"1,830.00","1,830.00","1,830.00",Rs./Quintal,30-08-2021
Rajasthan,Jaipur,Chomu Grain APMC,Cereals,Wheat,Other,FAQ,"1,700.00","1,810.00","1,750.00",Rs./Quintal,28-08-2021
Rajasthan,Jaipur,Chomu Grain APMC,Cereals,Wheat,Other,FAQ,"1,830.00","1,830.00","1,830.00",Rs./Quintal,26-08-2021
Rajasthan,Jaipur,Chomu Grain APMC,Cereals,Wheat,Other,FAQ,"1,780.00","1,780.00","1,780.00",Rs./Quintal,23-08-2021
Rajasthan,Jaipur,Chomu Grain APMC,Cereals,Wheat,Other,FAQ,"1,730.00","1,730.00","1,730.00",Rs./Quintal,18-08-2021
Rajasthan,Jaipur,Chomu Grain APMC,Cereals,Wheat,Other,FAQ,"1,750.00","1,750.00","1,750.00",Rs./Quintal,17-08-2021
Rajasthan,Jaipur,Chomu Grain APMC,Cereals,Wheat,Other,FAQ,"1,900.00","1,900.00","1,900.00",Rs./Quintal,14-08-2021
Rajasthan,Jaipur,Chomu Grain APMC,Cereals,Wheat,Other,FAQ,"1,720.00","1,720.00","1,720.00",Rs./Quintal,12/8/2021
Rajasthan,Jaipur,Chomu Grain APMC,Cereals,Wheat,Other,FAQ,"1,705.00","1,705.00","1,705.00",Rs./Quintal,10/8/2021
Rajasthan,Jaipur,Chomu Grain APMC,Cereals,Wheat,Other,FAQ,"1,745.00","1,745.00","1,745.00",Rs./Quintal,9/8/2021
Rajasthan,Jaipur,Chomu Grain APMC,Cereals,Wheat,Other,FAQ,"1,760.00","1,760.00","1,760.00",Rs./Quintal,7/8/2021
Rajasthan,Jaipur,Chomu Grain APMC,Cereals,Wheat,Other,FAQ,"1,805.00","1,805.00","1,805.00",Rs./Quintal,4/8/2021
Rajasthan,Jaipur,Chomu Grain APMC,Cereals,Wheat,Other,FAQ,"1,810.00","1,810.00","1,810.00",Rs./Quintal,3/8/2021
Rajasthan,Jaipur,Chomu Grain APMC,Cereals,Wheat,Other,FAQ,"1,660.00","1,660.00","1,660.00",Rs./Quintal,28-07-2021
Rajasthan,Jaipur,Chomu Grain APMC,Cereals,Wheat,Other,FAQ,"1,775.00","1,775.00","1,775.00",Rs./Quintal,26-07-2021
Rajasthan,Jaipur,Chomu Grain APMC,Cereals,Wheat,Other,FAQ,"1,778.00","1,778.00","1,778.00",Rs./Quintal,24-07-2021
Rajasthan,Jaipur,Chomu Grain APMC,Cereals,Wheat,Other,FAQ,"1,820.00","1,820.00","1,820.00",Rs./Quintal,22-07-2021
Rajasthan,Jaipur,Chomu Grain APMC,Cereals,Wheat,Other,FAQ,"1,660.00","1,660.00","1,660.00",Rs./Quintal,20-07-2021
Rajasthan,Jaipur,Chomu Grain APMC,Cereals,Wheat,Other,FAQ,"1,750.00","1,750.00","1,750.00",Rs./Quintal,17-07-2021
Rajasthan,Jaipur,Chomu Grain APMC,Cereals,Wheat,Other,FAQ,"1,500.00","1,500.00","1,500.00",Rs./Quintal,13-07-2021
Rajasthan,Jaipur,Chomu Grain APMC,Cereals,Wheat,Other,FAQ,"1,690.00","1,690.00","1,690.00",Rs./Quintal,8/7/2021
Rajasthan,Jaipur,Chomu Grain APMC,Cereals,Wheat,Other,FAQ,"1,701.00","1,701.00","1,701.00",Rs./Quintal,5/7/2021
Rajasthan,Jaipur,Chomu Grain APMC,Cereals,Wheat,Other,FAQ,"1,800.00","1,800.00","1,800.00",Rs./Quintal,1/7/2021
Rajasthan,Jaipur,Chomu Grain APMC,Cereals,Wheat,Other,FAQ,"1,740.00","1,740.00","1,740.00",Rs./Quintal,24-06-2021
Rajasthan,Jaipur,Chomu Grain APMC,Cereals,Wheat,Other,FAQ,"1,725.00","1,725.00","1,725.00",Rs./Quintal,23-06-2021
Rajasthan,Jaipur,Chomu Grain APMC,Cereals,Wheat,Other,FAQ,"1,820.00","1,820.00","1,820.00",Rs./Quintal,22-06-2021
Rajasthan,Jaipur,Chomu Grain APMC,Cereals,Wheat,Other,FAQ,"1,700.00","1,700.00","1,700.00",Rs./Quintal,21-06-2021
Rajasthan,Jaipur,Chomu Grain APMC,Cereals,Wheat,Other,FAQ,"1,760.00","1,760.00","1,760.00",Rs./Quintal,15-06-2021
Rajasthan,Jaipur,Chomu Grain APMC,Cereals,Wheat,Other,FAQ,"1,740.00","1,740.00","1,740.00",Rs./Quintal,10/6/2021
Rajasthan,Jaipur,Chomu Grain APMC,Cereals,Wheat,Other,FAQ,"1,744.00","1,744.00","1,744.00",Rs./Quintal,8/6/2021
Rajasthan,Jaipur,Chomu Grain APMC,Cereals,Wheat,Other,FAQ,"1,850.00","1,850.00","1,850.00",Rs./Quintal,27-05-2021
Rajasthan,Jaipur,Chomu Grain APMC,Cereals,Wheat,Other,FAQ,"1,705.00","1,705.00","1,705.00",Rs./Quintal,18-05-2021
Rajasthan,Jaipur,Chomu Grain APMC,Cereals,Wheat,Other,FAQ,"1,740.00","1,740.00","1,740.00",Rs./Quintal,4/5/2021
Rajasthan,Jaipur,Chomu Grain APMC,Cereals,Wheat,Other,FAQ,"1,785.00","1,785.00","1,785.00",Rs./Quintal,22-04-2021
Rajasthan,Jaipur,Chomu Grain APMC,Cereals,Wheat,Other,FAQ,"1,755.00","1,755.00","1,755.00",Rs./Quintal,21-04-2021
Rajasthan,Jaipur,Chomu Grain APMC,Cereals,Wheat,Other,FAQ,"1,801.00","1,801.00","1,801.00",Rs./Quintal,20-04-2021
Rajasthan,Jaipur,Chomu Grain APMC,Cereals,Wheat,Other,FAQ,"1,818.00","1,818.00","1,818.00",Rs./Quintal,19-04-2021
Rajasthan,Jaipur,Chomu Grain APMC,Cereals,Wheat,Other,FAQ,"1,750.00","1,805.00","1,790.00",Rs./Quintal,16-04-2021
Rajasthan,Jaipur,Chomu Grain APMC,Cereals,Wheat,Other,FAQ,"1,750.00","1,860.00","1,800.00",Rs./Quintal,15-04-2021
Rajasthan,Jaipur,Chomu Grain APMC,Cereals,Wheat,Other,FAQ,"1,750.00","1,808.00","1,790.00",Rs./Quintal,13-04-2021
Rajasthan,Jaipur,Chomu Grain APMC,Cereals,Wheat,Other,FAQ,"1,815.00","1,815.00","1,815.00",Rs./Quintal,12/4/2021
Rajasthan,Jaipur,Chomu Grain APMC,Cereals,Wheat,Other,FAQ,"1,780.00","1,780.00","1,780.00",Rs./Quintal,10/4/2021
Rajasthan,Jaipur,Chomu Grain APMC,Cereals,Wheat,Other,FAQ,"1,710.00","1,710.00","1,710.00",Rs./Quintal,9/4/2021
Rajasthan,Jaipur,Chomu Grain APMC,Cereals,Wheat,Other,FAQ,"1,695.00","1,751.00","1,730.00",Rs./Quintal,8/4/2021
Rajasthan,Jaipur,Chomu Grain APMC,Cereals,Wheat,Other,FAQ,"1,600.00","1,750.00","1,700.00",Rs./Quintal,7/4/2021
Rajasthan,Jaipur,Chomu Grain APMC,Cereals,Wheat,Other,FAQ,"1,705.00","1,705.00","1,705.00",Rs./Quintal,6/4/2021
Rajasthan,Jaipur,Chomu Grain APMC,Cereals,Wheat,Other,FAQ,"1,730.00","1,753.00","1,740.00",Rs./Quintal,5/4/2021
Rajasthan,Jaipur,Chomu Grain APMC,Cereals,Wheat,Other,FAQ,"1,790.00","1,790.00","1,790.00",Rs./Quintal,30-03-2021
Rajasthan,Jaipur,Chomu Grain APMC,Cereals,Wheat,Other,FAQ,"1,710.00","1,710.00","1,710.00",Rs./Quintal,26-03-2021
Rajasthan,Jaipur,Chomu Grain APMC,Cereals,Wheat,Other,FAQ,"1,750.00","1,750.00","1,750.00",Rs./Quintal,24-03-2021
Rajasthan,Jaipur,Chomu Grain APMC,Cereals,Wheat,Other,FAQ,"1,726.00","1,726.00","1,726.00",Rs./Quintal,23-03-2021
Rajasthan,Jaipur,Chomu Grain APMC,Cereals,Wheat,Other,FAQ,"1,550.00","1,550.00","1,550.00",Rs./Quintal,20-03-2021
Rajasthan,Jaipur,Chomu Grain APMC,Cereals,Wheat,Other,FAQ,"1,730.00","1,730.00","1,730.00",Rs./Quintal,19-03-2021
Rajasthan,Jaipur,Chomu Grain APMC,Cereals,Wheat,Other,FAQ,"1,750.00","1,750.00","1,750.00",Rs./Quintal,18-03-2021
Rajasthan,Jaipur,Chomu Grain APMC,Cereals,Wheat,Other,FAQ,"1,725.00","1,725.00","1,725.00",Rs./Quintal,13-03-2021
Rajasthan,Jaipur,Chomu Grain APMC,Cereals,Wheat,Other,FAQ,"1,800.00","1,800.00","1,800.00",Rs./Quintal,12/3/2021
Rajasthan,Jaipur,Chomu Grain APMC,Cereals,Wheat,Other,FAQ,"1,725.00","1,725.00","1,725.00",Rs./Quintal,10/3/2021
Rajasthan,Jaipur,Chomu Grain APMC,Cereals,Wheat,Other,FAQ,"1,695.00","1,695.00","1,695.00",Rs./Quintal,9/3/2021
Rajasthan,Jaipur,Chomu Grain APMC,Cereals,Wheat,Other,FAQ,"1,674.00","1,674.00","1,674.00",Rs./Quintal,8/3/2021
Rajasthan,Jaipur,Chomu Grain APMC,Cereals,Wheat,Other,FAQ,"1,645.00","1,645.00","1,645.00",Rs./Quintal,6/3/2021
Rajasthan,Jaipur,Chomu Grain APMC,Cereals,Wheat,Other,FAQ,"1,710.00","1,710.00","1,710.00",Rs./Quintal,27-02-2021
Rajasthan,Jaipur,Chomu Grain APMC,Cereals,Wheat,Other,FAQ,"1,600.00","1,600.00","1,600.00",Rs./Quintal,26-02-2021
Rajasthan,Jaipur,Chomu Grain APMC,Cereals,Wheat,Other,FAQ,"1,738.00","1,738.00","1,738.00",Rs./Quintal,25-02-2021
Rajasthan,Jaipur,Chomu Grain APMC,Cereals,Wheat,Other,FAQ,"1,654.00","1,654.00","1,654.00",Rs./Quintal,24-02-2021
Rajasthan,Jaipur,Chomu Grain APMC,Cereals,Wheat,Other,FAQ,"1,735.00","1,735.00","1,735.00",Rs./Quintal,23-02-2021
Rajasthan,Jaipur,Chomu Grain APMC,Cereals,Wheat,Other,FAQ,"1,625.00","1,625.00","1,625.00",Rs./Quintal,18-02-2021
Rajasthan,Jaipur,Chomu Grain APMC,Cereals,Wheat,Other,FAQ,"1,655.00","1,655.00","1,655.00",Rs./Quintal,15-02-2021
Rajasthan,Jaipur,Chomu Grain APMC,Cereals,Wheat,Other,FAQ,"1,800.00","1,800.00","1,800.00",Rs./Quintal,11/2/2021
Rajasthan,Jaipur,Chomu Grain APMC,Cereals,Wheat,Other,FAQ,"1,750.00","1,750.00","1,750.00",Rs./Quintal,9/2/2021
Rajasthan,Jaipur,Chomu Grain APMC,Cereals,Wheat,Other,FAQ,"1,728.00","1,728.00","1,728.00",Rs./Quintal,5/2/2021
Rajasthan,Jaipur,Chomu Grain APMC,Cereals,Wheat,Other,FAQ,"1,700.00","1,755.00","1,730.00",Rs./Quintal,3/2/2021
Rajasthan,Jaipur,Chomu Grain APMC,Cereals,Wheat,Other,FAQ,"1,800.00","1,800.00","1,800.00",Rs./Quintal,1/2/2021
Rajasthan,Jaipur,Chomu Grain APMC,Cereals,Wheat,Other,FAQ,"1,710.00","1,710.00","1,710.00",Rs./Quintal,30-01-2021
Rajasthan,Jaipur,Chomu Grain APMC,Cereals,Wheat,Other,FAQ,"1,800.00","1,800.00","1,800.00",Rs./Quintal,29-01-2021
Rajasthan,Jaipur,Chomu Grain APMC,Cereals,Wheat,Other,FAQ,"1,700.00","1,840.00","1,800.00",Rs./Quintal,28-01-2021
Rajasthan,Jaipur,Chomu Grain APMC,Cereals,Wheat,Other,FAQ,"1,700.00","1,900.00","1,800.00",Rs./Quintal,27-01-2021
Rajasthan,Jaipur,Chomu Grain APMC,Cereals,Wheat,Other,FAQ,"1,850.00","1,850.00","1,850.00",Rs./Quintal,25-01-2021
Rajasthan,Jaipur,Chomu Grain APMC,Cereals,Wheat,Other,FAQ,"1,950.00","1,950.00","1,950.00",Rs./Quintal,23-01-2021
Rajasthan,Jaipur,Chomu Grain APMC,Cereals,Wheat,Other,FAQ,"1,780.00","1,780.00","1,780.00",Rs./Quintal,22-01-2021
Rajasthan,Jaipur,Chomu Grain APMC,Cereals,Wheat,Other,FAQ,"1,800.00","1,800.00","1,800.00",Rs./Quintal,21-01-2021
Rajasthan,Jaipur,Chomu Grain APMC,Cereals,Wheat,Other,FAQ,"1,775.00","1,775.00","1,775.00",Rs./Quintal,20-01-2021
Rajasthan,Jaipur,Chomu Grain APMC,Cereals,Wheat,Other,FAQ,"1,800.00","1,800.00","1,800.00",Rs./Quintal,19-01-2021
Rajasthan,Jaipur,Chomu Grain APMC,Cereals,Wheat,Other,FAQ,"1,790.00","1,790.00","1,790.00",Rs./Quintal,18-01-2021
Rajasthan,Jaipur,Chomu Grain APMC,Cereals,Wheat,Other,FAQ,"1,839.00","1,839.00","1,839.00",Rs./Quintal,15-01-2021
Rajasthan,Jaipur,Chomu Grain APMC,Cereals,Wheat,Other,FAQ,"1,807.00","1,807.00","1,807.00",Rs./Quintal,11/1/2021
Rajasthan,Jaipur,Chomu Grain APMC,Cereals,Wheat,Other,FAQ,"1,800.00","1,800.00","1,800.00",Rs./Quintal,8/1/2021
Rajasthan,Jaipur,Chomu Grain APMC,Cereals,Wheat,Other,FAQ,"1,790.00","1,790.00","1,790.00",Rs./Quintal,7/1/2021
Rajasthan,Jaipur,Chomu Grain APMC,Cereals,Wheat,Other,FAQ,"1,700.00","1,700.00","1,700.00",Rs./Quintal,6/1/2021
Rajasthan,Jaipur,Jaipur (Grain) APMC,Cereals,Wheat,Farmi,FAQ,0,0,"2,150.00",Rs./Quintal,11/8/2021
Rajasthan,Jaipur,Jaipur (Grain) APMC,Cereals,Wheat,Farmi,FAQ,0,0,"2,050.00",Rs./Quintal,7/4/2021
